-2.3602595,0.03840495,1.8202026,-0.5443781,-0.04355293,0.08798282,-0.2438116,-0.034272224,-0.11658089,0.35659245,0.042229056,0.0055222525,0.7864791,0.011135436,-0.12426213,1.0483634,0.03517234,0.083175205,0.020330314,0.025828611,-0.0022218423,-0.017980983,0.13454574,-0.117213115,-0.10672149,-0.13392533,0.110871226,0.07576367,0.026860539,0.0020057904,-0.2774707,0.101893574,0.27453342,-0.27552962,-0.055554226,-0.21043785,-0.105656944,0.051971238,0.010487501,0.060433526,0.07269191,-0.29590848,0.0507888,0.031618662,0.26037434,0.104869895,0.037333008,-0.0396715,0.23064044,-0.1225514,-0.942895,0.26938647,0.25175136,0.92436475,0.27447307,-1.657881,0.46410218,0.27990323,1.6748908,-0.4181545,-0.09979083,-0.13534844,0.16885309,-0.05694435,0.1518296,-0.16167088,0.0,0.0,0.0,0.0,0.0,0.0
-2.3731048,0.06917078,1.8732255,-0.4481666,-0.04290467,0.057052396,-0.24048585,-0.022218235,-0.08017474,0.31671417,0.030746633,0.006549906,0.78839433,0.010031389,-0.119662024,1.1574283,0.014013872,0.09450805,0.01480644,0.024806635,-0.000957487,-0.022243306,0.13605894,-0.09262568,-0.11120972,-0.13357727,0.094338425,0.07076143,0.021938704,-0.00012537875,-0.29098368,0.10455514,0.24455705,-0.28074083,-0.05002356,-0.19253394,-0.12579015,0.05351516,0.011245835,0.05536592,0.06208605,-0.30906534,0.04270468,0.033799842,0.26947266,0.11826655,0.037967987,-0.0463843,0.21958382,-0.16305707,-0.9727269,0.26570553,0.27631873,0.953011,0.25929853,-1.6161451,0.47135812,0.2603662,1.6321841,-0.42757857,-0.098232605,-0.124208346,0.15585971,-0.05677681,0.13897695,-0.14368635,0.0,0.0,0.0,0.0,0.0,0.0
-2.4792926,0.06535566,1.7490907,-0.40397826,-0.025287248,0.07572265,-0.42480513,-0.0054785833,-0.1439987,0.3859736,0.0020957948,0.020670094,0.8069619,-0.010187664,-0.1254433,1.4366286,0.012727366,0.1278481,0.02848804,0.02476626,0.017644586,-0.07693345,0.12170923,-0.05681633,-0.11617047,-0.11787713,0.10139881,0.05313171,0.008240453,0.010511557,-0.29444426,0.13416447,0.21580571,-0.30488315,-0.059200432,-0.19624026,-0.08258903,0.038835037,0.021270007,0.036769353,-0.007108607,-0.32393235,0.03836208,0.08196274,0.29186383,0.15059125,0.027712407,-0.029901113,0.16423467,-0.25717494,-0.9686848,0.25649077,0.29770175,0.9586197,0.20836408,-1.5927942,0.48864406,0.25508213,1.4980961,-0.37837934,-0.09534812,-0.09102204,0.18347932,-0.04569581,0.1020179,-0.14384407,0.0,0.0,0.0,0.0,0.0,0.0
-2.4662464,0.018119808,1.6993461,-0.31822544,0.010648075,0.141018,-0.47094223,-0.0036145633,-0.22302312,0.35865796,-0.013595866,0.021574091,0.7055037,-0.033411086,-0.11594576,1.4502391,0.0346408,0.120857075,0.042385302,0.01314568,0.023706632,-0.10586698,0.11495575,-0.066485345,-0.11827929,-0.11665954,0.13290359,0.049178325,-0.00968353,0.012152418,-0.2900727,0.15038434,0.22642705,-0.31412035,-0.055707518,-0.22663409,-0.06916475,0.047548976,0.025868574,0.037770137,-0.039090995,-0.31582883,0.0479521,0.073952675,0.28051218,0.14940003,0.03923772,-0.023329131,0.14790088,-0.2858337,-0.93210274,0.30167788,0.25780988,0.9486673,0.23266497,-1.592061,0.4536117,0.31252113,1.5646652,-0.35383666,-0.08969638,-0.09442915,0.17131074,-0.054446045,0.11488719,-0.12597002,0.0,0.0,0.0,0.0,0.0,0.0
-2.416607,-0.0017465103,1.7479696,-0.3212802,0.01103171,0.14643317,-0.5891267,0.005742725,-0.22699936,0.3751355,-0.021233816,0.023553306,0.8011183,-0.036607742,-0.12001985,1.5266109,0.007872432,0.14807998,0.03592451,0.016959744,0.031112313,-0.109341934,0.12298966,-0.060072128,-0.109594285,-0.12113214,0.12864543,0.053888366,-0.013353119,0.018194564,-0.30210155,0.145295,0.2188372,-0.3154934,-0.059185002,-0.23149627,-0.056873977,0.05488066,0.023338446,0.034885027,-0.07340434,-0.27039233,0.04841745,0.10303661,0.25943732,0.16009696,0.033116356,-0.019092424,0.13771853,-0.33415765,-0.92041194,0.30550516,0.29584226,0.9672612,0.2495319,-1.6113019,0.44791278,0.33807474,1.5373256,-0.33750907,-0.06797299,-0.09274841,0.18077256,-0.038160693,0.10656166,-0.12598512,0.0,0.0,0.0,0.0,0.0,0.0
-2.2002838,-0.043544453,2.0746703,-0.68681616,-0.086806506,0.08653739,-0.3739477,0.015642375,-0.06818541,0.45689532,0.024141714,0.008585537,1.52871,0.011767387,-0.18829377,0.71160614,-0.00803914,0.06729187,-0.0011556518,0.008093297,0.011185839,-0.082688816,0.11430596,-0.076870345,-0.0879668,-0.119795956,0.051232617,0.063243605,0.01348672,0.016652996,-0.31906298,0.113626316,0.18030667,-0.23856364,-0.102704726,-0.19971678,-0.07854966,0.044160746,-0.0060401727,-0.0019133914,-0.089440264,-0.23568106,0.009845709,0.15875062,0.23736338,0.16906711,0.043677583,-0.024198938,0.10557129,-0.36128157,-0.94545525,0.18334228,0.39049435,0.94508094,0.11512475,-1.7423241,0.6077995,0.18523523,1.598137,-0.4993291,-0.107209384,-0.11428424,0.23818302,-0.06772812,0.104013205,-0.20420061,0.0,0.0,0.0,0.0,0.0,0.0
-2.1808898,0.002785672,2.1175086,-0.797077,-0.112232246,0.06678025,-0.3062612,0.0040371446,-0.065937355,0.46472174,0.048000455,0.0079165,1.5281799,0.025719825,-0.20214522,0.71370167,-0.0024014625,0.065018214,-0.00019520326,0.023330545,0.0005421009,-0.06403242,0.12383276,-0.08316198,-0.099810615,-0.1282901,0.041950174,0.054670535,0.037773795,0.012422642,-0.30459613,0.103018664,0.19353144,-0.22632867,-0.0807972,-0.18372835,-0.09072546,0.04732948,-0.02057999,-0.034368888,-0.16594458,-0.20036632,0.0113327615,0.26757762,0.22227041,0.15554807,0.03399136,-0.018253513,0.07520605,-0.4224738,-0.8782467,0.1672931,0.4419699,0.8844607,0.101799645,-1.7446492,0.60572517,0.2363913,1.3532089,-0.35994732,-0.08565427,-0.12357068,0.24139865,-0.021949176,0.093326755,-0.17508133,0.0,0.0,0.0,0.0,0.0,0.0
-2.4303865,0.066752255,1.7534479,-0.116538145,0.024030184,0.1928574,-0.97942704,0.08050164,-0.2006774,0.41241395,-0.08572317,0.0291296,0.71256745,-0.12614615,-0.068475075,1.418209,-0.08015143,0.17876194,0.014571293,0.020281488,0.035110172,-0.0819777,0.119548835,-0.08264992,-0.052762765,-0.11157374,0.1660283,0.035567366,-0.04712587,0.025282819,-0.3115327,0.14081994,0.2011277,-0.2540986,-0.07238,-0.29072112,-0.11583323,0.0654932,0.0015464671,-0.00396456,-0.18272787,-0.21309032,0.002633,0.13239413,0.2394287,0.121620275,0.02485496,-0.024913454,0.05010359,-0.5271932,-0.8771432,0.19771542,0.30123806,0.97839385,0.13666311,-1.7288175,0.57565665,0.15416719,1.4708588,-0.46315813,-0.09476082,-0.11251962,0.24970372,-0.06686584,0.0940624,-0.17281663,0.0,0.0,0.0,0.0,0.0,0.0
-2.3477118,0.112068415,1.9334267,-0.2617197,0.0053083305,0.21476236,-0.81743664,0.0371449,-0.18533027,0.41782743,-0.06356803,0.023793332,0.9734391,-0.09660493,-0.08643763,1.0541807,-0.08107403,0.13216123,0.017104572,0.011451971,0.018452456,-0.06454372,0.11458388,-0.11008949,-0.03791748,-0.11279569,0.14496385,0.04478941,-0.031186294,0.019012056,-0.31549692,0.13841769,0.21066676,-0.23768884,-0.102934286,-0.28454566,-0.06634334,0.05246248,-0.0054572863,0.0002518894,-0.17755091,-0.2117524,-0.0029924747,0.16166654,0.19794667,0.17033778,0.0340953,-0.024925185,0.06401256,-0.50768745,-0.9339336,0.17769374,0.40482906,0.97244763,0.11503626,-1.6957171,0.584273,0.14716156,1.6262177,-0.52981055,-0.11258414,-0.10934094,0.24627125,-0.08978751,0.106127754,-0.20448351,0.0,0.0,0.0,0.0,0.0,0.0
-2.3729348,0.053025223,1.8716078,0.10459291,0.09880412,0.20903257,-0.9618929,0.09402599,-0.22106668,0.3394602,-0.14202748,0.04033139,0.5260935,-0.19423865,-0.055564765,1.1236641,-0.095368,0.14478107,0.028093657,0.012666243,0.042776335,-0.09030505,0.115274504,-0.100383475,-0.016925266,-0.10728122,0.2103719,0.029395143,-0.07577066,0.02929781,-0.29167622,0.14397225,0.19059591,-0.21886356,-0.08857266,-0.34531012,-0.051842026,0.032765146,0.004918959,0.017200762,-0.14843017,-0.22549205,-0.008551107,0.051926184,0.2152361,0.17026126,0.024602696,-0.020728357,0.069839776,-0.55244577,-0.9389891,0.18780085,0.24109454,1.0022978,0.14273554,-1.7631434,0.5805339,0.10130007,1.6101907,-0.5438301,-0.1486169,-0.120571196,0.23673044,-0.12036373,0.106981136,-0.17174165,0.0,0.0,0.0,0.0,0.0,0.0
-2.2893608,0.09154462,1.9533614,0.15470219,0.10728132,0.20628741,-0.87980056,0.07057142,-0.17209771,0.30029106,-0.14404114,0.026855253,0.43148607,-0.2073555,-0.048120156,0.90724504,-0.09412355,0.12312712,0.018311867,0.0017407602,0.031082662,-0.06537233,0.13117102,-0.1263031,-0.012770844,-0.13447621,0.21847382,0.02842446,-0.08485519,0.021438668,-0.2614201,0.11583646,0.19501236,-0.16562496,-0.058545988,-0.35256913,-0.09198161,0.019000664,0.0021813859,0.020425383,-0.136462,-0.2615213,-0.028309684,0.02745002,0.23358387,0.15313518,0.0130121615,-0.02331705,0.10196477,-0.52435803,-0.8704123,0.15483175,0.15263611,0.88648206,0.15424971,-1.7468679,0.5270287,0.04327381,1.5579513,-0.51265883,-0.14135593,-0.13916694,0.19148313,-0.10620175,0.118768446,-0.14297688,0.0,0.0,0.0,0.0,0.0,0.0
-2.3002288,0.08955737,1.9243418,0.13544808,0.12740992,0.22469321,-0.8071817,0.05306376,-0.1572632,0.29524148,-0.14583331,0.016184265,0.40663058,-0.20312929,-0.048234254,0.76563835,-0.07354988,0.107710786,0.007999095,-0.013506052,0.023757493,-0.04597838,0.1456317,-0.14499943,-0.004781697,-0.14549118,0.22595142,0.039815497,-0.097013846,0.019305648,-0.25516114,0.09839965,0.20198429,-0.15219004,-0.05645002,-0.3668642,-0.06346611,0.016851736,-0.007484045,0.023621438,-0.07640547,-0.24959026,-0.027258245,-0.0654633,0.21557257,0.1484924,0.027929483,-0.015224204,0.09085274,-0.49623057,-0.86364686,0.12162654,0.010251213,0.85647994,0.143273,-1.7374432,0.5218455,-0.0031711338,1.4796524,-0.5133852,-0.1502837,-0.13494512,0.17967966,-0.1124264,0.10736096,-0.12368186,0.0,0.0,0.0,0.0,0.0,0.0
-2.3630378,0.07918439,1.8750354,0.12554242,0.12769438,0.21754326,-0.75116915,0.040668134,-0.1784056,0.2710445,-0.13785812,0.02161098,0.43079343,-0.19636771,-0.049677275,0.68608546,-0.066677414,0.09793171,0.01340433,-0.007901733,0.035569493,-0.044597425,0.14404517,-0.14793992,0.00853925,-0.14233765,0.22664315,0.048580516,-0.088584326,0.027756417,-0.25503805,0.10160211,0.20666026,-0.16506042,-0.06661128,-0.36604783,-0.028896892,0.02862366,-0.0035449034,0.02827065,-0.043507904,-0.21668899,-0.011190415,-0.07403313,0.21186714,0.16852476,0.026704958,-0.01648221,0.08052245,-0.46783566,-0.8778583,0.16471332,0.055260833,0.92248124,0.13791208,-1.7328485,0.5272325,0.05805849,1.544978,-0.510924,-0.14897384,-0.12975512,0.17922474,-0.12802976,0.10866425,-0.12331773,0.0,0.0,0.0,0.0,0.0,0.0
-2.3099904,0.04951579,1.9274304,0.14922155,0.11210952,0.18384938,-0.70236033,0.018513748,-0.13783772,0.2656889,-0.13510045,0.027034376,0.44711325,-0.19045338,-0.044203095,0.5066063,-0.085343584,0.07702602,0.017473456,0.0030045859,0.03165108,-0.041173175,0.14288212,-0.14549471,0.03187847,-0.14529088,0.21302015,0.05187446,-0.0768939,0.031895276,-0.24779594,0.09123275,0.18609893,-0.14131689,-0.074664794,-0.35032898,-0.01960292,0.008830233,-0.0025289124,0.0371267,-0.033340927,-0.21909808,-0.016515173,-0.048434854,0.20470187,0.17312063,0.018815372,-0.010765835,0.11362238,-0.4623856,-0.9311744,0.14973463,0.11056515,0.9339009,0.15698007,-1.707841,0.5089288,0.05499491,1.4491591,-0.47650138,-0.170512,-0.13345015,0.17213786,-0.11990135,0.10404795,-0.12001172,0.0,0.0,0.0,0.0,0.0,0.0
-2.3002517,0.034304634,1.9452047,0.16066326,0.113181666,0.16181922,-0.6591917,0.010014847,-0.1117311,0.25978184,-0.13695858,0.028459799,0.4689928,-0.16718529,-0.045461208,0.44742617,-0.09182799,0.07504261,0.03735822,-0.001827818,0.041283302,-0.03596208,0.14581114,-0.14181076,0.046465088,-0.14535041,0.20314316,0.05892031,-0.076725475,0.040268973,-0.25578412,0.076094314,0.17990342,-0.13921386,-0.07965097,-0.34322667,0.011356346,0.011598172,-0.008743582,0.057390463,-0.0697579,-0.18547389,-0.0100920275,-0.015493818,0.1851139,0.16911653,0.016761286,-0.01182128,0.18170881,-0.480425,-0.9286569,0.16803236,0.13370223,0.9361761,0.28895092,-1.7390268,0.4300786,0.13952614,1.4938065,-0.43786663,-0.15541369,-0.1547506,0.16976506,-0.104063794,0.117334954,-0.13085039,0.0,0.0,0.0,0.0,0.0,0.0
-2.26395,0.028651597,2.0250738,0.13084678,0.09406555,0.14001201,-0.6069581,0.0051378882,-0.07137936,0.26107875,-0.124752715,0.025661588,0.62314045,-0.14344487,-0.05241251,0.42224887,-0.086712256,0.080266334,0.029844886,-0.008435861,0.04039035,-0.026371118,0.15587096,-0.1422822,0.051601425,-0.16132563,0.18939842,0.07497653,-0.07335104,0.03953503,-0.2790399,0.06114099,0.1787624,-0.14384514,-0.06573542,-0.34192258,0.013972184,0.010478146,-0.008933581,0.06447714,-0.038355224,-0.17627685,-0.006240998,-0.041828413,0.17039771,0.15895593,0.023563243,-0.012174451,0.19341168,-0.42570007,-0.9146455,0.17280146,0.09389134,0.90256053,0.31634942,-1.6975892,0.39730108,0.17603122,1.5051311,-0.4209311,-0.13594888,-0.15703052,0.16031015,-0.0866952,0.12252616,-0.12929942,0.0,0.0,0.0,0.0,0.0,0.0
-2.297324,0.06274346,2.0494127,0.041051157,0.075697996,0.13325451,-0.53380454,0.0034456812,-0.0653255,0.2757544,-0.09880144,0.031953685,0.93087053,-0.10260274,-0.067585215,0.3966857,-0.07561436,0.077413276,0.04466519,-0.014647387,0.055480655,-0.027943814,0.14959362,-0.1441485,0.05641747,-0.15763378,0.16829966,0.07787159,-0.056749277,0.048156723,-0.30924618,0.059876833,0.18841958,-0.16641824,-0.0793644,-0.33091408,-0.00023754498,0.022650419,-0.006769507,0.07716893,-0.08780249,-0.17765509,0.002482583,0.039192706,0.18591735,0.1454472,0.01979421,-0.020348096,0.23654903,-0.41385278,-0.91769665,0.21130285,0.2289125,0.92297643,0.4058706,-1.6086037,0.31781822,0.24426602,1.6189172,-0.41654405,-0.097447395,-0.16140306,0.1501772,-0.07706659,0.13900459,-0.15451865,0.0,0.0,0.0,0.0,0.0,0.0
-2.163054,0.10160088,2.1889644,-0.23975135,0.019175474,0.06541404,-0.40935972,0.0009871987,-0.06791512,0.30223668,-0.03431114,0.03326556,0.945233,-0.020075267,-0.12283985,0.77654696,-0.03198023,0.098794244,0.025007544,0.0055123204,0.040739417,-0.016905587,0.15610743,-0.107786715,-0.023697143,-0.15412493,0.12851542,0.089756325,-0.008652007,0.030196354,-0.30427927,0.068918616,0.20638712,-0.2232605,-0.04793804,-0.2577548,-0.03229185,0.035697542,-0.0108549725,0.068624124,-0.046780147,-0.19925845,0.021395935,0.060408738,0.19599873,0.16194385,0.027170023,-0.035148084,0.23245642,-0.32868922,-0.93961596,0.2152196,0.2689208,0.91931504,0.38406548,-1.5353087,0.32649478,0.26106954,1.4787339,-0.34651956,-0.07983795,-0.13648759,0.13293095,-0.04474086,0.119946115,-0.12769656,0.0,0.0,0.0,0.0,0.0,0.0
-2.28493,0.09364951,2.0762613,-0.18330987,0.017882248,0.12677287,-0.38150823,-0.0073714205,-0.048123285,0.2648606,-0.04592737,0.026290832,1.4863384,-0.06833073,-0.11320574,0.3697023,-0.04861086,0.067553915,0.02749976,-0.007091721,0.041829083,-0.041263092,0.15089224,-0.13335577,0.02900745,-0.15882914,0.1206234,0.09907563,-0.024432303,0.040503617,-0.36994225,0.0552886,0.19541888,-0.21734661,-0.08545164,-0.30316427,0.0036585059,0.03694012,-0.016453093,0.09593235,-0.023195444,-0.14252628,0.050311256,0.03627834,0.15216634,0.12580983,0.04330546,-0.021340162,0.25307056,-0.30523524,-0.9796457,0.2847953,0.25885698,0.9977524,0.42780587,-1.6055874,0.3236047,0.37958774,1.666849,-0.37347144,-0.08865179,-0.15835954,0.14543298,-0.067742474,0.14186327,-0.14804125,0.0,0.0,0.0,0.0,0.0,0.0
-2.2290802,0.08468901,2.1181192,-0.36311862,0.0035923186,0.11894677,-0.36536223,-0.0016223773,-0.08945059,0.30249023,-0.0232481,0.032634016,1.4968004,-0.038579207,-0.15949315,0.5475888,-0.010008823,0.08247847,0.008820918,-0.0061834455,0.042103924,-0.053922642,0.15326391,-0.11730784,-0.016175795,-0.1617483,0.11239106,0.10916523,-0.0074435524,0.034104668,-0.35323367,0.06218089,0.20629764,-0.24815772,-0.07087528,-0.276607,-0.01576668,0.035590217,-0.005347488,0.09795388,0.044465262,-0.1779734,0.046734907,-0.007188313,0.16581482,0.13527021,0.046368092,-0.0313952,0.2293512,-0.18982597,-0.9665859,0.25226796,0.22451538,0.9552837,0.3963256,-1.4483231,0.2979282,0.32753208,1.6604358,-0.39456725,-0.062875405,-0.13035174,0.11966857,-0.054484125,0.13523296,-0.14543805,0.0,0.0,0.0,0.0,0.0,0.0
-2.1642246,0.02415369,2.1686332,-0.47408086,-0.040660404,0.06374661,-0.37600332,-5.9862643e-05,-0.060870342,0.3870979,0.00072870305,0.027808871,1.4144585,-0.017691037,-0.16476178,0.74784446,-0.0241505,0.089066036,0.01358993,0.017564064,0.023345703,-0.065923534,0.1455127,-0.08444085,-0.061564464,-0.14954323,0.07526359,0.09799807,0.013358369,0.020729588,-0.32366714,0.06979917,0.19147809,-0.24392404,-0.073637195,-0.2238999,-0.036365286,0.01788756,0.0028231456,0.07747649,0.034763664,-0.24981086,0.037046887,0.045480825,0.22490123,0.15735509,0.03168723,-0.030859487,0.22852084,-0.18237925,-0.9713181,0.21222194,0.27032688,0.9212423,0.32239214,-1.521266,0.3867174,0.27908102,1.5514106,-0.3930051,-0.06792839,-0.11370425,0.1551486,-0.029231174,0.11508889,-0.16244765,0.0,0.0,0.0,0.0,0.0,0.0
-2.1574028,0.06958505,2.1755733,-0.59616697,-0.055237185,0.12649637,-0.33674183,-0.010877561,-0.096628316,0.42111138,0.010351243,0.031265493,1.7640893,-0.031075072,-0.19662732,0.4855301,-0.009855239,0.067556664,0.016847046,0.013177417,0.024590727,-0.089129604,0.13832915,-0.104122184,-0.06355662,-0.15040639,0.061411645,0.09666619,0.019401923,0.025276542,-0.35169983,0.0671181,0.19229084,-0.23471437,-0.10174923,-0.23768894,-0.057357408,0.020343812,-0.0056215255,0.08258939,0.029830918,-0.2556666,0.041601386,0.062356077,0.2382916,0.12582804,0.042111825,-0.033893634,0.22017786,-0.16366225,-0.9416967,0.18951093,0.2601506,0.88418096,0.3121677,-1.540086,0.4055941,0.27824712,1.5746719,-0.41017753,-0.054956015,-0.12022924,0.1634601,-0.016908817,0.11641687,-0.18613654,0.0,0.0,0.0,0.0,0.0,0.0
-2.1444538,0.037724372,2.2321887,-0.7111175,-0.08272958,0.13884719,-0.2834701,-0.04239664,-0.13136715,0.44217014,0.03809616,0.03393836,1.7799469,-0.03709639,-0.20192453,0.4692425,-0.0028240215,0.06839864,0.020489039,0.039583705,0.021080136,-0.07330101,0.13620722,-0.13139954,-0.070426986,-0.14042248,0.061721094,0.10748261,0.051969513,0.026013922,-0.3505219,0.049351983,0.23664613,-0.24383757,-0.12924115,-0.23705442,-0.082719564,0.02149256,-0.004161333,0.095423356,0.08529546,-0.2359048,0.027695999,0.07314312,0.22963117,0.09818219,0.029646743,-0.051173996,0.25737545,-0.07237493,-0.9246479,0.12715955,0.32347915,0.8410375,0.33118707,-1.603745,0.42696333,0.23155454,1.598382,-0.44004926,-0.06356,-0.12719287,0.15950984,-0.014827598,0.116307154,-0.20573719,0.0,0.0,0.0,0.0,0.0,0.0
-2.1390102,0.04096258,2.2447603,-0.8283104,-0.09910591,0.15479958,-0.16669293,-0.0623179,-0.14291684,0.4481018,0.06445196,0.025485309,1.7598349,-0.013840251,-0.22017291,0.3415125,0.037023343,0.0546981,0.01660405,0.03499466,0.008614548,-0.051550157,0.1343878,-0.15722401,-0.07034933,-0.14135276,0.06820619,0.113964126,0.064356856,0.018439999,-0.33848733,0.047853228,0.26968822,-0.24556552,-0.13065584,-0.24446365,-0.08152442,0.030796278,-0.009625571,0.09745431,0.11774298,-0.22452487,0.039388467,0.053455412,0.20565128,0.06429201,0.042913664,-0.052448083,0.24502715,-0.0059270337,-0.9099335,0.12613311,0.31628275,0.8272187,0.31783822,-1.5911304,0.43512037,0.24460503,1.6841159,-0.4652193,-0.06659986,-0.1342784,0.16524737,-0.0253992,0.13420326,-0.22390781,0.0,0.0,0.0,0.0,0.0,0.0
-2.1433704,0.12289915,2.284883,-0.9874811,-0.15434355,0.11602048,-0.098662615,-0.05344875,-0.097906426,0.45531562,0.08611905,0.010298357,1.7676357,0.008623109,-0.23601085,0.40615097,0.04358373,0.04957843,0.006843797,0.04190535,-0.0076371967,-0.035083354,0.1393426,-0.15997882,-0.10864976,-0.14279662,0.04725385,0.12916818,0.0801397,0.0073287124,-0.3478613,0.047072224,0.29671964,-0.25209838,-0.1268378,-0.22189227,-0.09300657,0.03475122,-0.015986249,0.111943804,0.13806514,-0.21274863,0.05045171,0.05502592,0.18885598,0.072662756,0.03337477,-0.053409364,0.29198843,0.0179222,-0.9269555,0.1435513,0.3291815,0.8449193,0.32790014,-1.7462173,0.49752292,0.26870054,1.720196,-0.47362903,-0.07533142,-0.15862906,0.19531886,-0.015311822,0.1452923,-0.23587604,0.0,0.0,0.0,0.0,0.0,0.0
-2.221848,0.12382759,2.1618507,-1.0514227,-0.17407042,0.041641165,-0.065815695,-0.04343877,-0.07639385,0.49399337,0.1109417,0.013693561,1.5896513,0.03264012,-0.22589634,0.3843996,0.049546823,0.043805588,0.008764414,0.06045196,-0.005491581,-0.001943721,0.13681588,-0.16820362,-0.09388054,-0.14565316,0.04940046,0.120121345,0.10551979,0.013036316,-0.31141633,0.04235638,0.31495374,-0.23148587,-0.10808427,-0.19838774,-0.111378476,0.033460878,-0.0095311655,0.082980625,0.11813072,-0.18188395,0.021816658,0.14927459,0.17793718,0.0663737,0.0040949094,-0.053769644,0.28919634,0.03170061,-0.8968844,0.10561255,0.4415843,0.80662864,0.30967918,-1.7917359,0.53248733,0.24781932,1.6882403,-0.46824393,-0.08893946,-0.18025,0.21522659,-0.012630173,0.15502052,-0.25277686,0.0,0.0,0.0,0.0,0.0,0.0
-2.257964,0.1532874,2.1220107,-0.9904858,-0.14390731,0.02978204,0.00083028525,-0.0784077,-0.085741326,0.46603015,0.1213807,0.0151281,1.193972,0.03675252,-0.17976728,0.5232643,0.056676947,0.04811031,0.015617361,0.072531894,-0.013008464,0.034296554,0.14059247,-0.18597437,-0.09361137,-0.14315577,0.07784975,0.10379984,0.11684942,0.00635244,-0.2630352,0.045446884,0.35139218,-0.22591372,-0.087799646,-0.18810482,-0.117323406,0.031859778,-0.0044953623,0.06002318,0.10553978,-0.20024884,0.0039309766,0.19665009,0.1843585,0.06560904,-0.00942976,-0.057014443,0.28249237,0.036500912,-0.87943625,0.07890113,0.49224982,0.7571794,0.3148783,-1.7020878,0.49014407,0.22720498,1.5859286,-0.41227463,-0.10395916,-0.17181693,0.18837611,-0.014786934,0.15400156,-0.22212616,0.0,0.0,0.0,0.0,0.0,0.0
-2.274971,0.13880992,2.1158178,-0.93981993,-0.1331645,0.03658761,0.13116127,-0.102777846,-0.07798588,0.40012112,0.13952091,0.012091417,1.0290076,0.04354372,-0.16407007,0.40719807,0.088864245,0.041304514,0.024751501,0.06793717,-0.017427279,0.06582682,0.15008973,-0.21613087,-0.08153481,-0.15729971,0.09574759,0.10362535,0.12556438,0.0013640452,-0.23972861,0.040408634,0.38456878,-0.21933627,-0.06871656,-0.20054807,-0.09517088,0.04694481,-0.004648618,0.051938985,0.10730177,-0.18698624,0.014097466,0.19508235,0.17912433,0.08221925,-0.006013467,-0.057959616,0.2731271,0.069256805,-0.829537,0.120915174,0.49864113,0.7388411,0.3280165,-1.6839396,0.4488416,0.28655547,1.6495637,-0.38450217,-0.10142287,-0.17768306,0.16311339,-0.030415593,0.17152515,-0.20113364,0.0,0.0,0.0,0.0,0.0,0.0
-2.2586591,0.133448,2.130256,-0.8352657,-0.099740304,0.05467345,0.23814477,-0.122703515,-0.0769617,0.3104009,0.14781408,0.011900721,0.74849594,0.056299333,-0.12744285,0.30040184,0.13400485,0.031058548,0.033165134,0.057077322,-0.016109865,0.098170556,0.16472918,-0.24583836,-0.069222584,-0.17104143,0.122593395,0.11676404,0.1251677,-0.003294422,-0.21301892,0.032034345,0.4159188,-0.21774171,-0.048323754,-0.21539979,-0.06363726,0.06960773,-0.011926923,0.061190397,0.14319925,-0.17106129,0.039760802,0.11548436,0.17456563,0.07852835,0.009443734,-0.060409714,0.27753264,0.12609638,-0.788887,0.211368,0.41745576,0.7588735,0.38646135,-1.67303,0.38041842,0.36478412,1.7275091,-0.3467867,-0.094998874,-0.18632571,0.1283667,-0.049876895,0.19328226,-0.1668073,0.0,0.0,0.0,0.0,0.0,0.0
-2.269791,0.12142633,2.092682,-0.8013357,-0.10443301,0.03609678,0.27799082,-0.12432809,-0.08356829,0.2952248,0.15979299,0.017131064,0.61108685,0.05797563,-0.10539899,0.26008958,0.15113363,0.021539178,0.04262372,0.06469521,-0.016664568,0.10726776,0.15914698,-0.24829133,-0.07486227,-0.17054805,0.12066034,0.10191419,0.13561055,-0.0026657288,-0.1890019,0.038126454,0.42000845,-0.20256537,-0.037323862,-0.20038559,-0.08416772,0.068179175,-0.004276574,0.043657247,0.12917058,-0.1871638,0.039724175,0.16545795,0.20217666,0.07472202,0.00217667,-0.058807366,0.26737338,0.12309848,-0.76484066,0.22180188,0.44421384,0.73450285,0.34583604,-1.7168914,0.41175056,0.37814692,1.6924963,-0.312838,-0.103548,-0.18893509,0.1333615,-0.050313983,0.19449069,-0.16414988,0.0,0.0,0.0,0.0,0.0,0.0
-2.2819364,0.13018894,2.0753796,-0.77102,-0.09187449,0.023134949,0.2625892,-0.09892865,-0.06518402,0.29378366,0.14804116,0.012024648,0.5263454,0.06780303,-0.09049183,0.27224258,0.14838073,0.0161168,0.037273724,0.04949352,-0.015562089,0.11606256,0.15737969,-0.23471105,-0.07399947,-0.17177762,0.121630065,0.10666758,0.11794534,-0.0052559264,-0.18542272,0.052630562,0.40626353,-0.2060006,-0.02664214,-0.19761589,-0.08630682,0.07184989,-0.0011858512,0.051531076,0.13949338,-0.21322767,0.053355124,0.12016452,0.21041228,0.06778783,0.013061294,-0.053054776,0.26522967,0.11379536,-0.8090766,0.2853579,0.3977811,0.7964788,0.34442288,-1.7002788,0.41547588,0.3803412,1.7666469,-0.3412456,-0.10496969,-0.18728276,0.1395231,-0.067443855,0.20697857,-0.16786365,0.0,0.0,0.0,0.0,0.0,0.0
-2.2794971,0.17166448,2.083928,-0.7398448,-0.059401542,-0.013367192,0.23267789,-0.08672299,-0.037097458,0.32056236,0.12828209,0.008995617,0.39693958,0.07078321,-0.09152678,0.56831753,0.11963126,0.028030362,0.041345544,0.046889633,-0.007134514,0.122459106,0.1651804,-0.20234954,-0.11606569,-0.16342194,0.1238145,0.10588614,0.100841306,-0.0056454097,-0.18205611,0.057808187,0.39754742,-0.2173317,-0.009734261,-0.1780983,-0.09779514,0.06607875,-0.001658221,0.065198824,0.14478736,-0.25127074,0.041855372,0.07706015,0.24441862,0.05500118,-0.005591585,-0.05992238,0.308341,0.115024224,-0.79557806,0.26837406,0.30885231,0.76420313,0.41782463,-1.7220488,0.37948826,0.3451781,1.7247533,-0.33528036,-0.10387913,-0.20293188,0.14220636,-0.043650903,0.21206722,-0.16593447,0.0,0.0,0.0,0.0,0.0,0.0
-2.303861,0.0942561,2.0489504,-0.7045011,-0.06392488,-0.027009498,0.22572906,-0.06979194,-0.010854765,0.30001295,0.12557304,-0.0010250778,0.40169802,0.06920378,-0.08739553,0.6887576,0.10194152,0.030307822,0.033905573,0.045768477,-0.015229463,0.122202516,0.16504748,-0.18473035,-0.12195896,-0.15906687,0.10691078,0.10477213,0.09331898,-0.012302203,-0.19186355,0.058079466,0.38625717,-0.24194308,-0.014193978,-0.1633456,-0.11862517,0.0695853,0.006065059,0.059822485,0.15620531,-0.26409084,0.046280783,0.051061247,0.2514033,0.05083672,0.004113626,-0.059064597,0.29879442,0.094050586,-0.8350417,0.2882282,0.31701627,0.8209629,0.38675576,-1.6940639,0.3970347,0.33899608,1.7262007,-0.35520938,-0.098734766,-0.18144678,0.14771801,-0.048639532,0.20044053,-0.16176608,0.0,0.0,0.0,0.0,0.0,0.0
-2.4407666,0.0709236,1.9310333,-0.66784036,-0.054177623,-0.0467361,0.14848259,-0.047433965,-0.0015368152,0.29466718,0.10213199,0.004737623,0.4686609,0.07705905,-0.104693234,0.910876,0.08111678,0.053611595,0.027941665,0.038197916,-0.0011701789,0.09976687,0.16355897,-0.14942037,-0.12073599,-0.15385193,0.10587446,0.10420046,0.077821046,-0.0065014446,-0.21372269,0.06622781,0.34875458,-0.26536402,-0.010858878,-0.17101826,-0.12774222,0.06988523,0.009592212,0.06486121,0.14846192,-0.27786672,0.04455506,0.021188283,0.26734674,0.08106405,0.009614486,-0.06398529,0.3141143,0.03963403,-0.85695225,0.28842312,0.2875231,0.8410083,0.37635443,-1.7219427,0.41603315,0.30165517,1.7437375,-0.3846206,-0.08516853,-0.18047892,0.14755984,-0.046549797,0.19625208,-0.16429558,0.0,0.0,0.0,0.0,0.0,0.0
-2.4693117,0.026481995,1.8396354,-0.5638546,-0.05587494,-0.005664779,0.06937129,-0.0675569,-0.076686144,0.30616024,0.08753884,0.009306612,0.35039276,0.026406866,-0.087308526,1.08425,0.0834209,0.052497182,0.04114996,0.049170148,-0.001939109,0.09518425,0.14218956,-0.14577572,-0.114818946,-0.13023783,0.12915783,0.091427974,0.073668405,-0.0025645709,-0.21721326,0.096082516,0.35775176,-0.2974824,-0.029069511,-0.18104452,-0.09693791,0.068304144,0.021337882,0.054780003,0.13938834,-0.27258238,0.043781556,0.037667602,0.2449183,0.071809545,0.01795401,-0.055319086,0.26994735,0.0009831054,-0.9093685,0.2929009,0.33430648,0.8929666,0.33914644,-1.7077538,0.45234656,0.3117825,1.7284402,-0.38467145,-0.12169149,-0.15354809,0.1669378,-0.0654721,0.17700647,-0.16383418,0.0,0.0,0.0,0.0,0.0,0.0
-2.4209812,-0.010413648,1.8837801,-0.55126,-0.044068366,0.06430202,-0.007914794,-0.07642542,-0.1320979,0.32219803,0.07555676,0.004163296,0.4110664,0.016590029,-0.093106486,1.1022227,0.08058578,0.056065973,0.053838864,0.03760402,-0.00978353,0.051665667,0.12655805,-0.14645998,-0.12476852,-0.12340407,0.1324333,0.078498326,0.056508526,-0.0061897766,-0.23033203,0.11671053,0.3466419,-0.29967436,-0.04810905,-0.1910517,-0.089799725,0.0633455,0.01919692,0.05757495,0.09141261,-0.30101553,0.05129037,0.05821854,0.24717098,0.08257334,0.0305653,-0.049104314,0.26070493,-0.054840937,-0.9292125,0.30525067,0.33108234,0.8918881,0.34218365,-1.6856401,0.4409162,0.3261305,1.7725073,-0.39348042,-0.11279606,-0.1473633,0.17049271,-0.06476256,0.18194558,-0.16951866,0.0,0.0,0.0,0.0,0.0,0.0
-2.4297278,-0.036782637,1.854268,-0.5854328,-0.047412608,0.10500564,-0.1905674,-0.051439516,-0.15748157,0.3700511,0.054806054,0.0017554332,0.58331835,0.009885773,-0.10309718,1.1301008,0.056457117,0.07076093,0.03765068,0.029376589,-0.009618403,0.014569234,0.11897654,-0.13851307,-0.113606416,-0.12352147,0.12642775,0.06943508,0.036602322,-0.0045111896,-0.25487682,0.124001086,0.31867427,-0.29535946,-0.060045812,-0.20528966,-0.12057375,0.055576473,0.019251777,0.050443456,0.058128025,-0.32714748,0.054521773,0.06954194,0.27050942,0.08835677,0.036704917,-0.03992276,0.21513227,-0.11619138,-0.9480979,0.29348665,0.32069868,0.9203144,0.25969398,-1.6188176,0.46772304,0.29832792,1.7186935,-0.40999612,-0.093872786,-0.12365996,0.18274575,-0.060671844,0.1594412,-0.17566745,0.0,0.0,0.0,0.0,0.0,0.0
-2.4201918,-0.06421073,1.8156872,-0.53692496,-0.03893628,0.08163836,-0.32792366,-0.0019414515,-0.12480207,0.39956793,0.029117825,0.002782188,0.6570669,0.012245384,-0.10534913,1.2837772,0.045203328,0.07635079,0.015082187,0.01878201,0.0064724325,-0.029609399,0.12012611,-0.095854625,-0.12365598,-0.12125199,0.11563403,0.048291292,0.0114796925,0.0032564828,-0.26782662,0.13619898,0.2620273,-0.28098315,-0.049631346,-0.19656178,-0.17864852,0.05610855,0.017866522,0.03331351,0.03395587,-0.3701826,0.04575513,0.041716985,0.35019377,0.08657956,0.029928172,-0.031878814,0.1672922,-0.19699073,-0.94200355,0.2768424,0.2290051,0.9649614,0.17627566,-1.5890822,0.5096704,0.22088668,1.5465342,-0.41803503,-0.09089864,-0.11421465,0.1900654,-0.055753123,0.12821308,-0.15170681,0.0,0.0,0.0,0.0,0.0,0.0
-2.5200744,-0.030095778,1.7091006,-0.5925936,-0.04568342,0.08401443,-0.4144767,-0.0008937321,-0.10621027,0.44572148,0.018946724,0.0038311894,0.9780284,0.018413262,-0.14492507,1.377989,0.021949794,0.1144332,0.016787948,0.010185653,0.0049128877,-0.052160293,0.1253236,-0.07332481,-0.11921498,-0.12699224,0.09347334,0.050320994,0.002263637,0.00389453,-0.29943132,0.13897926,0.22543088,-0.29361182,-0.049479853,-0.19872847,-0.12183378,0.051721085,0.011034023,0.016129807,-0.03612027,-0.34177187,0.053161472,0.08653903,0.3139454,0.12289099,0.042415194,-0.015722452,0.12154025,-0.28313267,-0.9413379,0.28391644,0.25108165,0.9671904,0.14239855,-1.5889316,0.52592736,0.27820218,1.4647592,-0.36792782,-0.08046938,-0.09526967,0.2105491,-0.03679156,0.10585857,-0.14691004,0.0,0.0,0.0,0.0,0.0,0.0
-2.4745798,-0.018347604,1.762279,-0.6026687,-0.04020462,0.1068727,-0.61575663,0.013213173,-0.14111638,0.5043538,0.0029802036,0.011969224,1.0047574,0.010418758,-0.1386695,1.5377227,-0.007213562,0.14571674,0.02033707,0.017326524,0.016276456,-0.07264643,0.11887909,-0.057956416,-0.117711246,-0.11505417,0.091608085,0.036936756,-0.0009959526,0.012552019,-0.2975287,0.14752705,0.20765236,-0.2905949,-0.064096116,-0.19400357,-0.12299585,0.0578234,0.0074226423,0.002385853,-0.1291389,-0.32461575,0.04220842,0.16694227,0.3243588,0.12716588,0.030161694,-0.014001425,0.08647494,-0.39409825,-0.92129236,0.24151388,0.31689128,0.9718752,0.12323541,-1.5757545,0.5353125,0.23667303,1.3114346,-0.33668983,-0.06192734,-0.08426256,0.23541324,-0.014660659,0.08142396,-0.15747692,0.0,0.0,0.0,0.0,0.0,0.0
-2.5476563,-0.03839154,1.7148651,-0.43632644,-0.009083964,0.14993809,-0.7537607,0.03882561,-0.21365364,0.45906577,-0.022543693,0.01904612,0.8240392,-0.017341916,-0.11149286,1.7826601,-0.0068656155,0.18831876,0.045897316,0.013996277,0.03226101,-0.101533405,0.11128909,-0.054774027,-0.12873463,-0.10362572,0.1146095,0.033961307,-0.01154357,0.017598422,-0.3017826,0.15751377,0.22957268,-0.33236682,-0.077466674,-0.20706241,-0.09733299,0.059630897,0.020862585,0.01021605,-0.21789335,-0.25611016,0.016314289,0.24488185,0.23594685,0.11894119,0.018823573,-0.024639081,0.11621919,-0.4356622,-0.8946444,0.23848516,0.4421481,0.92810076,0.262218,-1.5842711,0.45647153,0.28218853,1.6167225,-0.41692755,-0.04011497,-0.09201243,0.2255837,-0.030967053,0.11526748,-0.18863086,0.0,0.0,0.0,0.0,0.0,0.0
-2.4695432,-0.07039904,1.8391802,-0.38091844,0.0014589425,0.21740457,-0.86448336,0.046451386,-0.26562706,0.43844172,-0.033148963,0.023364546,0.95045215,-0.07153365,-0.10132735,1.674433,-0.028997837,0.19781098,0.025675032,0.03600819,0.03245212,-0.09787578,0.11608685,-0.08422403,-0.105579786,-0.10412999,0.13067,0.033412788,-0.005623873,0.022654986,-0.31375295,0.14221554,0.24250922,-0.3101519,-0.09666137,-0.24147013,-0.08963864,0.06533587,0.005238218,-0.017930567,-0.21943532,-0.17913012,0.0081379805,0.2489898,0.21001829,0.13736576,0.01504082,-0.025052978,0.046063717,-0.48806414,-0.840643,0.1907046,0.45777,0.9205156,0.16499318,-1.6179941,0.5097242,0.2434201,1.4525696,-0.38045388,-0.058781765,-0.088486105,0.21852863,-0.040140353,0.08725765,-0.15368786,0.0,0.0,0.0,0.0,0.0,0.0
-2.4844985,-0.062222056,1.7554182,-0.21798271,0.042636346,0.21757102,-0.94019103,0.083167315,-0.22032951,0.4300519,-0.07207535,0.019519977,0.81992394,-0.09603634,-0.08556471,1.4936213,-0.045435652,0.1847645,0.020267013,0.0013012689,0.046245884,-0.09223618,0.12254695,-0.08593554,-0.07025159,-0.111004494,0.15683438,0.025352819,-0.048230946,0.027315494,-0.29700178,0.13665548,0.2190169,-0.27876112,-0.07928579,-0.2776901,-0.075809866,0.08285313,-0.0014528339,-0.026545383,-0.2913194,-0.15204783,-0.0035443055,0.21755865,0.20221654,0.13723417,0.024776291,-0.017025588,0.0053953743,-0.57487077,-0.7915528,0.20627525,0.39781836,0.95119166,0.15650241,-1.5512371,0.46792945,0.21466514,1.5074373,-0.4255657,-0.05187841,-0.09391804,0.22109616,-0.07114418,0.0962062,-0.15808152,0.0,0.0,0.0,0.0,0.0,0.0
-2.511067,-0.051087752,1.7497296,-0.06856188,0.07076602,0.21150327,-1.0614972,0.11684692,-0.2202661,0.42120758,-0.11235333,0.0383919,0.69411886,-0.14533809,-0.06983024,1.3765787,-0.07177834,0.18169495,0.013408206,0.001752161,0.062281374,-0.077188455,0.13469306,-0.09293265,-0.033461682,-0.12108896,0.19416723,0.030499788,-0.06874363,0.03857107,-0.29969615,0.123717725,0.20533271,-0.24734128,-0.05900658,-0.3323389,-0.06590974,0.07419457,-0.00611993,-0.013099282,-0.25515223,-0.1439534,0.0008984224,0.13739634,0.2164581,0.13140656,0.01968853,-0.012943103,0.014781626,-0.59647,-0.7887058,0.2021233,0.26619703,0.9645976,0.17966862,-1.5949728,0.4645252,0.17512408,1.3744965,-0.39036286,-0.061937746,-0.10749751,0.2187181,-0.06969311,0.08741957,-0.1423016,0.0,0.0,0.0,0.0,0.0,0.0
-2.5107894,-0.013032715,1.7284757,0.061958455,0.08664493,0.18699567,-1.0179827,0.101949096,-0.20498098,0.37773618,-0.13893673,0.048465803,0.5902991,-0.17388105,-0.06135216,1.0922517,-0.099033736,0.15290628,0.024949584,0.0013135383,0.06187709,-0.07217728,0.12853438,-0.10532654,0.0037926545,-0.12242195,0.21639904,0.033500522,-0.07490245,0.040065862,-0.27900425,0.123903215,0.19571975,-0.21342205,-0.059900235,-0.36292958,-0.044033382,0.052233446,0.005140837,-0.009103685,-0.24890932,-0.13871881,-0.019156119,0.14090696,0.1672607,0.14013214,0.018301386,-0.015213235,0.034241993,-0.58578146,-0.8206788,0.19346415,0.30969077,0.9331023,0.18483576,-1.6409056,0.4766178,0.16442524,1.6089804,-0.48213518,-0.09075487,-0.124340504,0.22052135,-0.09541474,0.119551666,-0.17152423,0.0,0.0,0.0,0.0,0.0,0.0
-2.4119468,0.000113787275,1.8028992,0.13177463,0.12915565,0.22199184,-0.9697456,0.08713453,-0.19760878,0.3362733,-0.15504228,0.03282165,0.48851183,-0.19387491,-0.048806194,0.9180361,-0.09690109,0.13315962,0.023017777,-0.007834429,0.054745223,-0.059804723,0.13371734,-0.12920868,0.016255276,-0.13046291,0.23073284,0.03382773,-0.09402154,0.03685843,-0.26471502,0.10929803,0.19976477,-0.18529128,-0.0616234,-0.3756849,-0.05716403,0.05484617,-0.002192098,0.010503302,-0.1887805,-0.17560442,-0.012068902,0.046321403,0.20698225,0.13942103,0.019948972,-0.017062882,0.046353962,-0.5603934,-0.81250614,0.18583667,0.19218613,0.9380384,0.17534325,-1.6296152,0.4623333,0.11601444,1.5257696,-0.4696618,-0.090686984,-0.12834701,0.20312946,-0.09969324,0.11394518,-0.14834681,0.0,0.0,0.0,0.0,0.0,0.0
-2.34528,0.0035143562,1.8778663,0.19648236,0.1683081,0.2335999,-0.88275266,0.06414002,-0.21881099,0.28839782,-0.17261569,0.033769906,0.3512656,-0.21007432,-0.04474008,0.6926512,-0.0967425,0.104236,0.039849304,-0.00953903,0.051298793,-0.05426251,0.13368422,-0.14926694,0.027896851,-0.13910848,0.25262383,0.03564226,-0.09831044,0.036778435,-0.23507272,0.11092747,0.20610972,-0.15686603,-0.06453052,-0.3898772,-0.011618007,0.035669718,0.0012782518,0.018533804,-0.1850992,-0.15827775,-0.019664235,0.04794007,0.15744121,0.15610783,0.015810441,-0.013355058,0.074801125,-0.5612335,-0.8102149,0.18437497,0.18741962,0.88358206,0.21828113,-1.7098056,0.45524684,0.14774515,1.676278,-0.48929214,-0.11114124,-0.14889754,0.1921754,-0.109853655,0.14106019,-0.14867087,0.0,0.0,0.0,0.0,0.0,0.0
-2.4092824,0.021729661,1.7926074,0.22533944,0.21184629,0.2551325,-0.8059161,0.06583528,-0.22679417,0.23405181,-0.19441192,0.026281992,0.29782662,-0.20984106,-0.036342528,0.52470464,-0.06336725,0.074837804,0.039501764,-0.037861142,0.05810539,-0.042347234,0.1407799,-0.16663569,0.046346217,-0.14406766,0.2794377,0.0448625,-0.1298946,0.040929846,-0.24132095,0.10801499,0.21140079,-0.15061198,-0.06277119,-0.43079817,0.008198935,0.033824183,-0.005065747,0.049182557,-0.1396971,-0.15587206,-0.005243245,-0.05134744,0.14341772,0.1442195,0.03791943,-0.0073739737,0.10634735,-0.5728173,-0.8441609,0.21350239,0.024572225,0.9066786,0.2781241,-1.766683,0.43618977,0.17729725,1.7587478,-0.50884646,-0.12126349,-0.16197161,0.17955515,-0.122684464,0.15228051,-0.13506171,0.0,0.0,0.0,0.0,0.0,0.0
-2.4099445,0.038192343,1.828219,0.24349721,0.20292537,0.24725597,-0.76092064,0.047371846,-0.21849315,0.2190681,-0.18359634,0.028891046,0.38229513,-0.21484213,-0.031219581,0.4809291,-0.0747761,0.07317427,0.05389768,-0.025768435,0.061556265,-0.05241028,0.13574919,-0.16694294,0.050035115,-0.14305724,0.2654525,0.04564078,-0.115439534,0.04418647,-0.2538112,0.105195574,0.20816508,-0.1543383,-0.074996434,-0.417056,0.003461555,0.03133253,0.0025107563,0.070193015,-0.11505591,-0.18243687,0.0073723164,-0.030927327,0.1761378,0.14307866,0.024193801,-0.011480044,0.15360725,-0.51246834,-0.86945015,0.26103136,0.09086103,0.9413253,0.32522902,-1.7351153,0.39521787,0.23739561,1.7818459,-0.47206044,-0.11745973,-0.16588496,0.16367516,-0.12133814,0.16020681,-0.13079396,0.0,0.0,0.0,0.0,0.0,0.0
-2.3546526,0.02691199,1.882502,0.24735348,0.15630189,0.19498725,-0.7543751,0.028656345,-0.1637219,0.2410823,-0.16716932,0.038641617,0.5191934,-0.20888436,-0.027800687,0.44072142,-0.09994841,0.07101543,0.045792285,-0.004851103,0.06543743,-0.052322794,0.13808586,-0.15441138,0.06875307,-0.1442201,0.2395834,0.05539555,-0.09264606,0.05355866,-0.2712314,0.09114289,0.18880917,-0.15218335,-0.086062714,-0.3924458,0.000789751,0.01884256,0.011547462,0.07626785,-0.06539706,-0.17602453,-0.0056488,-0.017705852,0.18363811,0.14168353,0.008763418,-0.01189411,0.17644385,-0.45849898,-0.9198787,0.22686337,0.16158552,0.97050047,0.32569912,-1.6885234,0.39364684,0.20720947,1.6810541,-0.46852148,-0.13797002,-0.15878578,0.16277565,-0.118163146,0.14139917,-0.1375153,0.0,0.0,0.0,0.0,0.0,0.0
-2.3066254,0.0049534785,1.9688463,0.21010658,0.10322754,0.14955741,-0.7098908,0.018091494,-0.12335591,0.23778807,-0.14105937,0.04612196,0.7577215,-0.17374867,-0.034564037,0.4718257,-0.114385225,0.08078526,0.064822204,0.0084879575,0.06708828,-0.059677277,0.13536462,-0.13977008,0.06636261,-0.14452599,0.20277442,0.061174754,-0.06453556,0.05716071,-0.30366674,0.079580575,0.18715684,-0.16704047,-0.086320415,-0.3635399,-0.010167696,0.007550149,0.014420738,0.07927414,-0.13759808,-0.14878443,-0.003250605,0.11956871,0.14868498,0.12789375,-0.0016262684,-0.015958907,0.25089625,-0.46264893,-0.94157296,0.2579697,0.3589515,0.94156295,0.44340512,-1.6506894,0.30288973,0.3182835,1.7154045,-0.39159206,-0.12414333,-0.17585632,0.14892408,-0.089636184,0.16154842,-0.1506427,0.0,0.0,0.0,0.0,0.0,0.0
-2.3098085,0.024400726,1.9656206,0.1442669,0.0717247,0.12237339,-0.6132654,-0.0026739463,-0.06680493,0.22842653,-0.11699693,0.039927647,1.028147,-0.16073878,-0.04596103,0.4185488,-0.104737565,0.08009127,0.033552684,0.008308942,0.06159081,-0.04149873,0.16092533,-0.13718764,0.07541701,-0.16329192,0.18238617,0.08575029,-0.058931444,0.05933075,-0.34117293,0.04944872,0.17460392,-0.16609564,-0.072119184,-0.35845584,0.000486978,0.0021606765,-0.0018109026,0.09198023,-0.036388773,-0.13240665,0.008482106,0.0071816472,0.16864108,0.14142506,0.008174242,-0.0071489434,0.25475138,-0.42308956,-0.9559674,0.23287766,0.19388099,0.97111887,0.43703908,-1.6450263,0.30047968,0.3085643,1.3845656,-0.28918913,-0.13330401,-0.16533531,0.12711498,-0.06490867,0.11468935,-0.098731905,0.0,0.0,0.0,0.0,0.0,0.0
-2.3662918,0.06340389,1.9240706,0.028470272,0.04729224,0.114368245,-0.54792106,-0.004785242,-0.05745371,0.2476538,-0.0870857,0.03852706,1.2913309,-0.12786363,-0.072049305,0.47145417,-0.08425724,0.08752895,0.018907607,0.009388792,0.060124397,-0.050151385,0.16522123,-0.12647402,0.0491119,-0.16821322,0.15312059,0.09667947,-0.044757564,0.0564409,-0.36564317,0.045723222,0.1759981,-0.19398333,-0.070807345,-0.33383408,-0.023096476,0.0119016785,-0.0018243517,0.11432879,0.04275693,-0.18063743,0.0329785,-0.046867583,0.22247684,0.13919243,0.017188147,-0.012175047,0.27252862,-0.32514822,-0.9764167,0.25711402,0.1281141,0.99184906,0.429393,-1.6055021,0.30182576,0.32309383,1.3140275,-0.25507295,-0.10184594,-0.14726755,0.11147107,-0.039819106,0.09911026,-0.08351759,0.0,0.0,0.0,0.0,0.0,0.0
-2.3165865,0.07315618,1.9925185,-0.15616852,0.02597928,0.089328185,-0.49205446,-0.0016418482,-0.06755619,0.2940936,-0.054162282,0.03769705,1.347943,-0.078656875,-0.12685491,0.7083507,-0.053669143,0.11218205,0.0145369,0.0025322211,0.052461438,-0.061888933,0.16360138,-0.101869486,-0.009173542,-0.16797584,0.12408803,0.09092867,-0.024414498,0.041544233,-0.34155083,0.056312542,0.1820402,-0.22463983,-0.055626106,-0.28156692,-0.033565816,0.01688593,0.0054891743,0.085070446,0.0020695622,-0.20411399,0.023193792,0.01245835,0.2128493,0.15501367,0.022641478,-0.02131974,0.23150629,-0.26953423,-0.93632674,0.23597275,0.21395391,0.92468166,0.4040543,-1.3677293,0.23380321,0.30732414,1.389961,-0.28691614,-0.059354305,-0.11870674,0.09075004,-0.03199754,0.104997456,-0.092063054,0.0,0.0,0.0,0.0,0.0,0.0
-2.2418096,0.061117474,2.0613408,-0.35677505,0.0060918955,0.09390041,-0.5319278,-0.0012145694,-0.16694398,0.35661584,-0.018830802,0.0356341,0.869846,-0.030123655,-0.13449526,1.3766354,0.0035816985,0.14112414,0.015702328,0.025500024,0.033905968,-0.07246025,0.14901096,-0.073707774,-0.10827544,-0.14362809,0.12175799,0.083342224,0.006026892,0.019955423,-0.30076373,0.09694432,0.22613658,-0.288901,-0.047649592,-0.2292989,-0.056319196,0.026978238,0.016435267,0.07424685,0.024601296,-0.24740773,0.03083191,0.040219426,0.2239256,0.14257947,0.01690766,-0.035171915,0.21484329,-0.18490167,-0.9297015,0.22448298,0.24705765,0.8993798,0.3522222,-1.4232848,0.3160925,0.28046197,1.4752616,-0.33089155,-0.06275272,-0.10328214,0.11084832,-0.029878173,0.11157037,-0.106622934,0.0,0.0,0.0,0.0,0.0,0.0
-2.2213655,0.085854776,2.10273,-0.5744969,-0.045522,0.13222995,-0.31915566,-0.02387338,-0.12136744,0.39047378,0.01680485,0.030905114,1.536955,-0.027553886,-0.18115842,0.64984035,0.0031748204,0.08000324,0.013847225,0.017490422,0.025449863,-0.070388116,0.14284587,-0.11569602,-0.07391448,-0.14651874,0.08268393,0.08928696,0.025465941,0.02640652,-0.33159125,0.065946154,0.22069627,-0.24396428,-0.094260216,-0.23219307,-0.07648623,0.015452048,0.0024593808,0.078149214,0.02698502,-0.2385512,0.020774871,0.08404976,0.22402325,0.1178338,0.024599481,-0.034136843,0.23301764,-0.16246271,-0.9427399,0.16642337,0.31199345,0.87104493,0.35453677,-1.4349734,0.32895476,0.25249398,1.4802591,-0.36937198,-0.06861281,-0.11680568,0.11838426,-0.026397051,0.11064104,-0.14482893,0.0,0.0,0.0,0.0,0.0,0.0
-2.1857703,0.08413106,2.1582115,-0.71997803,-0.08836382,0.13470988,-0.26017016,-0.06185658,-0.14980614,0.4027893,0.051530775,0.038746793,1.7810558,-0.05023749,-0.20384446,0.47025672,-0.0030907362,0.070710175,0.026345082,0.05403122,0.017016942,-0.07792231,0.14409697,-0.1391703,-0.07810795,-0.14510782,0.0689577,0.10295456,0.07164235,0.024433369,-0.34267998,0.03853031,0.25283483,-0.24620922,-0.11728221,-0.24710312,-0.07757845,0.020445198,-0.0078263935,0.091671444,0.060557142,-0.18317749,0.03583098,0.13594872,0.18816797,0.07066826,0.019146025,-0.04822902,0.27531153,-0.054917384,-0.882505,0.13375187,0.38547838,0.79214394,0.37978652,-1.583789,0.36481363,0.3172949,1.5287383,-0.3389937,-0.051654316,-0.1398687,0.1432934,0.004632168,0.12370179,-0.1857207,0.0,0.0,0.0,0.0,0.0,0.0
-2.12469,0.008766187,2.1819758,-0.8591495,-0.112353146,0.115842305,-0.16980219,-0.09072428,-0.17906348,0.4106422,0.08609262,0.044642247,1.9122229,-0.05328681,-0.25755316,0.47480407,0.019830115,0.071021326,0.031776216,0.076788254,0.0069872923,-0.0883545,0.14743234,-0.14461088,-0.10656179,-0.14846057,0.05658964,0.11396793,0.10452125,0.018269714,-0.34684423,0.024872819,0.28035963,-0.26654547,-0.117638305,-0.24516958,-0.08703304,0.011975371,-0.0062935613,0.09337302,0.08198634,-0.1548014,0.032249212,0.17886038,0.14056917,0.039594322,0.022652734,-0.055932067,0.3019968,0.027787555,-0.83861303,0.099299885,0.43829504,0.68897945,0.40695956,-1.627091,0.35679263,0.36075523,1.5762625,-0.31592667,-0.05065364,-0.14763567,0.1296172,0.023939464,0.1367811,-0.18767993,0.0,0.0,0.0,0.0,0.0,0.0
-2.0801635,-0.03509153,2.2599967,-0.9782151,-0.14637941,0.107992284,-0.15371367,-0.12105161,-0.20131595,0.4547585,0.111958936,0.047106203,1.9790848,-0.068689816,-0.27209333,0.4305498,0.015415587,0.06703889,0.03531623,0.103200376,-0.015799474,-0.07999071,0.14856414,-0.16464667,-0.10898777,-0.15088381,0.0538907,0.12285439,0.13571298,0.0077693188,-0.34675866,0.012633288,0.3159431,-0.27203053,-0.12177883,-0.25684232,-0.08029076,-0.0014200093,-0.007714201,0.08265783,0.084428735,-0.10812668,0.017937228,0.25650507,0.049647033,-0.011885494,0.024341226,-0.056811266,0.3008279,0.09477408,-0.81347346,0.038086418,0.5316599,0.5796466,0.41209123,-1.645638,0.35556558,0.40501574,1.5765636,-0.27931297,-0.054134794,-0.15192243,0.13857079,0.050829977,0.14493287,-0.20248409,0.0,0.0,0.0,0.0,0.0,0.0
-2.0918732,0.038362846,2.2514036,-1.0870882,-0.18450533,0.07545613,-0.036049027,-0.14284581,-0.18706541,0.46800804,0.14129558,0.04125342,1.8715348,-0.03717356,-0.2783601,0.436771,0.036484905,0.055404756,0.04005239,0.11683362,-0.04083509,-0.04782482,0.14683297,-0.18321826,-0.1266746,-0.15359934,0.04794074,0.11803817,0.16275212,-0.002229783,-0.33452207,0.013048462,0.35238352,-0.27048007,-0.11493727,-0.23473279,-0.087558694,-0.021843417,-0.006556556,0.08219364,0.07933987,-0.110742204,0.005579809,0.33010948,-0.0018594726,-0.02304045,0.0144064585,-0.053436756,0.3354371,0.10198697,-0.86331445,-0.0097069815,0.60923684,0.5291401,0.4289256,-1.7047163,0.3868345,0.41542926,1.5669066,-0.27325886,-0.07952262,-0.16691896,0.15531884,0.064793915,0.15475054,-0.21891305,0.0,0.0,0.0,0.0,0.0,0.0
-2.152275,0.09717869,2.2029028,-1.0845128,-0.18879609,0.081234165,0.03406383,-0.15199329,-0.19827098,0.43452027,0.14912058,0.04003717,1.628169,-0.011531525,-0.2466211,0.4608844,0.0745775,0.04943921,0.03678367,0.11456496,-0.02625931,-0.006877242,0.15138088,-0.21820277,-0.11297577,-0.15845902,0.07968988,0.11918962,0.17033686,0.0056834645,-0.31250355,0.009160721,0.39899647,-0.2754808,-0.11026399,-0.24335596,-0.10883108,-0.012496685,0.0026009292,0.088869765,0.115550674,-0.10193476,-0.0047296057,0.29796395,0.02576559,-0.017890278,-0.0082507385,-0.06197879,0.34723014,0.13675687,-0.83411413,-0.018446948,0.60829896,0.5457825,0.4147705,-1.7731664,0.4224126,0.34474078,1.6657476,-0.35119995,-0.09283274,-0.18122213,0.1534325,0.02964632,0.16669267,-0.23037969,0.0,0.0,0.0,0.0,0.0,0.0
-2.418389,0.20282613,1.8805118,-1.0176123,-0.1819202,0.121433735,0.00033860092,-0.13241038,-0.19452403,0.397165,0.12616299,0.030135885,1.4966332,-0.013078233,-0.19751036,0.41191188,0.08982703,0.042838167,0.024318097,0.08296393,0.0036675853,0.013412113,0.15540464,-0.23848519,-0.07499773,-0.15420648,0.115952365,0.118650556,0.13723327,0.020793349,-0.3069794,0.012370893,0.41300967,-0.27685052,-0.11645311,-0.28469002,-0.11498241,0.024802545,0.006817837,0.09669555,0.13046598,-0.09791898,0.01447489,0.19166115,0.10881338,-0.00069896586,-0.0134325735,-0.05837352,0.32547373,0.11223272,-0.79804814,0.072470546,0.5109864,0.695377,0.3788021,-1.8195376,0.4524697,0.30198413,1.7729254,-0.43377718,-0.07599337,-0.18428299,0.17432956,-0.016418245,0.17032084,-0.24537636,0.0,0.0,0.0,0.0,0.0,0.0
-2.4699798,0.18067081,1.8511895,-1.0102583,-0.18963227,0.12854634,0.040070932,-0.14305352,-0.16820167,0.39140043,0.13830945,0.021449143,1.3103396,-0.029468691,-0.1609428,0.35380173,0.09194371,0.04019682,0.030335251,0.080971316,-0.0013864433,0.05471294,0.15438579,-0.26795813,-0.05456769,-0.16554014,0.1297122,0.11919917,0.13536473,0.019360863,-0.27952874,0.009700542,0.43543425,-0.24469043,-0.109560825,-0.26045057,-0.11848673,0.026643656,0.011358569,0.10699652,0.12524876,-0.13515233,0.0069936775,0.23183714,0.14804122,0.013062947,-0.04737719,-0.05996273,0.3631837,0.1410113,-0.81346726,0.078742035,0.5619145,0.70627,0.47015277,-1.6657255,0.34393087,0.3075733,1.731646,-0.39855745,-0.081751406,-0.19461842,0.14182161,-0.021332525,0.18264538,-0.22643381,0.0,0.0,0.0,0.0,0.0,0.0
-2.2544775,0.12063154,2.1373456,-1.0449795,-0.16739331,0.07922858,0.34840512,-0.1944879,-0.11115028,0.31734702,0.19702779,0.006728023,0.9444061,0.04870116,-0.15136732,0.34269005,0.17103244,0.018143244,0.04889641,0.08475778,-0.034488853,0.108983874,0.15098205,-0.29284886,-0.101467565,-0.16856538,0.12044056,0.11827001,0.16857256,-0.007833039,-0.23962331,0.030427434,0.49808782,-0.26354808,-0.07577206,-0.21329977,-0.10892067,0.05097579,0.009620474,0.09825747,0.1696466,-0.17192115,0.03998554,0.2149517,0.1573564,0.0040429286,-0.025053086,-0.06392115,0.3681205,0.21926646,-0.8094269,0.1790132,0.54734784,0.71202767,0.48212606,-1.7143073,0.34338555,0.40967387,1.7629158,-0.3203287,-0.1098079,-0.20608678,0.11754218,-0.028981654,0.20891154,-0.18029773,0.0,0.0,0.0,0.0,0.0,0.0
-2.2529843,0.06792525,2.121713,-0.9667678,-0.13873021,0.051371183,0.34048083,-0.17221107,-0.08596568,0.30160126,0.18571311,0.004406664,0.8125948,0.054751053,-0.13780744,0.42208332,0.1502687,0.019263737,0.04975421,0.07826814,-0.033514597,0.104072556,0.15273404,-0.26388195,-0.10994038,-0.16610382,0.11145081,0.110770635,0.15351725,-0.010272588,-0.22879142,0.04003513,0.46854445,-0.26554477,-0.06020664,-0.19350547,-0.11263616,0.05755239,0.011841262,0.08567476,0.15599829,-0.20153843,0.04594267,0.203299,0.18761335,0.013814354,-0.016902547,-0.061090138,0.3541027,0.1855546,-0.82314986,0.21886548,0.5264002,0.7437386,0.47878268,-1.6486607,0.31550658,0.42142978,1.7216955,-0.29435706,-0.10029145,-0.19535264,0.110265076,-0.028544307,0.20487052,-0.15972464,0.0,0.0,0.0,0.0,0.0,0.0
-2.3346047,0.07231236,2.0376964,-0.95173836,-0.11201878,0.013490168,0.25299525,-0.12026678,-0.050201558,0.34067765,0.1566939,0.00043491027,0.82089514,0.07052598,-0.15064263,0.6193926,0.11238009,0.0355126,0.04028882,0.062776156,-0.025957469,0.09946765,0.15900883,-0.21990325,-0.11091206,-0.16255781,0.10145549,0.11052309,0.12492697,-0.008579717,-0.23691632,0.041851707,0.42022896,-0.2737296,-0.045113795,-0.18730767,-0.1056473,0.055912774,0.0045779687,0.08273785,0.12493939,-0.2210125,0.048827868,0.17470616,0.19836135,0.0288113,-0.0066744117,-0.05275981,0.35345694,0.110313386,-0.8611566,0.24266975,0.46212885,0.7835461,0.49414518,-1.5997299,0.29103267,0.42253208,1.6432889,-0.27339315,-0.08481247,-0.1852123,0.120031424,-0.016744038,0.19112054,-0.153287,0.0,0.0,0.0,0.0,0.0,0.0
-2.3552594,0.034782663,1.9787438,-0.85053825,-0.0883264,-0.0005661473,0.20221293,-0.082893156,-0.0037452348,0.32090622,0.13582069,-0.013470836,0.8101859,0.07708569,-0.1484513,0.7917794,0.08235725,0.05195674,0.036057953,0.04227019,-0.033757053,0.07818548,0.16319695,-0.17724259,-0.12508826,-0.15951107,0.08349012,0.10634947,0.09238306,-0.01822478,-0.24592385,0.05676233,0.3754276,-0.28902563,-0.033502184,-0.17609018,-0.09540588,0.06361931,0.0026795296,0.06834699,0.106382616,-0.24275544,0.066208914,0.119572744,0.19931258,0.042609483,0.020600602,-0.041998573,0.31806266,0.06047111,-0.8840182,0.32561472,0.39893654,0.8443345,0.46165854,-1.5827115,0.29803604,0.45650554,1.6931475,-0.28233838,-0.07177578,-0.17187151,0.12619092,-0.024346536,0.19609684,-0.13503385,0.0,0.0,0.0,0.0,0.0,0.0
-2.4785986,0.031115945,1.8550519,-0.8535656,-0.093496725,0.02918815,0.113635205,-0.06446522,-0.044196267,0.36722565,0.109300815,-0.012949374,0.91689444,0.06788801,-0.15074348,1.1073387,0.09402025,0.05376991,0.03618639,0.034200657,-0.018707918,0.04994739,0.14403246,-0.14894894,-0.1464742,-0.12843625,0.079744026,0.07960506,0.07241182,-0.0067825136,-0.27441317,0.08055954,0.3491846,-0.32000962,-0.0582284,-0.17179364,-0.11378478,0.0657371,0.0022108678,0.05644651,0.08174054,-0.27387023,0.06371829,0.09164086,0.24937138,0.04566262,0.030790886,-0.038889103,0.27666625,-0.04302752,-0.92400014,0.29504514,0.3422825,0.9083682,0.38230026,-1.6514943,0.4079275,0.38482106,1.6196452,-0.33483282,-0.078393266,-0.14796959,0.1658257,-0.029895527,0.15777792,-0.15089546,0.0,0.0,0.0,0.0,0.0,0.0
-2.5312784,-0.010597172,1.7425197,-0.78188,-0.06847243,0.11545721,-0.06106192,-0.0696492,-0.14803675,0.4125102,0.07867851,-0.009891754,0.8687291,0.047791544,-0.14173515,1.3141587,0.09765993,0.05775559,0.03689165,0.022375397,-0.014378304,-0.011121715,0.10929844,-0.121787615,-0.15926105,-0.10585399,0.09585466,0.04072597,0.042328857,-0.005162742,-0.2783366,0.14713284,0.30988842,-0.32253802,-0.071952276,-0.17353745,-0.13208862,0.06226987,0.010315695,0.024503244,0.031259924,-0.36181876,0.06185968,0.093961224,0.32312158,0.0853875,0.042846873,-0.027740983,0.16123149,-0.1625709,-0.94327515,0.28176853,0.30933768,0.9356323,0.1913591,-1.5699676,0.5085715,0.3073233,1.5081074,-0.3542488,-0.09729073,-0.10772236,0.18977746,-0.044405006,0.123944655,-0.14429006,0.0,0.0,0.0,0.0,0.0,0.0
-2.476178,-0.06149116,1.7165852,-0.6678365,-0.045552947,0.12615089,-0.22766651,-0.035663974,-0.1786371,0.40869263,0.052891612,0.0014069328,0.77961606,0.03430442,-0.1273489,1.1587282,0.071016155,0.06580609,0.044840697,0.014032607,0.002846706,-0.037271276,0.10522669,-0.11394409,-0.122114174,-0.10706352,0.11740487,0.035806123,0.026398981,0.0053180186,-0.25818437,0.15022442,0.28137785,-0.28818968,-0.07007954,-0.19900629,-0.10949992,0.058818508,0.014053798,0.021606581,-0.06755617,-0.33340627,0.051895645,0.15996756,0.301398,0.12382927,0.036526576,-0.020604802,0.15995936,-0.27915007,-0.93626946,0.28515851,0.37051237,0.93598247,0.20872591,-1.601739,0.48604652,0.30420896,1.5910256,-0.37124652,-0.08749393,-0.11773757,0.20670637,-0.056053855,0.13792264,-0.1717414,0.0,0.0,0.0,0.0,0.0,0.0
-2.5896268,-0.03779688,1.5548707,-0.56180805,-0.017407635,0.18500522,-0.43463856,0.019532021,-0.18213812,0.4016781,0.011909176,-0.014716344,0.7988888,0.022618081,-0.11408396,1.6972655,0.069762595,0.109592825,0.03818885,-0.009688552,0.015580478,-0.08532971,0.10384278,-0.07877241,-0.16017255,-0.090658344,0.1107141,0.013336246,-0.019686084,0.0069923257,-0.30219942,0.16429937,0.25476032,-0.3339388,-0.080227375,-0.19367269,-0.16594924,0.089534126,0.0013779732,0.00688314,-0.15990493,-0.32697043,0.037949186,0.12910174,0.33411935,0.10682413,0.04546949,-0.026887275,0.11429497,-0.44202495,-0.88651437,0.27219108,0.28289115,0.98281765,0.2054514,-1.7018521,0.5316575,0.23623933,1.5438436,-0.42659146,-0.069957055,-0.108802505,0.22253457,-0.0619662,0.10968128,-0.15129524,0.0,0.0,0.0,0.0,0.0,0.0
-2.5334437,-0.04517547,1.5794816,-0.42986792,0.0057091564,0.13945985,-0.457453,0.045688488,-0.17845094,0.38590175,-0.0035414624,-0.000114574934,0.6994647,0.0237767,-0.10323651,1.6341609,0.058347538,0.09677589,0.041701976,-0.012499217,0.035324346,-0.111764215,0.08803771,-0.052957322,-0.14665209,-0.07428599,0.114835165,-0.0044250465,-0.02203543,0.016211681,-0.2770971,0.17766629,0.22015378,-0.31816497,-0.08310972,-0.18543825,-0.17397854,0.08655867,0.011411717,-0.022991763,-0.26875722,-0.3001082,0.0031237104,0.22302727,0.30919477,0.11235802,0.041909557,-0.02595094,0.061656825,-0.53710014,-0.87789214,0.23205492,0.3932554,0.97090936,0.16123101,-1.6388296,0.5446338,0.17997812,1.5625238,-0.46991774,-0.082733646,-0.100680135,0.22942816,-0.08447874,0.10984596,-0.16684997,0.0,0.0,0.0,0.0,0.0,0.0
-2.5864906,-0.03417624,1.5236956,-0.4471612,0.022128781,0.22690497,-0.64144814,0.060181364,-0.2560351,0.41732597,-0.019672057,-0.0037044128,0.7097702,0.008228447,-0.107579425,1.8804362,0.060911838,0.14461952,0.04521316,-0.028108258,0.035640497,-0.12894411,0.08915154,-0.06417279,-0.16869588,-0.08702533,0.1380778,-0.005949672,-0.038861945,0.014087791,-0.29767558,0.20800316,0.24780856,-0.34738854,-0.071488835,-0.21003899,-0.15543647,0.09148343,0.016259346,-0.05552502,-0.397896,-0.21637009,-0.033260927,0.318879,0.20860183,0.07817009,0.03307326,-0.01844598,-0.019866377,-0.63059545,-0.757399,0.19604297,0.44707468,0.8665573,0.14584567,-1.7391431,0.59335935,0.18105942,1.7524923,-0.5454589,-0.07564015,-0.1171429,0.2576899,-0.08691853,0.13705163,-0.19096468,0.0,0.0,0.0,0.0,0.0,0.0
-2.430688,-0.13927968,1.7156396,-0.24483952,0.10533543,0.36119395,-0.94860744,0.08187448,-0.4130167,0.4013113,-0.050946623,0.009481808,0.81938386,-0.08509071,-0.09600933,1.9397565,0.009289578,0.23455429,0.019946054,0.0072065745,0.04774894,-0.17549948,0.10298779,-0.083029844,-0.1631096,-0.09583462,0.16547763,-0.011501178,-0.04040832,0.025839958,-0.30321422,0.18728293,0.2569926,-0.32335845,-0.105436586,-0.25657067,-0.12398365,0.09556117,0.011739263,-0.08488953,-0.40473166,-0.10083155,-0.06370044,0.34305838,0.14597273,0.12029861,0.010452569,-0.02826885,-0.094081745,-0.6604427,-0.63129526,0.077955164,0.51205385,0.7824188,0.088042684,-1.6846691,0.5764563,0.095747404,1.6743355,-0.5647982,-0.06368307,-0.09946748,0.20044751,-0.0793745,0.10265093,-0.13577797,0.0,0.0,0.0,0.0,0.0,0.0
-2.529416,-0.07027889,1.7190183,-0.08376289,0.13220115,0.37276256,-1.1008189,0.12114072,-0.32439628,0.4007115,-0.10569796,0.008956317,0.9819036,-0.1403696,-0.0750829,1.8560355,-0.027698679,0.27607858,-0.0013930624,-0.03163411,0.043734185,-0.15808216,0.11945852,-0.0832823,-0.13478126,-0.12020598,0.17396095,-0.009952542,-0.08710427,0.02230095,-0.33362263,0.16801341,0.22260556,-0.2927572,-0.080760196,-0.3020078,-0.1046907,0.0883823,0.0056618955,-0.09864685,-0.48158264,-0.048224602,-0.10808509,0.3387876,0.042743642,0.10773966,0.028336475,-0.023264423,-0.13719952,-0.7433405,-0.60816205,0.015767941,0.5057943,0.7122035,0.06044396,-1.5500382,0.5237201,0.035013136,1.7160039,-0.63041806,-0.065096244,-0.09570248,0.18381307,-0.09320425,0.10599695,-0.14330009,0.0,0.0,0.0,0.0,0.0,0.0
-2.5662062,-0.045210477,1.7102301,0.057400074,0.16185853,0.35384232,-1.2202424,0.15543309,-0.29192787,0.4178246,-0.14788015,0.022690253,0.79954755,-0.20032191,-0.052168917,1.719663,-0.06721768,0.27928483,-0.0075183036,-0.027268168,0.043814264,-0.12813163,0.13255408,-0.09726206,-0.08983378,-0.13310792,0.21728247,-0.0011276169,-0.10741679,0.023400262,-0.33193484,0.1518082,0.21284954,-0.2555385,-0.052301984,-0.3691433,-0.09762694,0.07419854,-0.008539885,-0.093031466,-0.4289396,-0.047290444,-0.09411843,0.2290715,0.04544529,0.08633876,0.03541112,-0.016416097,-0.13673954,-0.75284654,-0.6013268,0.018299434,0.31614,0.70443463,0.059698537,-1.6402087,0.5553663,0.0027584853,1.6121478,-0.6070697,-0.07955289,-0.1100627,0.20790067,-0.09277172,0.10125352,-0.13968404,0.0,0.0,0.0,0.0,0.0,0.0
-2.5947878,-0.034212258,1.6858989,0.15205358,0.20345515,0.3462362,-1.2192967,0.18735673,-0.3130683,0.39326835,-0.17539643,0.032789577,0.58344436,-0.2346655,-0.04089685,1.5341451,-0.084873736,0.2258801,0.004776394,-0.03416926,0.064072,-0.10728573,0.12748283,-0.10973323,-0.040961582,-0.117328495,0.2523251,-0.007821262,-0.12596339,0.03459028,-0.30066743,0.15615791,0.20760916,-0.23615608,-0.05824425,-0.40153348,-0.09486541,0.08241005,-0.008247747,-0.07564488,-0.44349754,-0.07787605,-0.07142169,0.20316672,0.10750274,0.091539904,0.03308835,-0.008639159,-0.1199836,-0.79103094,-0.6653651,0.078122176,0.28948915,0.8466519,0.05869696,-1.53868,0.5062501,-0.011219374,1.4855527,-0.56065273,-0.08919894,-0.10105003,0.20134075,-0.119214095,0.087591395,-0.1237377,0.0,0.0,0.0,0.0,0.0,0.0
-2.6352963,-0.03216925,1.6419207,0.18016301,0.2125522,0.30492142,-1.1275027,0.1782355,-0.29268205,0.3483419,-0.19295238,0.039612956,0.54887253,-0.2249821,-0.047254506,1.2880086,-0.075530104,0.1711835,0.021172527,-0.050119452,0.07207287,-0.09939213,0.12293005,-0.11440709,-0.010457741,-0.11405556,0.2645591,-0.0067326613,-0.13736504,0.037321944,-0.28663203,0.15082626,0.19682026,-0.2187528,-0.05394447,-0.42784867,-0.079294,0.06935162,-0.006612595,-0.05490914,-0.4626775,-0.11192303,-0.065050185,0.19714814,0.1162738,0.116277955,0.046137165,-0.006881198,-0.073610224,-0.79395735,-0.7252801,0.113273874,0.2927279,0.86923116,0.11881978,-1.4701612,0.4302052,0.026694681,1.5615338,-0.55250657,-0.09585523,-0.10438157,0.17998202,-0.13095391,0.10200323,-0.12484815,0.0,0.0,0.0,0.0,0.0,0.0
-2.4354527,-0.032685805,1.8561093,0.22410533,0.16153175,0.2500015,-1.048328,0.11300864,-0.16785452,0.3170592,-0.18654601,0.021498604,0.5543387,-0.24332157,-0.036506377,1.046753,-0.10230207,0.15539086,0.012385644,-0.035485502,0.03790129,-0.06419973,0.14509651,-0.13213594,0.0007882764,-0.15408368,0.25211608,0.02740138,-0.13327098,0.02107567,-0.30140144,0.11928663,0.1942659,-0.18256786,-0.01937143,-0.42270038,-0.09646317,0.035980184,-0.0034070977,-0.009257951,-0.2526902,-0.17951992,-0.025087636,0.030250642,0.15107463,0.085448556,0.041709825,0.0021363662,0.0017827487,-0.62808084,-0.76962024,0.21152791,0.05915329,0.8530947,0.1637165,-1.6097596,0.4460664,0.1734127,1.5509157,-0.45267192,-0.095020264,-0.1364794,0.18484688,-0.0895008,0.12877406,-0.10018918,0.0,0.0,0.0,0.0,0.0,0.0
-2.3619614,-0.0027176987,1.9540998,0.2682615,0.15034166,0.20060782,-0.9214147,0.06366776,-0.1412533,0.2780654,-0.18548259,0.03496418,0.59672886,-0.2347796,-0.030459126,0.7415245,-0.111788176,0.11761955,0.015277888,-0.01648935,0.04132978,-0.04732859,0.1500447,-0.13586907,0.04924881,-0.16530472,0.2470266,0.048518475,-0.11649491,0.032496836,-0.31056228,0.100237824,0.16695033,-0.15844092,-0.02140756,-0.41231826,-0.07343495,0.01786202,-0.00038555474,0.02135734,-0.09282412,-0.22134595,-0.010548898,-0.067374095,0.18898648,0.092588946,0.044764955,-0.0016691466,0.039780635,-0.52268565,-0.859481,0.19361076,-0.023235025,0.87112266,0.15053926,-1.5696177,0.44965765,0.14572677,1.3034325,-0.3562528,-0.123769976,-0.13201112,0.16489886,-0.074875325,0.10615055,-0.07664392,0.0,0.0,0.0,0.0,0.0,0.0
-2.322444,-0.044767786,2.0276625,0.20645018,0.08499364,0.11421489,-0.7999618,0.032924555,-0.07040368,0.32805577,-0.14436373,0.056910403,0.97767806,-0.17096245,-0.035974964,0.5172289,-0.1230244,0.085281365,0.029626166,0.0013471841,0.07405535,-0.06784895,0.14141366,-0.11135809,0.07891468,-0.15270305,0.18221822,0.041908298,-0.0742187,0.060038052,-0.3122364,0.0746186,0.12631245,-0.14296013,-0.06586595,-0.3491692,-0.07921864,0.0013614683,0.009874254,0.04347737,-0.117732204,-0.26312816,-0.01693656,0.046303626,0.3001971,0.13007139,0.0011508159,-0.0034969659,0.13120022,-0.5029095,-0.91675246,0.16854641,0.18693045,0.9456668,0.25148508,-1.3715544,0.32745352,0.060234316,1.0061883,-0.2828438,-0.09960026,-0.12211851,0.14515714,-0.045403358,0.07724131,-0.09912533,0.0,0.0,0.0,0.0,0.0,0.0
-2.334441,-0.045573823,2.0014193,0.09435572,0.05627729,0.10450583,-0.72558314,0.017223287,-0.05231129,0.35648152,-0.11243907,0.051297504,1.2043335,-0.14281996,-0.053908218,0.5044717,-0.11142808,0.08462882,0.03144973,0.0046292027,0.06266886,-0.067275874,0.1426721,-0.10917199,0.07295857,-0.15374556,0.15317136,0.05069285,-0.05558995,0.054322097,-0.3247648,0.06618284,0.13043086,-0.1572699,-0.07172929,-0.32244626,-0.06878935,0.0020835495,0.0042992807,0.05135056,-0.108193785,-0.2719166,0.003907086,0.07306566,0.3060661,0.12363916,0.009129691,0.0007266589,0.1569159,-0.4511908,-0.9386462,0.19573458,0.21473558,0.9569056,0.2778339,-1.2844177,0.27406543,0.14126629,0.9651673,-0.20865117,-0.081466995,-0.113001004,0.14031392,-0.0241896,0.073973395,-0.09791906,0.0,0.0,0.0,0.0,0.0,0.0
-2.2636096,-0.08240304,2.0858877,-0.030896908,0.007567155,0.032153666,-0.7035448,0.03547675,-0.0052688634,0.39595923,-0.089353755,0.061018076,1.5465909,-0.10316491,-0.10267047,0.6344501,-0.10810458,0.09943537,0.025655063,0.0041155135,0.070810705,-0.09589305,0.14430785,-0.06531022,0.03418662,-0.16298409,0.10528102,0.060378574,-0.038164403,0.05496375,-0.34668362,0.058027696,0.10153795,-0.17645092,-0.053070642,-0.2686153,-0.09103151,-0.011595823,0.011117089,0.06475054,-0.11227583,-0.2853665,0.00091937033,0.12009829,0.30181742,0.11361721,0.003927391,-0.00892517,0.20738904,-0.36911768,-0.9471205,0.19496393,0.264735,0.91696805,0.36150673,-1.0732011,0.14420262,0.19600981,1.0088623,-0.19073965,-0.033380356,-0.10873482,0.10148477,0.010135801,0.08324512,-0.09517944,0.0,0.0,0.0,0.0,0.0,0.0
-2.2362936,-0.034535415,2.1605375,-0.48434255,-0.0054192496,0.13211711,-0.53799266,-0.0006516672,-0.18602695,0.40522513,-0.012904217,0.037553113,1.3603768,-0.04635977,-0.1737044,1.2263713,0.0026162101,0.12111137,0.015607077,0.0141228,0.03172324,-0.08492942,0.14356323,-0.07545856,-0.08729416,-0.1413965,0.0988453,0.06335599,0.0090278685,0.02169934,-0.3173976,0.08755723,0.19979574,-0.28108326,-0.06758398,-0.22376963,-0.04998447,0.026880069,0.004267714,0.052365396,-0.07390872,-0.28229707,0.030324189,0.13124032,0.25846714,0.18224344,0.032413896,-0.02627258,0.14789969,-0.27556744,-0.95247144,0.1701649,0.35765976,0.915929,0.2367449,-0.9058453,0.15297897,0.20949894,1.062468,-0.20211408,-0.014862486,-0.05224702,0.08589001,-0.0034404886,0.060568135,-0.08880236,0.0,0.0,0.0,0.0,0.0,0.0
-2.2886488,0.0132420845,2.1093736,-0.57769614,-0.03680564,0.17934744,-0.42730778,-0.028030826,-0.19454886,0.44283843,0.0028458387,0.044179354,1.744887,-0.06282969,-0.18649916,0.80906814,-0.0071587674,0.08124398,0.03246675,0.017028593,0.03640984,-0.109527186,0.13236952,-0.09637126,-0.09272321,-0.13292639,0.07431371,0.060598888,0.024156665,0.031242015,-0.341909,0.07783692,0.19763972,-0.257791,-0.115384705,-0.22755209,-0.07312979,0.015539898,0.0058866264,0.06606334,-0.06764516,-0.29713976,0.018655078,0.16999765,0.27650028,0.13470161,0.027762922,-0.034905225,0.18592109,-0.2249663,-0.9407178,0.114591256,0.39234793,0.8652314,0.31164965,-0.99042165,0.17239441,0.19120674,1.1924713,-0.28793627,-0.012234928,-0.06742861,0.093730494,0.006660993,0.06908273,-0.13419051,0.0,0.0,0.0,0.0,0.0,0.0
-2.2785394,0.060534645,2.1322267,-0.83240604,-0.10011574,0.114996165,-0.35784116,-0.017817723,-0.15159915,0.5247878,0.04063428,0.037679225,1.7442261,-0.025683025,-0.22494125,0.8120109,0.016595598,0.069834,0.014485282,0.031153427,0.02566119,-0.09014384,0.13169548,-0.103114724,-0.12862773,-0.13048626,0.05260059,0.0772161,0.051877365,0.025177475,-0.33345085,0.06387934,0.22483546,-0.2532289,-0.114613876,-0.19792709,-0.11798034,0.0170742,-0.0013163865,0.070253864,0.013020104,-0.28366628,0.0015313504,0.14988433,0.26018783,0.08126953,0.018269744,-0.05138602,0.2174453,-0.09311388,-0.9087445,0.053607833,0.37225753,0.80076045,0.33480862,-1.2305436,0.29798514,0.13296075,1.4131471,-0.42772317,-0.033682223,-0.10255025,0.13502759,-0.00024752447,0.100053675,-0.1949524,0.0,0.0,0.0,0.0,0.0,0.0
-1.9527085,-0.10112046,2.35615,-0.94259,-0.12186908,0.05508621,-0.11833465,-0.08048521,-0.16220887,0.48973334,0.10119214,0.054719128,1.7437372,-0.013785549,-0.25305364,0.32625085,0.05065487,0.04199861,0.022475054,0.08093098,0.0037658752,-0.061982583,0.13989691,-0.14990392,-0.08904513,-0.1497709,0.058557097,0.11085785,0.11999509,0.021797502,-0.28767306,0.024653679,0.28889298,-0.21787477,-0.12205018,-0.20697562,-0.12064242,-0.033209644,0.015401842,0.10251363,0.102496825,-0.22148661,-0.020539666,0.23945257,0.12848137,0.027472958,0.0011492536,-0.05589037,0.32588527,0.055198662,-0.955507,-0.031133208,0.5820118,0.65934247,0.4763382,-1.2247032,0.21718693,0.2128062,1.5168527,-0.38399273,-0.06590426,-0.12957028,0.10100905,0.028167887,0.13763285,-0.20978639,0.0,0.0,0.0,0.0,0.0,0.0
-2.0047703,-0.056482133,2.3476102,-1.1712112,-0.20071493,0.15787493,-0.10217406,-0.16329831,-0.27351874,0.54402524,0.119135,0.045041826,2.1527054,-0.064568944,-0.31701383,0.33573678,0.057530224,0.023764156,0.022582032,0.08720365,-0.018442083,-0.09817248,0.12505214,-0.1741202,-0.1450736,-0.12891257,0.050247207,0.100997895,0.13461615,0.010538537,-0.35081202,0.04307702,0.33575413,-0.25690508,-0.17723122,-0.25313088,-0.15603371,-0.03742572,0.01952231,0.11036137,0.09510838,-0.2251949,-0.021601751,0.2790684,0.08737251,-0.020383568,0.020255644,-0.061374214,0.30701578,0.08683973,-0.9301312,-0.0967694,0.6368896,0.5603415,0.45467466,-1.336487,0.28858405,0.21719305,1.6724846,-0.46035948,-0.050427236,-0.12027812,0.12554832,0.059244137,0.13412121,-0.2635556,0.0,0.0,0.0,0.0,0.0,0.0
-2.046072,0.0404337,2.3190281,-1.2445396,-0.24803998,0.1355778,0.01780301,-0.2162876,-0.28138196,0.5348056,0.14961372,0.04290214,2.0247242,-0.066856764,-0.30744538,0.38510936,0.08995013,0.025496032,0.015953898,0.117265396,-0.04496294,-0.058286566,0.13370202,-0.2219161,-0.15068103,-0.14713906,0.06653947,0.098478235,0.16957495,-0.00085727,-0.33898887,0.019145066,0.40802926,-0.2605566,-0.15874688,-0.26027623,-0.18096194,-0.062469963,0.016982215,0.09540876,0.14445888,-0.1931068,-0.04731174,0.3148029,0.017448869,-0.04812906,0.0035357333,-0.06595055,0.30277565,0.17733993,-0.8788967,-0.19121623,0.6752506,0.41054925,0.3867096,-1.5011976,0.39102453,0.17945467,1.6193665,-0.44209847,-0.090638965,-0.13777772,0.13666177,0.07281231,0.13931647,-0.26628742,0.0,0.0,0.0,0.0,0.0,0.0
-2.2735503,0.1296604,2.0471795,-1.194538,-0.22197886,0.16492838,-0.082451515,-0.2240271,-0.32790604,0.48986652,0.12806685,0.044919375,1.6775309,-0.057697076,-0.23810762,0.73168695,0.08660886,0.04161849,0.01014988,0.118017904,-0.011665999,-0.020999134,0.15370935,-0.24342045,-0.13325606,-0.15266249,0.124898866,0.114370406,0.15992811,0.017059773,-0.32377592,0.011837053,0.45293105,-0.30168068,-0.14936885,-0.2890892,-0.14899439,-0.046045616,0.03361001,0.12306248,0.1921415,-0.14056519,-0.05197116,0.22239126,0.03158105,-0.02798269,-0.034454178,-0.065671295,0.35341188,0.18914916,-0.8507092,-0.17312935,0.6132434,0.47036445,0.4275919,-1.6700835,0.40971348,0.12658282,1.6579372,-0.4806499,-0.09622168,-0.14465633,0.12983167,0.04046191,0.13303912,-0.25182134,0.0,0.0,0.0,0.0,0.0,0.0
-2.6942382,0.09511639,1.4843537,-0.10919667,0.017793894,0.27297845,-1.1073482,0.041201495,-0.53679276,0.3528407,-0.04910733,0.095337965,0.8325403,-0.35725623,-0.03530884,1.395067,-0.12326591,0.22946788,0.020841582,0.13169132,0.05602907,-0.06893839,0.16069655,-0.20395908,-0.061312053,-0.16134758,0.2752812,0.11066357,0.07020463,0.047976177,-0.3089393,0.061741803,0.37982756,-0.29519117,-0.09924278,-0.40458626,-0.11433117,-0.03099208,0.08446335,0.15741104,0.21550137,-0.15544125,-0.07694638,0.09199644,0.102852575,-0.0017895098,-0.09941593,-0.08378071,0.3015151,0.17609784,-0.8067399,-0.07243835,0.55537826,0.5792036,0.40782622,-1.5454571,0.32068226,0.064404994,1.8311293,-0.5516001,-0.091395564,-0.13396028,0.094519295,-0.02152402,0.15136427,-0.23064545,0.0,0.0,0.0,0.0,0.0,0.0
-2.3123763,0.14005998,2.0070353,-1.1075544,-0.178458,0.18867424,0.03106564,-0.20390877,-0.3046421,0.4183544,0.13696687,0.039286032,1.435483,-0.0152618615,-0.21407883,0.48677325,0.14887473,0.031479508,0.013241359,0.08317806,0.008301545,0.013199849,0.14824806,-0.26614922,-0.09535008,-0.14884509,0.15256612,0.11753934,0.14773217,0.024068542,-0.28862298,0.02134456,0.4645173,-0.29340735,-0.14244428,-0.29646447,-0.1230074,-0.0063516935,0.034014255,0.14003329,0.22305635,-0.16499908,-0.026969675,0.12573202,0.10695702,-0.01139111,-0.031695325,-0.07535663,0.33026534,0.22606851,-0.8502122,-0.06910622,0.5647386,0.618036,0.44820035,-1.5404981,0.3381101,0.14616136,1.8113364,-0.5267539,-0.091207266,-0.15099964,0.11208073,-0.022211486,0.16258293,-0.2569749,0.0,0.0,0.0,0.0,0.0,0.0
-2.2299263,0.12391519,2.1768014,-1.2288674,-0.18773814,0.090745434,0.37348962,-0.19186398,-0.10716319,0.38911623,0.19874197,-0.010774051,1.1971503,0.08682974,-0.21548833,0.4572769,0.2098151,0.01019465,0.017681068,0.06385707,-0.032290924,0.095453896,0.14768308,-0.28797737,-0.1407636,-0.16150996,0.09711264,0.13220449,0.15431076,-0.009349369,-0.25778705,0.026738679,0.5193453,-0.28844026,-0.102889195,-0.18695039,-0.13183439,0.05059284,0.01034285,0.12879406,0.25270152,-0.22635427,0.019020515,0.088879004,0.18535875,-0.0057624467,-0.02169886,-0.08173749,0.35710418,0.30062366,-0.84565055,0.0993303,0.49113822,0.7428357,0.51720333,-1.524849,0.30531597,0.2642293,1.8427873,-0.46404886,-0.111243114,-0.18244615,0.099374376,-0.043144498,0.20174116,-0.20625277,0.0,0.0,0.0,0.0,0.0,0.0
-2.2242763,0.086138666,2.141684,-1.059346,-0.1139323,0.08724329,0.32286504,-0.14884447,-0.07978388,0.3366266,0.1664829,-0.016519744,0.9071821,0.08977806,-0.16346158,0.6098493,0.18757178,0.015485749,0.021364799,0.041364525,-0.032603506,0.10071659,0.1561621,-0.2520491,-0.13143703,-0.16280799,0.111360095,0.13623339,0.11274752,-0.01588982,-0.2498951,0.050284665,0.47175992,-0.31353304,-0.06726467,-0.19879483,-0.08822885,0.06609723,0.005289133,0.1172304,0.24146716,-0.25227052,0.07394599,-0.004101603,0.21023116,0.010372298,0.01948444,-0.05523911,0.33634624,0.22376592,-0.89074135,0.2854843,0.33161125,0.86901546,0.49823457,-1.499062,0.27711412,0.37608713,1.7800238,-0.3635996,-0.093068175,-0.1632554,0.09963648,-0.052833084,0.19434232,-0.15020938,0.0,0.0,0.0,0.0,0.0,0.0
-2.2070386,0.048428692,2.1270893,-0.96044105,-0.07438387,0.07761384,0.22864725,-0.14184552,-0.095391296,0.36601555,0.14013563,-0.011398755,0.70947593,0.083177656,-0.14329341,0.77002454,0.14544843,0.02465449,0.03189486,0.042546306,-0.034862023,0.08732687,0.14628977,-0.21030535,-0.1352551,-0.1510722,0.11230134,0.11989551,0.09429053,-0.017554896,-0.23564956,0.075426504,0.42430326,-0.29417294,-0.061492242,-0.18435194,-0.07295876,0.051305175,0.0058084875,0.10719081,0.20958413,-0.31411213,0.07587238,0.0038237537,0.24372378,0.043907057,0.025789194,-0.04742719,0.31174606,0.14098935,-0.94467944,0.276462,0.32042658,0.8798303,0.45521873,-1.3774884,0.25613022,0.3702653,1.6491034,-0.31981012,-0.08944198,-0.13868509,0.1114373,-0.035056625,0.17262246,-0.14224315,0.0,0.0,0.0,0.0,0.0,0.0
-2.268146,-0.0032992656,2.098553,-0.8244593,-0.046500225,0.024764698,0.1028206,-0.10371973,-0.13228908,0.37833995,0.10377421,0.022113303,0.696908,0.07105067,-0.1513671,0.95726866,0.12870127,0.033953156,0.038813077,0.05116943,-0.003870447,0.06919582,0.14701167,-0.16369389,-0.10750924,-0.13932641,0.1265527,0.1010638,0.09391086,0.0021311112,-0.23943132,0.07100425,0.3642443,-0.30532363,-0.05027078,-0.20176587,-0.061955225,0.029498031,0.012400972,0.09867769,0.14536591,-0.29775518,0.05347141,0.06224935,0.23388928,0.07121122,0.02233883,-0.0424966,0.30735895,0.012045781,-0.97612095,0.21310882,0.34801522,0.85543966,0.45770162,-1.3195677,0.24239096,0.33567852,1.4178615,-0.25003058,-0.08255551,-0.118019186,0.115811855,-0.01077468,0.13446957,-0.13807541,0.0,0.0,0.0,0.0,0.0,0.0
-2.3245068,-0.023286555,2.0059898,-0.8213461,-0.051098518,0.085746594,0.03669711,-0.102585636,-0.15672442,0.41335243,0.09581841,0.004122531,0.68340063,0.056538135,-0.14256078,1.1492286,0.12630115,0.042960864,0.039794713,0.040161632,-0.010452443,0.036733124,0.13320065,-0.14777291,-0.14011897,-0.123685814,0.11506514,0.06386909,0.0690462,-7.3713156e-05,-0.23894237,0.09405658,0.34080595,-0.29375672,-0.05838636,-0.17941925,-0.08987022,0.04602221,0.003450645,0.057541844,0.081954345,-0.3393336,0.057624876,0.084672906,0.30908236,0.081417106,0.024163703,-0.03165311,0.23864663,-0.078670554,-0.9309239,0.21397732,0.29195473,0.8677557,0.3441895,-1.350951,0.31431282,0.2828521,1.1896987,-0.19912858,-0.0738519,-0.10925077,0.13567817,0.0019269075,0.107862696,-0.11231679,0.0,0.0,0.0,0.0,0.0,0.0
-2.4176345,-0.1140684,1.8422495,-0.55930376,-0.0099525,0.14422297,-0.17708994,-0.068028234,-0.21945941,0.36574084,0.044808198,0.014234807,0.6962554,0.007139628,-0.13351475,1.24624,0.113346815,0.05915612,0.023524739,0.027483307,0.0073747137,-0.05385909,0.12537123,-0.10851553,-0.1450684,-0.120977916,0.12831458,0.04153884,0.027558321,0.00700777,-0.2593229,0.11929458,0.27239114,-0.28273124,-0.055882875,-0.20023891,-0.123370126,0.036135413,0.012412351,0.040637184,0.083593436,-0.3872836,0.057026803,0.003552109,0.379601,0.12274488,0.029948177,-0.021385485,0.16959165,-0.15786077,-0.92450726,0.2313249,0.15262015,0.90148824,0.20549515,-1.361392,0.38693443,0.19699791,1.0508788,-0.19660294,-0.0934781,-0.0888101,0.117285356,-0.016231164,0.079207584,-0.066568896,0.0,0.0,0.0,0.0,0.0,0.0
-2.4575396,-0.09825911,1.7458863,-0.5104535,-0.012832766,0.12263602,-0.28267807,-0.024709398,-0.12679085,0.36361095,0.020627256,0.0016584763,0.80522263,0.008131768,-0.12477735,0.84040314,0.054442726,0.06880695,0.014651637,0.0023390607,-0.00058515463,-0.026918823,0.12987521,-0.11615019,-0.07056115,-0.1256645,0.12617376,0.062306717,0.0004243977,0.0035847803,-0.2650271,0.1064027,0.24460393,-0.24998033,-0.06500088,-0.23506664,-0.08072364,0.04836512,-0.0029211526,0.043128815,0.028857322,-0.33031186,0.074184366,-0.0025504087,0.3024722,0.14033738,0.06394925,-0.012957625,0.16270585,-0.24555066,-0.9863291,0.27190867,0.18906876,0.99300426,0.18963206,-1.4077008,0.40849227,0.271262,1.3524821,-0.31110352,-0.0815353,-0.09227559,0.16236874,-0.050577436,0.10136587,-0.12099934,0.0,0.0,0.0,0.0,0.0,0.0
-2.403014,-0.19248456,1.7097031,-0.3569049,0.03790404,0.21054064,-0.51559037,0.009777981,-0.2507346,0.39782393,-0.009471401,-0.0023395051,0.4701428,-0.03679617,-0.09017008,1.3180454,0.054039262,0.09416513,0.052445825,-0.00427119,0.011019543,-0.07606232,0.0950537,-0.1066005,-0.10375582,-0.09612659,0.16539468,0.01733088,-0.024819558,0.005787694,-0.24270034,0.15426853,0.2541435,-0.26607373,-0.06387086,-0.23346668,-0.14035076,0.073175125,0.0075532123,0.013190162,-0.15770862,-0.35114944,0.032705348,0.12244257,0.33329803,0.10410485,0.045765463,-0.019091634,0.10063609,-0.40279618,-0.8646308,0.23563235,0.25067714,0.9172035,0.17126238,-1.4829524,0.4239079,0.19733511,1.4060816,-0.34647396,-0.07900071,-0.104620725,0.18677486,-0.063352026,0.112811394,-0.1328377,0.0,0.0,0.0,0.0,0.0,0.0
-2.4624178,-0.15131715,1.639218,-0.33981502,0.052349202,0.17282917,-0.53455824,0.039198827,-0.2734329,0.3906364,-0.027269581,0.025720846,0.57702255,-0.0030200083,-0.12133105,1.4536977,0.07772992,0.09352569,0.04372015,-0.02720775,0.05192631,-0.09084876,0.112824686,-0.074237645,-0.10172798,-0.120470844,0.17658687,0.012588907,-0.036661185,0.025431814,-0.24979511,0.16385418,0.21530959,-0.2660483,-0.016431049,-0.24925123,-0.10327018,0.070987016,0.021424728,-0.032710865,-0.31385413,-0.2681151,-0.007863462,0.2227325,0.2790287,0.14512667,0.03384761,-0.004588037,-0.0037921015,-0.57363003,-0.74940085,0.18809266,0.2997394,0.8292017,0.121661656,-1.4604523,0.43762225,0.13519447,1.3007867,-0.33300814,-0.07835454,-0.10643489,0.18614885,-0.058479402,0.102507904,-0.123550944,0.0,0.0,0.0,0.0,0.0,0.0
-2.485545,-0.15842515,1.6890842,-0.31546623,0.0966051,0.2538135,-0.7342619,0.08230516,-0.36135608,0.39407328,-0.05162481,0.026106106,0.7768396,-0.0045955055,-0.13572474,1.8834952,0.06998956,0.14591977,0.037261974,-0.03778793,0.06791678,-0.16536099,0.110631205,-0.04383569,-0.1561817,-0.11804008,0.16282159,0.003806102,-0.05714945,0.028829817,-0.30082443,0.19743332,0.21069975,-0.33124536,-0.045258336,-0.24634597,-0.08943804,0.072014846,0.02904845,-0.04151285,-0.3794802,-0.22018768,-0.025337018,0.2570449,0.22342986,0.1661329,0.03051878,-0.008369534,-0.047547225,-0.6472425,-0.732133,0.16951531,0.36978847,0.82691103,0.12298728,-1.482601,0.4697545,0.14212832,1.5202764,-0.45709264,-0.066178106,-0.08136069,0.17755276,-0.06407439,0.09349898,-0.11605125,0.0,0.0,0.0,0.0,0.0,0.0
-2.2550864,-0.17018308,2.0105772,-0.08314388,0.15468258,0.34902847,-1.098621,0.12891532,-0.3950532,0.41130286,-0.088075526,0.021382447,0.7189525,-0.15306754,-0.075181805,1.8609396,-0.025010033,0.2547172,-0.0035336975,0.014237933,0.06515235,-0.15563054,0.124091074,-0.08052686,-0.13686815,-0.12040797,0.18913883,-0.008253572,-0.06286272,0.032696214,-0.30271372,0.17072666,0.22596775,-0.27730113,-0.06839119,-0.28725013,-0.15233044,0.09980786,0.0033585455,-0.06200432,-0.29394412,-0.15910226,-0.023875099,0.17715862,0.2852248,0.123940505,-0.009558644,-0.023372704,-0.11556015,-0.62780774,-0.6045107,0.13130455,0.276951,0.872083,-0.0036023527,-1.5631155,0.5467905,0.009538262,1.2320459,-0.41960883,-0.06310395,-0.088741176,0.1689405,-0.079747036,0.058483522,-0.06237915,0.0,0.0,0.0,0.0,0.0,0.0
-2.3996735,-0.10621754,1.9492767,0.15634252,0.15620132,0.32264277,-1.3143649,0.1802643,-0.3073748,0.40660793,-0.14473215,0.032277517,0.73781973,-0.2592522,-0.031260945,1.8908662,-0.08585463,0.3338321,-0.01822102,0.019573018,0.058457218,-0.13318749,0.14779578,-0.06633206,-0.10464658,-0.1455458,0.21066579,4.5918438e-05,-0.095728315,0.029253978,-0.3431833,0.15534544,0.1831029,-0.25356698,-0.018036645,-0.34424123,-0.16480231,0.09669137,-0.00934668,-0.07374034,-0.27883363,-0.12929003,-0.020968689,0.100561604,0.24769287,0.08404351,0.008887443,-0.015383721,-0.15801077,-0.6889742,-0.58569455,0.15825546,0.11094228,0.87129784,-0.043081664,-1.638262,0.605579,0.019250339,0.9821738,-0.30968556,-0.07605925,-0.09693515,0.19359079,-0.06984259,0.046965864,-0.033543732,0.0,0.0,0.0,0.0,0.0,0.0
-2.4302127,-0.08837547,1.9065096,0.22547935,0.18133411,0.33660597,-1.3458825,0.20818678,-0.3144029,0.40955338,-0.16703951,0.04316826,0.5681468,-0.3165306,-0.018780936,1.6616085,-0.124553956,0.27893886,-0.014872063,0.020057857,0.068852924,-0.10452779,0.15005887,-0.092743136,-0.04793528,-0.13548172,0.25662255,-0.0067196703,-0.10795725,0.040021766,-0.31755698,0.14836055,0.17659284,-0.20647998,0.000100257756,-0.40099347,-0.18645252,0.10850208,-0.02663543,-0.071577795,-0.29318088,-0.13189243,-0.0065492503,0.07233334,0.3072457,0.055005856,0.0012796711,-0.002991256,-0.1542392,-0.7606921,-0.5708533,0.18106987,0.015751071,0.9203056,-0.026363872,-1.678081,0.6005192,-0.051456016,0.64288676,-0.17975038,-0.07769761,-0.119895525,0.20097812,-0.067110546,0.03880734,-0.0077005774,0.0,0.0,0.0,0.0,0.0,0.0
-2.4936678,-0.080301546,1.796129,0.23568708,0.20966783,0.30889457,-1.2488225,0.19381823,-0.28523886,0.37699378,-0.18334946,0.03803944,0.4995879,-0.2932912,-0.0324841,1.4356809,-0.101484515,0.21462263,-0.003770919,-0.014147595,0.07816324,-0.08966634,0.15130468,-0.10507552,-0.011006083,-0.13191725,0.26979232,-0.007979667,-0.1308574,0.04352211,-0.28796697,0.136503,0.17346554,-0.1946569,0.00037990542,-0.41875774,-0.13330331,0.11589943,-0.03294069,-0.066083655,-0.3545716,-0.11474128,-0.011100702,0.07174537,0.27094212,0.07600036,0.018437343,0.006269786,-0.1455724,-0.80403656,-0.5895199,0.19424619,0.032158803,0.94592166,0.0013085381,-1.5164613,0.49568424,-0.022809185,0.72356933,-0.19098175,-0.07546669,-0.11334137,0.1875235,-0.09431515,0.048186883,-0.018524315,0.0,0.0,0.0,0.0,0.0,0.0
-2.3840988,-0.032412704,1.9145998,0.23044349,0.19092731,0.24332078,-1.1500111,0.16115211,-0.24634324,0.36157495,-0.1981748,0.055571247,0.5175492,-0.26678026,-0.04305773,1.1275841,-0.093139105,0.15677522,-0.0021773463,-0.01571031,0.07144362,-0.084004566,0.14638764,-0.11806904,0.013598857,-0.14445123,0.2772556,0.0060069975,-0.12096848,0.042300966,-0.27467844,0.12295869,0.1744889,-0.17257188,-0.009523699,-0.4397565,-0.10375482,0.043137863,-0.011443136,-0.044846065,-0.27566037,-0.15511425,-0.0398881,0.046258233,0.19844322,0.09568067,0.022787167,0.004835095,-0.086952746,-0.7018879,-0.7105201,0.12193743,0.047542654,0.84859586,0.026482346,-1.4869821,0.47749493,-0.05662078,1.0495297,-0.3439355,-0.10778944,-0.11310573,0.18175131,-0.100836664,0.07558893,-0.0740008,0.0,0.0,0.0,0.0,0.0,0.0
-2.245351,-0.034749426,2.1047895,0.25427496,0.12870038,0.18623179,-1.0503469,0.08363378,-0.106758006,0.34469962,-0.18591145,0.041012954,0.7261852,-0.24813396,-0.029079556,0.8791779,-0.1359266,0.14667025,-0.00054552266,-0.011117693,0.04441424,-0.06326719,0.15778072,-0.121876314,0.028456109,-0.17262541,0.23394759,0.038615566,-0.11505211,0.030461593,-0.3095972,0.09327771,0.1546687,-0.15187123,-0.013029575,-0.41746512,-0.11626673,0.009723291,-0.00011601429,-0.0038953964,-0.13075413,-0.23387267,-0.025684604,-0.044901233,0.22535436,0.09273561,0.027396115,0.003230127,-0.0022455454,-0.545082,-0.78880423,0.16933972,-0.025838772,0.83003634,0.07820227,-1.5410395,0.47197407,0.061063625,1.1814144,-0.3531487,-0.098085366,-0.12471556,0.17249978,-0.059417546,0.09489983,-0.07302071,0.0,0.0,0.0,0.0,0.0,0.0
-2.2243361,-0.049793288,2.1591382,0.16876253,0.08333944,0.11225717,-0.7861497,0.031876314,-0.024311004,0.34891728,-0.14497961,0.048331268,1.0688547,-0.17204708,-0.043784667,0.465566,-0.112258084,0.084016696,0.010174881,-0.009634734,0.056596518,-0.050215974,0.16228902,-0.12301756,0.08330049,-0.17877443,0.18369062,0.056533262,-0.08605251,0.04736904,-0.32103813,0.057275057,0.12405167,-0.124663174,-0.038479023,-0.37779367,-0.08468089,-0.014148253,-0.007315193,0.034687057,-0.0729408,-0.29179037,-0.004200272,-0.047610212,0.32226568,0.122835554,0.01636051,0.01260776,0.090269916,-0.49165103,-0.869641,0.17014205,-0.0020165734,0.8868402,0.16105476,-1.4267364,0.3818087,-0.0006526876,0.7836049,-0.2072806,-0.095173016,-0.12130061,0.14846736,-0.022344993,0.06509777,-0.062479477,0.0,0.0,0.0,0.0,0.0,0.0
-2.0485756,-0.0510376,2.3751614,-0.6734201,0.0064802943,0.1320781,-0.11739494,-0.04760333,-0.15490313,0.4115175,0.03875237,0.005662751,0.7003426,0.06869787,-0.13845588,1.2163709,0.10552923,0.051263757,0.018688615,-0.005377892,0.009745047,-0.0042771827,0.13372539,-0.11315168,-0.1405145,-0.1267457,0.11137553,0.03471349,0.01650342,0.00394483,-0.23750992,0.11558066,0.2639188,-0.23741043,-0.052801684,-0.17485233,-0.11460385,0.036079068,-0.011538468,-0.001639759,-0.11783537,-0.36447692,0.008025412,0.13991667,0.3423454,0.1466068,0.025006903,-0.022089446,0.09451771,-0.3650369,-0.86660814,0.10200748,0.2716516,0.8268742,0.11656879,-1.202253,0.36947235,-0.028308265,0.8910602,-0.27209398,-0.07875718,-0.07874695,0.13015866,-0.019225318,0.06051855,-0.085468285,0.0,0.0,0.0,0.0,0.0,0.0
-2.3313243,-0.07856926,2.0821106,0.0018132542,0.03595993,0.055188507,-0.6028867,0.023254711,-0.023998242,0.36122876,-0.09156361,0.06113273,1.433686,-0.09977554,-0.09330232,0.42834583,-0.08516765,0.07269589,0.025677513,-0.008255471,0.07092021,-0.072164156,0.14593434,-0.09159898,0.06564329,-0.17341611,0.12301658,0.05600419,-0.04171523,0.054765962,-0.3179598,0.06291248,0.113030985,-0.15794373,-0.05120652,-0.2794511,-0.07124091,-0.012072179,0.018527474,0.05835474,-0.10604301,-0.3131924,-0.003547176,0.10854078,0.31014034,0.136479,0.009088695,-0.00485079,0.16094375,-0.36186424,-0.9543479,0.18743423,0.2859159,0.91909474,0.23370467,-0.8329814,0.107499585,0.14715193,0.977019,-0.2040824,-0.033880804,-0.09105826,0.08385345,-0.010318283,0.080813326,-0.088123135,0.0,0.0,0.0,0.0,0.0,0.0
-2.2853887,-0.008098511,2.147877,-0.28021085,0.011088187,0.1194027,-0.39065963,-0.0037725894,-0.060514115,0.33226347,-0.039832626,0.04006929,1.727969,-0.076471545,-0.145927,0.35794485,-0.02506666,0.06488605,0.012383132,-0.010110252,0.035292555,-0.07218621,0.1606398,-0.0976697,0.008190131,-0.18170321,0.085937336,0.076490976,-0.018231241,0.030804649,-0.34131438,0.04405709,0.13381162,-0.18482864,-0.044366583,-0.2583318,-0.06665205,0.01156225,-0.023345664,0.072917394,-0.059192657,-0.31501088,0.054795265,0.075190745,0.30907157,0.11717753,0.048022974,-0.007829809,0.16692428,-0.25586492,-0.9364095,0.22123922,0.19161648,0.9151852,0.2282315,-0.65639615,0.032905787,0.2292075,0.7076815,-0.017220568,0.009339394,-0.07123051,0.028959997,0.040739615,0.058149885,-0.023677707,0.0,0.0,0.0,0.0,0.0,0.0
2.3065112,0.0182602,-2.112071,-0.46723866,0.024557978,0.16082023,-0.4893874,-0.022393998,-0.3069989,0.4237532,-0.0063608317,0.05974732,1.0992813,-0.042383984,-0.16369271,1.4359667,0.04429905,0.10143092,0.043111023,0.023307133,0.04925995,-0.10217269,0.12971178,-0.07816696,-0.12613547,-0.12877196,0.12332999,0.040324595,0.025648527,0.029370269,-0.29191852,0.1166441,0.22379227,-0.30442646,-0.0720344,-0.21260726,-0.06878982,0.0172439,0.03001213,0.05935168,-0.07552208,-0.3608286,0.018065326,0.17785467,0.31660914,0.17061836,0.011229743,-0.035935905,0.15501218,-0.22627404,-0.9532152,0.13464817,0.40449864,0.8736552,0.2244001,-0.67795813,0.07145562,0.13921975,0.9877614,-0.19404475,-0.012130787,-0.039060507,0.048981164,-0.0033052051,0.058340076,-0.07788041,0.0,0.0,0.0,0.0,0.0,0.0
-2.2771914,0.023595382,2.141054,-0.6315467,-0.023591524,0.21324743,-0.31029698,-0.06605921,-0.25296023,0.40449333,0.022019962,0.04123334,1.6495016,-0.058255605,-0.20228583,0.87986356,0.046530295,0.07427637,0.029061042,0.015687376,0.025954768,-0.093634374,0.13965367,-0.12140833,-0.111680016,-0.14230907,0.09207907,0.07267735,0.03555954,0.019834058,-0.32991108,0.07517956,0.24692537,-0.29428384,-0.107173905,-0.23630725,-0.069205925,0.015533461,0.014228489,0.08447122,0.02135584,-0.32709533,0.031738132,0.09853779,0.26770183,0.13015495,0.04352935,-0.044175502,0.18797241,-0.087981954,-0.9430117,0.1326916,0.36019784,0.85014784,0.25955337,-0.7460272,0.078287706,0.23376568,1.2946429,-0.28557962,0.003771691,-0.04718551,0.03616303,-0.009931083,0.079141624,-0.10433399,0.0,0.0,0.0,0.0,0.0,0.0
-2.1095788,-0.011681567,2.3167348,-0.89910126,-0.11619179,0.082205474,-0.035354335,-0.061064098,-0.12584248,0.43456632,0.08283292,0.041429434,1.7383201,0.0054926868,-0.2488306,0.3564462,0.08072489,0.032921884,0.009097981,0.041531574,0.002793971,-0.042031735,0.1458942,-0.14827338,-0.102341175,-0.16265175,0.053643096,0.10965332,0.090225,0.014279544,-0.31090623,0.036004405,0.2740696,-0.23014353,-0.10120802,-0.20182154,-0.121765584,-0.021414706,0.008990338,0.108586006,0.115613185,-0.29132286,-0.0019982087,0.13246864,0.19137987,0.062121537,0.022347588,-0.05335021,0.28910232,0.04015105,-0.9770202,0.032291517,0.4390089,0.74018097,0.41938734,-1.011738,0.15663007,0.19933845,1.4747801,-0.39545357,-0.048844047,-0.109711125,0.06898675,0.013274263,0.12656637,-0.170011,0.0,0.0,0.0,0.0,0.0,0.0
-2.1393805,0.029103618,2.2623382,-1.0476879,-0.164421,0.08673706,-0.08722633,-0.10572883,-0.17467009,0.46619257,0.09583387,0.044449627,2.0744917,-0.041471172,-0.30932686,0.54333544,0.035859656,0.03619015,0.010499239,0.06670173,-0.008133615,-0.09268252,0.14865533,-0.13264458,-0.16649707,-0.160357,0.023485798,0.10903246,0.11468759,0.007689208,-0.35726172,0.030710649,0.28550935,-0.265998,-0.112607755,-0.20922025,-0.16183867,-0.0355084,0.015675312,0.12010358,0.10152111,-0.25913647,-0.012024325,0.22028404,0.13313922,0.01550287,0.010180781,-0.06334131,0.32821184,0.09073693,-0.93025273,-0.03877193,0.5342652,0.59663165,0.5052267,-1.1417487,0.1600409,0.24245615,1.5595177,-0.3922854,-0.02181686,-0.120006,0.06491217,0.067094326,0.13313173,-0.19864072,0.0,0.0,0.0,0.0,0.0,0.0
2.019519,-0.054273617,-2.3849423,-1.1997066,-0.22031477,0.11662186,0.12431617,-0.20178914,-0.21669084,0.47916982,0.13724938,0.047278803,2.0446146,-0.025427623,-0.32634112,0.28675577,0.10688547,0.009358125,0.013163586,0.09160196,-0.038560025,-0.049383014,0.14457878,-0.20054583,-0.16441323,-0.16141802,0.0430096,0.11530497,0.16102214,-0.0029104892,-0.35090467,0.021017486,0.37056145,-0.25640374,-0.1420231,-0.23764795,-0.16108231,-0.073731326,0.01738208,0.14475201,0.1797984,-0.25388113,-0.023275968,0.22621897,0.05496932,-0.034045935,0.014514376,-0.064400524,0.34593123,0.1769129,-0.96497834,-0.15894744,0.6015011,0.48861596,0.49087474,-1.2299261,0.24361698,0.18844575,1.5491507,-0.41733783,-0.06819622,-0.12339861,0.08295001,0.082918614,0.1317281,-0.23270568,0.0,0.0,0.0,0.0,0.0,0.0
-2.164773,0.113938056,2.2651215,-1.1347871,-0.18102604,0.114242025,0.035380088,-0.2116785,-0.27055836,0.43691275,0.119755946,0.057813592,1.745835,-0.029624924,-0.2778804,0.63717866,0.10448103,0.013356286,0.0048562507,0.09976997,-0.017842006,-0.02686714,0.15147848,-0.2090539,-0.14430821,-0.17236862,0.10431353,0.14541101,0.15775518,0.0032277694,-0.3371267,0.03778805,0.40991008,-0.3044961,-0.12159477,-0.24995004,-0.16413006,-0.0772869,0.044376872,0.18664789,0.270295,-0.25552484,-0.04958883,0.11741523,0.04828541,-0.011476408,-0.018050158,-0.07594154,0.40040207,0.25514165,-0.98820513,-0.14898461,0.5765976,0.5016183,0.5493396,-1.3279246,0.24609995,0.14200991,1.813303,-0.54253083,-0.111639805,-0.13926226,0.057880495,0.04395415,0.16862465,-0.2411252,0.0,0.0,0.0,0.0,0.0,0.0
-2.2164834,0.041343663,2.2052472,-1.1302681,-0.19879226,0.15756069,0.18178463,-0.24764201,-0.2970722,0.42068866,0.1577891,0.04475297,1.5971955,-0.025580447,-0.26238456,0.46587753,0.18398423,0.008415629,0.02222123,0.09075657,-0.0012197626,0.0044499957,0.13919371,-0.25315037,-0.13209684,-0.15005928,0.11743436,0.11814696,0.16767499,0.016916156,-0.2973675,0.03598345,0.464016,-0.2980198,-0.15202631,-0.23561676,-0.13089448,-0.022443691,0.048855867,0.13302177,0.23728162,-0.21706595,-0.044404633,0.16733392,0.11666707,0.0048576216,-0.032482393,-0.08700306,0.3076958,0.28169474,-0.8978852,-0.10352247,0.6535487,0.6239343,0.48957887,-1.1934304,0.20064062,0.13580064,1.8325204,-0.55496395,-0.11786441,-0.133287,0.05597949,-0.024809513,0.16643721,-0.22250564,0.0,0.0,0.0,0.0,0.0,0.0
-2.5604615,0.042926528,1.7887856,-0.38249496,-0.037671313,0.21097735,-0.5243429,-0.12718318,-0.3201469,0.38785633,0.016874567,0.07820243,1.4635423,-0.23460859,-0.057017043,0.57029533,-0.05749697,0.06981064,0.02993141,0.09504649,0.056454297,-0.04613002,0.15428075,-0.22483401,-0.009569423,-0.16145726,0.20276348,0.11400503,0.08445451,0.05348882,-0.3152715,0.03676765,0.35237855,-0.24286757,-0.16251941,-0.35513043,-0.10365369,-0.03672392,0.0840853,0.16199183,0.24010788,-0.23819871,-0.06389047,0.06086579,0.20750329,0.01875845,-0.079672314,-0.06818807,0.2999523,0.21116896,-0.8773851,-0.041904565,0.5350401,0.7070011,0.40594152,-1.1782491,0.18280119,0.06447275,1.8217924,-0.5945586,-0.08213405,-0.11968266,0.071709484,-0.03720591,0.14854127,-0.23108135,0.0,0.0,0.0,0.0,0.0,0.0
2.1921198,-0.013618926,-2.2218387,-1.2053083,-0.17883328,0.07265143,0.26877522,-0.15829404,-0.16745138,0.4543092,0.16371068,0.016069312,1.4954569,0.06824018,-0.28639153,0.5979668,0.1982088,0.00023999956,0.020749893,0.059114423,-0.0010256217,0.02804481,0.14520398,-0.22114155,-0.16590074,-0.14839135,0.072619,0.119120695,0.14017995,0.010674884,-0.28353032,0.027582448,0.43574828,-0.28986937,-0.11559741,-0.16874975,-0.13893606,0.019377485,0.016166491,0.13644442,0.21443444,-0.2731589,-0.0069951196,0.11783095,0.22420147,0.02300402,-0.02625923,-0.08515769,0.35610777,0.24030872,-0.9057474,0.024360025,0.4909057,0.73074275,0.586656,-1.2399516,0.16334149,0.1972272,1.7222291,-0.47134197,-0.09189717,-0.15526097,0.06441201,-0.019660195,0.16872679,-0.19641486,0.0,0.0,0.0,0.0,0.0,0.0
2.0686297,0.014088385,-2.3328862,-1.012885,-0.09241395,0.07974411,0.268814,-0.18631968,-0.18077913,0.387709,0.14760123,0.016851207,0.8361226,0.06275316,-0.1706551,0.98510593,0.17318968,-0.0013774973,0.044526555,0.07196863,-0.013732771,0.08602095,0.14318584,-0.22316839,-0.1626031,-0.14387499,0.11556823,0.119242705,0.1333647,-0.0045282072,-0.24713218,0.065459475,0.45877436,-0.3375043,-0.08267904,-0.17378606,-0.0707743,0.030560508,0.020094585,0.12908289,0.22256866,-0.29728302,0.030582888,0.07121147,0.22999369,0.042726584,-0.014606493,-0.07294069,0.33046487,0.20168696,-0.9313414,0.14696169,0.43537983,0.79351074,0.54783297,-1.2052962,0.16123499,0.31287512,1.5945305,-0.32782665,-0.09984231,-0.12786879,0.07430706,-0.021732576,0.15607361,-0.14343478,0.0,0.0,0.0,0.0,0.0,0.0
2.1633208,0.0022556474,-2.254115,-0.8959064,-0.05975146,0.024813332,0.25026178,-0.13494009,-0.10809245,0.36133027,0.12572525,0.012806108,0.6777026,0.079087816,-0.14454846,1.0613687,0.14400594,0.009107053,0.037050143,0.061952498,-0.01470186,0.09454308,0.15233757,-0.18131405,-0.14942825,-0.14297515,0.10273651,0.118362494,0.111018136,-0.008105537,-0.23990762,0.063996874,0.4026045,-0.32137957,-0.061094053,-0.16095547,-0.07313285,0.036358777,0.011519156,0.12257677,0.21894984,-0.33508533,0.052134067,0.016019994,0.27668834,0.07484524,0.00658192,-0.060750626,0.33406132,0.117933,-0.981282,0.21162641,0.3395314,0.8732105,0.5122125,-1.2287799,0.19020183,0.32254627,1.3807307,-0.24596612,-0.08725157,-0.113983445,0.08464831,-0.008197797,0.12975483,-0.11315301,0.0,0.0,0.0,0.0,0.0,0.0
-2.23172,-0.10375882,2.1698656,-0.69610435,-0.0352899,-0.01265495,0.15353218,-0.10042117,-0.104132175,0.35644397,0.10398671,0.018099315,0.48794296,0.07119401,-0.12708865,1.1909611,0.11832215,0.03156279,0.03974273,0.05550412,0.003066995,0.057245232,0.15719973,-0.11604422,-0.15210497,-0.14142495,0.09784225,0.08307106,0.087056845,0.0021500315,-0.20978999,0.07204523,0.32431185,-0.2959393,-0.02979864,-0.14295122,-0.085545555,0.043853205,0.020419627,0.07213029,0.1467643,-0.3496401,0.05288239,0.06114709,0.34480393,0.10394474,0.00012451479,-0.04245197,0.28291318,0.01556385,-0.92453074,0.24314682,0.29687977,0.8698194,0.42731073,-1.1850985,0.17967814,0.29895717,1.0643969,-0.11531104,-0.052554816,-0.10379325,0.08153523,0.025247235,0.104360126,-0.068173654,0.0,0.0,0.0,0.0,0.0,0.0
-2.320824,-0.1547747,2.0518372,-0.5360291,-0.0017649984,0.090291314,0.01045313,-0.09884449,-0.17457941,0.30385566,0.0657885,0.009281064,0.42087802,0.029925667,-0.10879233,1.3106956,0.13088152,0.039349828,0.022880724,0.035112944,-0.00020680424,0.0271511,0.1555778,-0.11719562,-0.14259164,-0.1409184,0.1269986,0.083443694,0.043648798,-0.0018065332,-0.2327448,0.089518934,0.3074708,-0.307816,-0.029392114,-0.18137583,-0.070471264,0.055524204,0.0072195022,0.055848252,0.157627,-0.33516473,0.077714525,-0.05229672,0.3324932,0.11123735,0.039090708,-0.02577385,0.19995616,-0.053106632,-0.914609,0.29066628,0.1285632,0.9154626,0.31015837,-1.1944344,0.24617705,0.31112373,0.9507306,-0.08100564,-0.05747305,-0.08242461,0.07729592,0.01470433,0.08056164,-0.016543573,0.0,0.0,0.0,0.0,0.0,0.0
-2.4250364,-0.15938315,1.8705785,-0.49260396,-0.00019004001,0.14181937,-0.10887357,-0.07158883,-0.20070377,0.3020624,0.043356232,0.007685774,0.56433487,0.016868202,-0.10516129,1.099725,0.10947627,0.04103481,0.021070864,0.01415361,0.0092000505,-0.015167523,0.1348539,-0.11948378,-0.11923596,-0.13094363,0.1361829,0.065443285,0.016162986,0.0056088045,-0.25450128,0.115802236,0.2817056,-0.28620437,-0.0478361,-0.20926547,-0.105485454,0.054531176,0.0149747925,0.054140385,0.10982251,-0.3611253,0.07748574,-0.04425142,0.35895458,0.12178323,0.043983508,-0.02009684,0.18230669,-0.14633454,-0.94950294,0.30291536,0.13102697,0.97134954,0.2489337,-1.350456,0.3473069,0.29555243,1.1921815,-0.20971444,-0.07590706,-0.089606464,0.10270534,-0.027519085,0.09031359,-0.05344206,0.0,0.0,0.0,0.0,0.0,0.0
-2.4166312,-0.15720995,1.9183369,-0.59607786,-0.033091873,0.15203615,-0.15236342,-0.045619402,-0.16983141,0.34405893,0.035699062,0.016492045,1.215206,0.022129374,-0.1689134,0.6636737,0.08405594,0.042627588,0.026197873,0.0022183193,0.011550189,-0.05300295,0.124095246,-0.11965527,-0.07823299,-0.12603512,0.10770385,0.057288565,0.0156537,0.015102459,-0.3048549,0.108946204,0.23659468,-0.26489136,-0.0851289,-0.24281414,-0.085858345,0.042197466,-0.0013958488,0.046429757,0.001547124,-0.3331255,0.081268854,0.046759594,0.32165134,0.1429154,0.07049206,-0.010551454,0.15822662,-0.28858802,-1.0007391,0.27232742,0.23416603,0.9948484,0.20091993,-1.4485188,0.42779675,0.29767662,1.2838434,-0.27070034,-0.0746107,-0.086968236,0.149741,-0.030315587,0.08408848,-0.109955065,0.0,0.0,0.0,0.0,0.0,0.0
-2.3930933,-0.1501664,1.875182,-0.2995942,0.038144205,0.16429797,-0.34512037,-0.017357897,-0.25978282,0.3325492,-0.004066344,0.020136409,0.4362568,-0.028856767,-0.08466702,1.1462488,0.06711063,0.056040112,0.039545253,0.008980539,0.031696916,-0.044465683,0.1060033,-0.1066182,-0.08514425,-0.10079379,0.16489995,0.026059376,-0.0049897907,0.019105997,-0.23830083,0.14650193,0.24948516,-0.26561353,-0.067896135,-0.22990416,-0.10392043,0.06512502,0.014638598,0.0041507743,-0.095990576,-0.32388347,0.02629125,0.09999149,0.3374926,0.14939772,0.038502205,-0.02471778,0.084197685,-0.4033095,-0.9091957,0.21310206,0.2821065,0.95654345,0.12336047,-1.4735584,0.47024977,0.13196304,1.2578297,-0.33343044,-0.10919955,-0.083695665,0.16513523,-0.07708499,0.08018873,-0.11174431,0.0,0.0,0.0,0.0,0.0,0.0
-2.4773088,-0.13687588,1.8710805,-0.33747798,0.089742325,0.32283306,-0.5467815,0.005752259,-0.41613403,0.36279505,-0.028879458,0.027120026,0.68842256,-0.04035467,-0.10249861,1.5443822,0.06860575,0.08395642,0.043308374,-0.0021178548,0.05280115,-0.11561011,0.09841424,-0.109746315,-0.13656029,-0.09067649,0.17393817,0.0047659334,-0.021294395,0.029735565,-0.28503484,0.17795248,0.2645583,-0.31026727,-0.111402415,-0.25607446,-0.090076715,0.06864434,0.011234831,-0.021674372,-0.24234748,-0.25740114,-0.0027074593,0.19586863,0.28350753,0.1597528,0.028219108,-0.024327183,0.008388178,-0.5460285,-0.81973976,0.13735677,0.36052164,0.8916403,0.122063294,-1.5432531,0.51496506,0.07649467,1.3680385,-0.42941624,-0.092824176,-0.07682982,0.16767667,-0.080487035,0.069291145,-0.11435904,0.0,0.0,0.0,0.0,0.0,0.0
2.1304142,0.14668335,-2.2538602,-0.79702353,-0.022300096,0.40693384,-0.6250028,-0.034412164,-0.32972693,0.50265884,0.00361034,0.00023263152,1.5573368,-0.014526257,-0.20155874,1.621067,0.04737847,0.12901258,-0.00448065,0.00051058916,0.028243488,-0.097698756,0.14057441,-0.12232052,-0.17755248,-0.12273656,0.10751935,0.027136354,-0.01317076,0.021917041,-0.36029595,0.13803728,0.26136088,-0.2970065,-0.116277985,-0.25525653,-0.09952142,0.0896836,-0.043581456,-0.050161652,-0.18476632,-0.20195976,0.03243405,0.102047525,0.32509726,0.1335748,0.042510442,-0.009168139,-0.07591096,-0.58187205,-0.6777681,0.11355346,0.1544873,0.8690036,0.017541256,-1.7180797,0.63204557,0.014556852,0.864547,-0.2716027,-0.058078915,-0.07580934,0.19898973,-0.010228749,0.013611106,-0.06633568,0.0,0.0,0.0,0.0,0.0,0.0
2.0354826,0.12718219,-2.32984,-0.9348884,-0.07121879,0.36262256,-0.26754126,-0.053218108,-0.25325656,0.47720498,0.03511935,-0.007236622,1.611828,0.04040569,-0.24034719,0.9669767,0.11890019,0.043226875,-0.013014744,-0.029825693,0.04139105,-0.07632057,0.14454676,-0.14494917,-0.15293764,-0.123607144,0.10510276,0.030281983,-0.009988674,0.033096872,-0.33447453,0.11620019,0.26155058,-0.25806507,-0.10674888,-0.2618857,-0.11469638,0.11247623,-0.060753487,-0.06975655,-0.20697436,-0.15756206,0.04084507,0.09397589,0.34056538,0.09627575,0.05416598,0.0036420687,-0.09939242,-0.62215906,-0.61838984,0.14088896,0.1056354,0.8936151,0.030812837,-1.7198739,0.6150938,0.031035936,0.7775347,-0.22057372,-0.04287151,-0.10251472,0.19785677,-0.013621922,0.024248878,-0.061904863,0.0,0.0,0.0,0.0,0.0,0.0
-2.4777339,-0.14277816,1.9245408,0.28623357,0.2522471,0.3441044,-1.373142,0.21801129,-0.3327414,0.36066273,-0.20457378,0.044490714,0.524203,-0.32101086,-0.024989903,1.7054123,-0.13557063,0.2980656,-0.007909205,0.007947884,0.06591585,-0.09154579,0.16046393,-0.08602877,-0.03271952,-0.1460057,0.27374858,0.011974872,-0.13969733,0.037413288,-0.3572541,0.15533383,0.16892429,-0.22077386,-0.0005103084,-0.42862278,-0.09742663,0.09811327,-0.04047958,-0.041632153,-0.23780453,-0.10503254,0.011501592,-0.028340288,0.22641554,0.08288151,0.03422488,0.0045735324,-0.119699314,-0.78672063,-0.6730703,0.21301326,-0.08145718,0.9520358,0.061581153,-1.7117556,0.5800549,0.05004602,0.70769835,-0.1484873,-0.092717014,-0.116033405,0.20159528,-0.06757976,0.03770022,0.008964526,0.0,0.0,0.0,0.0,0.0,0.0
-2.439456,-0.08892905,1.939305,0.26857892,0.22920327,0.35976353,-1.3113453,0.1584123,-0.29215375,0.33116242,-0.19281502,0.021534158,0.5068868,-0.32597697,-0.02582101,1.5972579,-0.13144933,0.29193458,-0.014054873,0.0015718939,0.037390225,-0.05456141,0.1743236,-0.113768816,-0.03071847,-0.15672138,0.26584056,0.028534723,-0.1409588,0.022661904,-0.34820008,0.12660572,0.19007325,-0.20990689,0.0057910336,-0.42280605,-0.08997127,0.10149835,-0.045909956,-0.045457583,-0.20322178,-0.08749253,0.008011293,-0.058394674,0.1875644,0.06752447,0.04581209,0.0012463471,-0.11857234,-0.7359487,-0.64249074,0.19332558,-0.114030555,0.901369,0.05961011,-1.680683,0.53660285,0.059612773,0.71284884,-0.13367791,-0.08946617,-0.11862818,0.17890449,-0.05951901,0.043589078,0.022625288,0.0,0.0,0.0,0.0,0.0,0.0
-2.4513218,-0.09758715,1.9247646,0.31702676,0.22622323,0.30191427,-1.2035263,0.12133097,-0.2163599,0.3096546,-0.21132518,0.026397804,0.5323851,-0.31248435,-0.020048613,1.2740018,-0.14635868,0.22267541,-0.0017671924,-0.010907052,0.042235833,-0.052557625,0.17037632,-0.11858556,0.010032414,-0.16140255,0.26735845,0.033440534,-0.15074888,0.029379802,-0.34689274,0.11502893,0.16281058,-0.1787563,0.0047792294,-0.4378398,-0.0714289,0.07026388,-0.03957556,-0.018988596,-0.1635142,-0.12968461,0.011401236,-0.09821934,0.19962275,0.07214191,0.046465877,0.011236483,-0.06801903,-0.70803714,-0.71441233,0.21273603,-0.16255967,0.89755625,0.11261859,-1.6913377,0.5073497,0.09978261,0.7497765,-0.122356825,-0.09878462,-0.13194627,0.17601019,-0.051708452,0.058093935,0.015713925,0.0,0.0,0.0,0.0,0.0,0.0
2.39512,0.11854934,-2.0178363,0.2921298,0.17271785,0.22965185,-1.1324179,0.09693311,-0.16528194,0.33235314,-0.1949645,0.051953178,0.79109704,-0.26009136,-0.014028881,1.0388417,-0.1630786,0.17157105,0.011106451,0.00096034573,0.07118917,-0.07260259,0.15731744,-0.09737826,0.04140449,-0.14859827,0.23054063,0.03187846,-0.12377718,0.054159492,-0.36326203,0.106289715,0.124984145,-0.16824856,-0.028104184,-0.41320506,-0.06440513,0.052023143,-0.03555761,-0.0030303854,-0.18355477,-0.15644749,0.00972011,-0.02858357,0.25886512,0.11611562,0.02806977,0.011797706,-0.0082811,-0.7170716,-0.8028711,0.20803419,-0.029663473,0.9717766,0.17672184,-1.6312168,0.4701698,0.056535922,0.61782336,-0.10664783,-0.10352615,-0.12870564,0.1690932,-0.033452,0.043348644,-0.0022600377,0.0,0.0,0.0,0.0,0.0,0.0
2.2517614,0.0649767,-2.188145,0.17699124,0.13762838,0.16015333,-0.93005353,0.021137415,-0.09654,0.33694965,-0.16498774,0.06440611,1.3127955,-0.18780643,-0.04367144,0.6007405,-0.13714501,0.10061739,-0.0069593196,-0.0083348835,0.059648763,-0.05941544,0.16555592,-0.119045116,0.08201431,-0.17923883,0.21276172,0.07346409,-0.09308438,0.054378197,-0.40314242,0.083686374,0.13024545,-0.1523219,-0.03967148,-0.43093592,-0.03015431,-0.02438309,-0.01736348,0.03099079,-0.06305121,-0.15910627,-0.02263906,-0.06527656,0.15825056,0.11290643,0.04597752,0.015600575,0.055849355,-0.5570071,-0.9036829,0.09071321,-0.04679011,0.83241236,0.19818278,-1.5453085,0.43559328,-0.0010170885,0.83570564,-0.24013509,-0.14868468,-0.12875381,0.14267035,-0.03304562,0.059523765,-0.047019288,0.0,0.0,0.0,0.0,0.0,0.0
-2.2688987,-0.090239346,2.1505387,0.16855611,0.10977809,0.13499537,-0.8787085,0.02545918,-0.08779015,0.31913942,-0.1540087,0.05886909,1.2299588,-0.17742129,-0.050008677,0.6115359,-0.12980196,0.105171286,0.00096786994,-0.0033918186,0.05945838,-0.06335547,0.16220556,-0.109858535,0.07184875,-0.17853992,0.19732219,0.08432427,-0.08506695,0.05175746,-0.38167784,0.08091792,0.13506919,-0.16636094,-0.040872302,-0.39652714,-0.023742022,-0.013921373,-0.001879609,0.06152267,-0.009869505,-0.1941881,-0.00064166175,-0.08231889,0.18668711,0.13261685,0.03823276,0.007272013,0.09829535,-0.45361117,-0.94384766,0.17329216,0.008456707,0.9039749,0.24103627,-1.4507233,0.37543195,0.144807,1.0268568,-0.24439429,-0.11923225,-0.1203033,0.13350546,-0.029463526,0.07502432,-0.056748647,0.0,0.0,0.0,0.0,0.0,0.0
1.8318694,0.05227344,-2.4552512,-0.6389823,0.026259072,0.057398256,0.008129736,-0.055780683,-0.14685504,0.3453137,0.043978736,0.023248442,0.62650645,0.09646969,-0.14809078,1.5563674,0.14527845,0.025994686,0.016268903,0.015811237,0.008891773,0.027100153,0.15332998,-0.08649838,-0.16046487,-0.13504247,0.11559495,0.07846444,0.040374786,0.00068607315,-0.27074894,0.113906436,0.27046913,-0.30823237,-0.026181834,-0.17605719,-0.043645144,0.034261987,-0.021315673,0.03858851,0.0361979,-0.3045555,0.03222758,0.015395206,0.2565658,0.14401121,0.04923517,-0.029417861,0.15295812,-0.25784856,-0.9521513,0.15439981,0.17627256,0.8450817,0.29967833,-1.2356002,0.32668704,0.09499176,0.7077464,-0.11742305,-0.12137508,-0.079488754,0.09454854,0.018159738,0.05254242,-0.01600487,0.0,0.0,0.0,0.0,0.0,0.0
2.1693661,0.14356436,-2.2191563,-0.10808301,0.032360654,0.10046761,-0.44632113,0.021949232,-0.01667832,0.32281253,-0.0746107,0.044664428,1.8120502,-0.08430544,-0.1379564,0.3888358,-0.045562945,0.063837744,-0.0007169899,-0.01930964,0.046479262,-0.09674062,0.15588047,-0.069572456,-0.011254821,-0.17870224,0.07674675,0.07370905,-0.04561479,0.039354015,-0.38293454,0.056529008,0.08621171,-0.16711423,-0.059041813,-0.25778782,-0.09188669,-0.018157223,-0.017961994,0.07862217,-0.009549681,-0.35702437,0.013831505,-0.033312768,0.3310003,0.13916191,0.051073,-0.010015817,0.16797653,-0.32155088,-0.98722035,0.14424798,0.07247743,0.9024018,0.24990335,-0.8112953,0.12535821,0.038542643,0.6292287,-0.1534451,-0.03839414,-0.07324014,0.03488082,0.037169863,0.04000936,-0.011300984,0.0,0.0,0.0,0.0,0.0,0.0
2.2665687,0.107570656,-2.146361,-0.29704908,0.02331024,0.1443942,-0.2980105,-0.016581036,-0.09526028,0.3137955,-0.03358279,0.043607414,1.8725343,-0.08000014,-0.17172983,0.42851436,0.0153750805,0.06440545,-0.00696312,-0.0076322504,0.039874326,-0.10453322,0.15797582,-0.08440572,-0.05208594,-0.17154832,0.07026595,0.07479231,-0.014505801,0.033127043,-0.3576799,0.048177443,0.13170408,-0.21085675,-0.07675457,-0.24327612,-0.100039616,-0.017535593,-0.0019866815,0.08229423,0.05026292,-0.37434736,0.035252977,-0.02972173,0.3446612,0.12984908,0.058993228,-0.011950468,0.16050036,-0.19771153,-0.97936845,0.15625225,0.12874971,0.8987741,0.1725852,-0.54901546,0.06303693,0.07122737,0.5586367,-0.08626963,0.007817913,-0.033707213,-0.0077030566,0.054161657,0.02337043,0.0099305315,0.0,0.0,0.0,0.0,0.0,0.0
2.281214,0.13342442,-2.048546,-0.654764,-0.033895988,0.15602739,-0.1515034,-0.031898577,-0.15593286,0.37316582,0.023423031,0.036248755,1.643801,0.0022201857,-0.2053655,0.34201178,0.08257366,0.039378703,0.013920317,-0.018340236,0.03855262,-0.060510136,0.14072849,-0.123502396,-0.042104024,-0.15461265,0.08447165,0.07841839,0.017434403,0.029240325,-0.29859844,0.06662795,0.21199603,-0.24230577,-0.09130933,-0.23844986,-0.074283995,0.024904002,0.008783728,0.075117655,-0.01138161,-0.34396404,0.05481249,0.08887099,0.30817944,0.1372259,0.057400715,-0.019905284,0.16213927,-0.17202294,-0.9856386,0.20067857,0.34316286,0.94808275,0.18733113,-0.62460333,0.07492859,0.25578365,1.1273011,-0.21313962,0.027859796,-0.045959488,0.051702946,-0.0018571148,0.0704431,-0.10045876,0.0,0.0,0.0,0.0,0.0,0.0
1.9776963,0.18119384,-2.3282058,-0.7945606,-0.096546605,0.07338788,-0.046478506,-0.03939118,-0.099603996,0.43125218,0.07098162,0.04284584,1.6657522,0.0054152575,-0.22118154,0.21645547,0.07982652,0.03216243,0.01898901,0.025807254,-0.0012802572,-0.031044532,0.14272177,-0.14330244,-0.058382414,-0.1717823,0.05005466,0.09719761,0.07664673,0.008010487,-0.27309373,0.043924794,0.24087669,-0.2059785,-0.085843526,-0.1941004,-0.0899924,-0.019928683,0.008247218,0.07104287,0.04228449,-0.3435267,0.021970946,0.18238708,0.22922114,0.10585939,0.04427966,-0.03572717,0.19286327,-0.019862207,-0.9832243,0.093255654,0.4793579,0.79282576,0.18085586,-0.56597674,0.08142531,0.26531306,1.244231,-0.25446326,0.0002562124,-0.06720533,0.064989634,0.019273888,0.10894398,-0.14062454,0.0,0.0,0.0,0.0,0.0,0.0
1.9842052,0.10181314,-2.3865817,-0.9060452,-0.13984574,0.047883593,0.024114965,-0.08679164,-0.13048159,0.39961168,0.100265585,0.04283171,1.6033242,0.0015512656,-0.22833756,0.37102395,0.08421894,0.021754118,-0.0003592347,0.06310619,-0.0258996,-0.021978717,0.14310789,-0.15601598,-0.09529232,-0.16925749,0.05443323,0.10759361,0.11865192,-0.0044942163,-0.28438234,0.053116776,0.29918957,-0.23551704,-0.09077725,-0.18789402,-0.1338699,-0.04035635,0.02580243,0.085918546,0.13126583,-0.31684595,-0.010403719,0.19557835,0.14699236,0.10323978,0.027310226,-0.05102114,0.24122117,0.06475019,-1.0358305,0.01883513,0.6032752,0.74402815,0.24146105,-0.6999327,0.11606032,0.22001393,1.4192221,-0.35237747,-0.054738447,-0.074532636,0.047687974,0.011635975,0.11985742,-0.1403659,0.0,0.0,0.0,0.0,0.0,0.0
1.904909,0.14031342,-2.4299197,-1.144393,-0.20743512,0.048499107,0.015126061,-0.18181479,-0.24172509,0.48539647,0.12372318,0.056866158,2.118772,-0.054813467,-0.32879686,0.65086466,0.03747088,0.008131344,0.011993177,0.11173814,-0.03867446,-0.09359245,0.12876691,-0.12947766,-0.19552496,-0.15039533,0.00043798506,0.09812192,0.16554329,-0.006272113,-0.34182218,0.0700806,0.30978167,-0.27464205,-0.12945169,-0.1670448,-0.18725431,-0.080378085,0.03791044,0.10430951,0.13217698,-0.3163876,-0.03379289,0.34134582,0.088799976,0.036985412,0.006019704,-0.0674637,0.28113338,0.12333267,-1.0385939,-0.11731295,0.7550586,0.57919824,0.3797101,-0.7697843,0.11452344,0.19764887,1.4145049,-0.3635082,-0.045505784,-0.07316338,0.039076217,0.09097938,0.11050723,-0.16678555,0.0,0.0,0.0,0.0,0.0,0.0
2.5704331,0.16262129,-1.7800324,0.020355424,0.051255126,0.27360648,-1.3189353,0.08281316,-0.5894686,0.41015938,-0.066299886,0.095046334,1.0433613,-0.37559775,-0.017556455,1.8990989,-0.15566227,0.4023092,0.009694328,0.13892524,0.037636083,-0.17464934,0.15512998,-0.10171037,-0.15312302,-0.18382442,0.20655058,0.09451303,0.050345868,0.028973725,-0.34457016,0.107298255,0.2914782,-0.30700976,-0.08252273,-0.30687097,-0.13284616,-0.057925534,0.104740284,0.13497746,0.20900932,-0.2848201,-0.07704289,0.09224097,0.16886093,0.07188623,-0.094378404,-0.075217955,0.20938398,0.1799071,-0.85428596,-0.077974044,0.5430712,0.5703942,0.2823495,-1.0142771,0.15965113,0.025540905,1.6314411,-0.50713724,-0.05756623,-0.07328211,0.022155194,0.020860357,0.11165854,-0.13325769,0.0,0.0,0.0,0.0,0.0,0.0
-2.651865,-0.15396664,1.6710274,0.19923644,0.07340893,0.28639296,-1.3481139,0.12124057,-0.6103481,0.3582089,-0.09078846,0.101298146,0.7541192,-0.49195722,0.0016881368,1.7484144,-0.1898563,0.38323912,0.016540548,0.14474115,0.05128202,-0.139561,0.16257755,-0.1396779,-0.11057887,-0.19086012,0.26802674,0.08645636,0.042606484,0.039274633,-0.2984477,0.09142588,0.31166545,-0.2707251,-0.059394445,-0.34939536,-0.15384291,-0.049948797,0.113941595,0.12789355,0.20446587,-0.2639171,-0.081485495,0.10940553,0.1941724,0.044873115,-0.12377305,-0.078526236,0.20674609,0.19662352,-0.79207623,-0.05910248,0.55895406,0.5696612,0.26278505,-0.93940187,0.086923644,0.02037291,1.5634993,-0.44655558,-0.060877316,-0.091765925,0.0136554185,0.0060296594,0.12255825,-0.11789939,0.0,0.0,0.0,0.0,0.0,0.0
2.6043108,0.101097584,-1.6760532,0.105694175,0.02833022,0.27793923,-1.2694377,0.06436905,-0.5291756,0.37528616,-0.07001988,0.09068383,0.9656819,-0.44420293,0.024213526,1.6157329,-0.20238654,0.3298279,0.028352158,0.13473895,0.033030566,-0.12866406,0.14912531,-0.14463143,-0.10416002,-0.18415181,0.23494104,0.09533041,0.049088873,0.027750172,-0.3300764,0.10390354,0.30715588,-0.28030127,-0.07386518,-0.3301704,-0.12952435,-0.041243903,0.10827083,0.12647422,0.19712134,-0.2741759,-0.06229343,0.12621506,0.18356031,0.033665802,-0.10592068,-0.079117514,0.19333859,0.2179563,-0.81850857,-0.008175724,0.5719621,0.6192214,0.24677083,-0.9489905,0.12566853,0.118949145,1.736004,-0.49107364,-0.06861338,-0.09757049,0.040992305,0.006061369,0.14647771,-0.1528679,0.0,0.0,0.0,0.0,0.0,0.0
2.51534,0.12601517,-1.7448941,0.063501805,0.054526284,0.2703982,-1.1096205,0.0030359842,-0.50548124,0.369175,-0.060795486,0.09903522,1.1580718,-0.38931242,0.025536582,1.3397725,-0.19402206,0.23507948,0.045972854,0.12955792,0.050501313,-0.1249734,0.14169754,-0.15985252,-0.07011303,-0.16828416,0.23169081,0.103402644,0.056116886,0.041331753,-0.34281424,0.10186541,0.30100495,-0.26816827,-0.12074654,-0.3428961,-0.10248863,-0.04877185,0.11251967,0.15909316,0.22673556,-0.3036569,-0.05621214,0.07527889,0.22891887,0.057411827,-0.10217131,-0.07786325,0.23738928,0.21187574,-0.88655806,0.0150277335,0.55174816,0.6973787,0.31705466,-0.98682797,0.12953165,0.10552257,1.7981147,-0.53047794,-0.082784005,-0.09556194,0.033480678,-0.014513844,0.14287326,-0.16432478,0.0,0.0,0.0,0.0,0.0,0.0
1.9744096,0.10136569,-2.32714,-1.1108598,-0.12513837,0.12650272,0.3532476,-0.2604766,-0.20082411,0.36008984,0.17833671,0.02041562,1.2313497,0.06517284,-0.252707,0.7991972,0.18996899,0.0040004435,0.036503885,0.07819153,-0.034317173,0.058471575,0.14202125,-0.24155046,-0.18396181,-0.16508599,0.08691279,0.11609288,0.16299108,-0.018990716,-0.26782963,0.0698888,0.47364488,-0.3360899,-0.08932208,-0.16479781,-0.09277123,0.0216697,0.025532978,0.10777628,0.23592712,-0.305872,0.013325201,0.12723371,0.19794951,0.07918181,-0.006066787,-0.09149162,0.26183516,0.2795812,-0.8726547,0.06711453,0.5494727,0.67266345,0.37818706,-0.90547246,0.086627126,0.29042086,1.6683084,-0.35613725,-0.08968226,-0.11001176,0.015062298,-0.015603992,0.1612431,-0.11233975,0.0,0.0,0.0,0.0,0.0,0.0
1.996277,0.14018251,-2.308359,-0.8624204,-0.05618332,0.06681865,0.2709856,-0.18465328,-0.1708525,0.3251774,0.1325869,0.03290652,0.8309065,0.06531856,-0.17604144,0.86756927,0.15385559,0.013577096,0.04328752,0.07085375,-0.019213056,0.06857907,0.1517745,-0.19747148,-0.15439324,-0.16548048,0.10489031,0.1294443,0.1318104,-0.015566437,-0.24376479,0.065382175,0.41231036,-0.32275113,-0.05685181,-0.17656225,-0.057600796,0.018938411,0.021897761,0.120375365,0.22834878,-0.33197933,0.04272719,0.052680735,0.225609,0.10459427,0.0145674525,-0.07552063,0.29797092,0.1990886,-0.9314738,0.1785355,0.41507512,0.75146794,0.44757056,-0.9204697,0.06692231,0.36063096,1.509037,-0.24491191,-0.0677601,-0.09924261,0.01825905,-0.00427541,0.1465225,-0.08406201,0.0,0.0,0.0,0.0,0.0,0.0
2.1471577,0.124556094,-2.171952,-0.74470705,-0.040418167,0.025031982,0.15224591,-0.12296349,-0.17021054,0.34673017,0.09696828,0.039697234,0.67305595,0.060416795,-0.15089618,1.0669943,0.1406764,0.021505697,0.03959652,0.05967628,0.007860016,0.06930244,0.15121143,-0.15399326,-0.13313341,-0.14729264,0.11663141,0.10232948,0.104408406,0.003558083,-0.236042,0.07101817,0.35953933,-0.31331602,-0.04321953,-0.17979886,-0.05433952,0.015551865,0.024181321,0.09844296,0.17209998,-0.33664352,0.036320593,0.059339575,0.27523395,0.1299967,0.0034370432,-0.05508013,0.27993625,0.05850155,-0.96065027,0.17908219,0.35597685,0.81585413,0.43124482,-1.0417881,0.1400852,0.27686128,1.2086736,-0.17999639,-0.076199636,-0.09050017,0.05342285,0.003679636,0.10709901,-0.082047045,0.0,0.0,0.0,0.0,0.0,0.0
2.2956514,0.16072652,-1.9974277,-0.59353036,-0.0072280727,0.05096095,0.10319828,-0.082170755,-0.10216877,0.29751784,0.06613091,0.009399558,0.6699161,0.059221104,-0.13456759,1.3582631,0.13172387,0.031715933,0.018877357,0.02449067,0.0061585153,0.040492237,0.17578758,-0.11694676,-0.16132973,-0.15582141,0.10095098,0.11135574,0.04555652,-0.0028559663,-0.26748338,0.06492619,0.3085736,-0.3447229,-0.025818812,-0.18123825,-0.05099995,0.06087186,-0.0016752311,0.09260113,0.19504972,-0.33124638,0.082379654,-0.09673818,0.31312826,0.10129903,0.049078815,-0.03907967,0.2569773,0.030016555,-0.92257494,0.3129099,0.08439683,0.91356736,0.43023023,-1.1494831,0.16419603,0.36818832,1.0991973,-0.11641668,-0.028972449,-0.08518269,0.040876675,0.01327922,0.089415155,-0.005316851,0.0,0.0,0.0,0.0,0.0,0.0
2.3399298,0.26450336,-1.9987854,-0.40600625,0.028422326,0.10653902,-0.08115815,-0.08794541,-0.25057358,0.29729116,0.034953035,0.040482398,0.46705022,0.0022542512,-0.11632733,1.1281185,0.13179533,0.033354066,0.033687033,0.030714886,0.03832295,-0.0072284555,0.1483445,-0.11408398,-0.11658298,-0.1382278,0.15256448,0.071290046,0.038422305,0.02220321,-0.23178974,0.08817986,0.2796598,-0.28538182,-0.0367013,-0.20901513,-0.044333976,0.04021294,0.01805281,0.073720895,0.13131152,-0.3454515,0.051674735,-0.037187956,0.36176223,0.15510347,0.017344983,-0.03114789,0.21102339,-0.08748111,-0.92537564,0.22969888,0.13834737,0.90371156,0.3435497,-1.0603919,0.16373046,0.19494456,0.8760703,-0.0974353,-0.0571826,-0.0789964,0.046448853,-0.0007997836,0.068205275,-0.021439688,0.0,0.0,0.0,0.0,0.0,0.0
2.336139,0.24028067,-2.0508676,-0.399565,0.028697737,0.14248666,-0.21060193,-0.03909366,-0.23088841,0.29567108,0.010746344,0.022178859,0.6124183,0.008990252,-0.114930734,1.1878083,0.101102106,0.04395112,0.030554885,0.006343623,0.0198807,-0.025184793,0.13281433,-0.10614713,-0.10514887,-0.13534747,0.14729637,0.07721369,0.004639578,0.0092553925,-0.284402,0.12566684,0.26225787,-0.31342438,-0.044466678,-0.2344238,-0.04599153,0.04956069,0.011186149,0.074096665,0.08883167,-0.33873275,0.08471004,-0.05249098,0.3009919,0.14631929,0.063093975,-0.020330096,0.1796092,-0.18397298,-0.99893564,0.31928372,0.1300599,0.9909054,0.2956663,-1.2921486,0.31723732,0.34755135,1.2988944,-0.23184177,-0.06850803,-0.0792806,0.100883335,-0.033076182,0.09315773,-0.0555486,0.0,0.0,0.0,0.0,0.0,0.0
-2.4736826,-0.31398022,1.9016002,-0.1733772,0.06139151,0.15031622,-0.48157987,0.02516967,-0.2611397,0.31725156,-0.034955267,0.025271092,0.48547268,-0.036677357,-0.097094476,1.4879018,0.051677085,0.09274345,0.05428419,-0.003415445,0.042839915,-0.09592545,0.1127773,-0.06282835,-0.116107546,-0.11222655,0.15256028,0.031099627,-0.02726233,0.018326193,-0.2706548,0.14112124,0.21729326,-0.30453986,-0.054596875,-0.22617227,-0.082836226,0.05070869,0.025088115,0.041983,-0.117139295,-0.3418147,0.026812302,0.08634863,0.31747428,0.16826284,0.036443543,-0.028974894,0.15232603,-0.38178086,-0.9213728,0.24961375,0.25456277,0.9315598,0.3042572,-1.3354821,0.30863398,0.23257282,1.3956935,-0.3311051,-0.056217942,-0.07992243,0.11787896,-0.04882842,0.093626834,-0.09069121,0.0,0.0,0.0,0.0,0.0,0.0
-2.4498136,-0.2904094,1.9230261,-0.18888964,0.07822146,0.2541801,-0.64835477,0.046123236,-0.35139087,0.3503664,-0.04127192,0.024071423,0.5652785,-0.068963364,-0.09444343,1.6294503,0.037408512,0.12507868,0.055876687,0.0015491532,0.039965212,-0.13179901,0.09706879,-0.07879671,-0.1377058,-0.104870625,0.1628482,0.00043941278,-0.029804096,0.016843876,-0.2758896,0.16922837,0.22970225,-0.29388842,-0.06489883,-0.23319031,-0.12926196,0.062982135,0.020939961,-0.00093791477,-0.26126114,-0.32518068,0.0035842003,0.22217701,0.3221952,0.15643857,0.0182648,-0.031364426,0.05711932,-0.50761735,-0.8077363,0.19189921,0.35131058,0.85026354,0.18045707,-1.4345831,0.4059293,0.16201209,1.3764497,-0.3574192,-0.063364975,-0.090301916,0.14545287,-0.04875002,0.09366175,-0.10091715,0.0,0.0,0.0,0.0,0.0,0.0
2.4625573,0.25751716,-1.8718697,-0.17886546,0.16197501,0.32763115,-1.0855021,0.1528219,-0.4128004,0.47587863,-0.0918643,0.038810354,0.7643288,-0.08643119,-0.11277983,2.0113814,0.015797026,0.24678953,0.020993093,-0.015130047,0.07409886,-0.18577522,0.12227654,-0.046300128,-0.1665457,-0.12796347,0.18101709,0.003315411,-0.07078477,0.03240749,-0.32090652,0.19099787,0.20912875,-0.31303975,-0.057719618,-0.28156736,-0.08822476,0.07119977,0.009358516,-0.03549492,-0.317123,-0.21902853,-0.021035636,0.1723545,0.2614393,0.1472998,0.008955054,-0.013321981,-0.0639273,-0.6230772,-0.6729529,0.13471046,0.24032594,0.81806856,0.10553519,-1.4764001,0.4711279,0.05866646,1.3409529,-0.44245994,-0.047920015,-0.074523084,0.16535261,-0.050714705,0.06428018,-0.08044743,0.0,0.0,0.0,0.0,0.0,0.0
-2.371654,-0.32406944,2.022753,0.10716088,0.24894425,0.35885128,-1.2211863,0.20314759,-0.43671507,0.41671586,-0.14000961,0.044764176,0.72839963,-0.2027602,-0.06379905,1.8545184,-0.058701273,0.27456334,0.016283609,-0.00703217,0.07997718,-0.19207859,0.11942031,-0.055908997,-0.11356158,-0.124837615,0.22207129,-0.018857585,-0.100464515,0.03445015,-0.31414005,0.19467203,0.17663273,-0.26329243,-0.040453993,-0.34097004,-0.12908235,0.093716495,0.00041511128,-0.04642739,-0.3839789,-0.2084569,-0.0136693185,0.17812602,0.29694867,0.12653036,0.01217852,-0.007900256,-0.119148895,-0.7233116,-0.6242848,0.18565361,0.20802385,0.875702,-0.013365727,-1.3580228,0.4526575,0.06225403,1.0758786,-0.3117386,-0.062885284,-0.07829889,0.13711376,-0.070265315,0.05470538,-0.011394388,0.0,0.0,0.0,0.0,0.0,0.0
2.3184915,0.22723009,-2.0964537,0.1789649,0.23456009,0.42847636,-1.2919936,0.15707274,-0.3459936,0.369616,-0.15499814,0.018640956,0.82045394,-0.31467536,-0.01417144,1.7208608,-0.098011866,0.31560487,-0.019591365,0.01106747,0.03476886,-0.1164778,0.164623,-0.11082559,-0.09861937,-0.16211264,0.2339057,0.004151699,-0.11151154,0.017311137,-0.35690737,0.13474965,0.19971985,-0.22042568,-0.009530822,-0.3973135,-0.14332895,0.09336747,-0.040683914,-0.070676945,-0.25494257,-0.12479389,-0.009437946,0.024203496,0.2383791,0.07944892,0.025954474,-0.0011412101,-0.15734315,-0.7158229,-0.52353835,0.16252777,-0.04301438,0.80278057,-0.016000394,-1.6370522,0.55317533,0.0025548656,0.72925377,-0.15787795,-0.07109564,-0.11080577,0.15147255,-0.050791062,0.04235778,0.035036217,0.0,0.0,0.0,0.0,0.0,0.0
-2.390214,-0.22024806,1.9734616,0.31173524,0.31257066,0.41728127,-1.3863473,0.19385658,-0.2861996,0.3751674,-0.21656951,0.021364862,0.5447076,-0.38721108,-0.005066936,1.4779918,-0.14716993,0.28109047,-0.026411055,-0.013857805,0.045412745,-0.058314517,0.18902084,-0.14340273,-0.012988838,-0.16736901,0.3031635,0.013921229,-0.1655532,0.028274396,-0.34590238,0.11340454,0.19072759,-0.17159934,0.029760756,-0.48893324,-0.12259014,0.10618974,-0.066044435,-0.057646118,-0.22846568,-0.07059634,0.00349904,-0.10224043,0.21595895,0.02339557,0.036655985,0.025174722,-0.15963474,-0.8002836,-0.51753044,0.19249135,-0.2594795,0.8413296,0.052016046,-1.6751148,0.5167606,-0.03358058,0.5045427,-0.0672368,-0.060877614,-0.13937803,0.17507689,-0.055822905,0.044720046,0.056996863,0.0,0.0,0.0,0.0,0.0,0.0
-2.4037595,-0.23161878,1.9257648,0.35028937,0.2963005,0.33719188,-1.2930064,0.17348021,-0.22950067,0.33380786,-0.23783581,0.02996451,0.5773468,-0.350205,-0.010532249,1.2504866,-0.13612509,0.2127122,-0.014069249,-0.032188606,0.057846185,-0.06900092,0.18091667,-0.12746787,0.018417915,-0.16774443,0.30378908,0.017378688,-0.17834592,0.037716046,-0.34981477,0.109831296,0.16162474,-0.16090803,0.02963992,-0.50752133,-0.08839448,0.073692,-0.05508015,-0.044606328,-0.26302743,-0.061147127,-0.0041584536,-0.08611165,0.16910431,0.040385343,0.04947404,0.03619363,-0.115510255,-0.8310951,-0.596423,0.19801708,-0.2507652,0.83185124,0.14114493,-1.6880168,0.4684623,0.031791978,0.60848737,-0.069514476,-0.07920199,-0.1467019,0.16795494,-0.05234299,0.057247624,0.044208437,0.0,0.0,0.0,0.0,0.0,0.0
-2.3499622,-0.25941923,2.012822,0.3579178,0.17460646,0.20719165,-1.1550411,0.08135238,-0.09285694,0.314031,-0.1981841,0.029126033,0.728161,-0.2930296,-0.009084996,1.1012323,-0.16986993,0.19890761,-0.017287381,-0.011590065,0.059264112,-0.047608472,0.19199547,-0.097763166,0.0364152,-0.17914724,0.2461517,0.04161395,-0.15109965,0.044216953,-0.37223,0.07904355,0.11507713,-0.14572571,0.03119155,-0.44176063,-0.115509674,0.06148288,-0.04279678,-0.021696722,-0.13953792,-0.14113636,0.0028403953,-0.12981242,0.270968,0.065803304,0.031994198,0.024090266,-0.045989815,-0.7227541,-0.6777732,0.20927446,-0.22729655,0.88404906,0.15050444,-1.6951932,0.46433684,-0.017838705,0.41949457,-0.049645055,-0.090285055,-0.14426398,0.14759302,-0.011293132,0.037737932,0.062885344,0.0,0.0,0.0,0.0,0.0,0.0
-2.2509155,-0.25860143,2.1320417,0.29733783,0.12075276,0.15351449,-1.0928767,0.061763432,-0.034568097,0.35131004,-0.17855047,0.035150673,1.0025921,-0.23243697,-0.017532265,1.0098011,-0.17681302,0.17972274,-0.007847263,-0.010064827,0.05762462,-0.07215175,0.17289767,-0.079422645,0.033821087,-0.17430913,0.20045921,0.051167984,-0.12933381,0.044520866,-0.39216843,0.085832275,0.09817125,-0.15332527,-0.0024241244,-0.40051615,-0.10229408,0.038003735,-0.03086929,0.0041481773,-0.12163276,-0.1939346,0.005032626,-0.095125265,0.28152373,0.098384276,0.030521393,0.01850455,0.01528978,-0.6529779,-0.7908908,0.22345056,-0.12350989,0.92977333,0.18389025,-1.6730928,0.46796635,0.053899247,0.61799455,-0.11174987,-0.094878204,-0.13941206,0.16064917,-0.012746246,0.05047646,0.016079364,0.0,0.0,0.0,0.0,0.0,0.0
-2.2336574,-0.2528068,2.179287,0.18628807,0.059104443,0.07856339,-1.0120656,0.04881971,0.021665398,0.39618137,-0.15138562,0.051864907,1.4982495,-0.16964868,-0.05297417,0.87836003,-0.17392035,0.15210955,-0.0018183519,-0.010306065,0.07038846,-0.099298954,0.16267712,-0.057488814,0.03761026,-0.18092944,0.14867233,0.057983797,-0.100994535,0.052652553,-0.4133001,0.08170761,0.07457698,-0.15689501,-0.019501876,-0.36118895,-0.08755236,0.005204448,-0.013005803,0.029481295,-0.12882428,-0.23234992,0.0023828452,-0.021497939,0.29531693,0.13740262,0.018689873,0.016323367,0.0902027,-0.58185625,-0.85622454,0.22563069,-0.0062377974,0.9306963,0.26226744,-1.5660146,0.39593762,0.13929704,0.81205374,-0.15479374,-0.07081775,-0.13540582,0.15156567,0.009794247,0.063735306,-0.02816519,0.0,0.0,0.0,0.0,0.0,0.0
2.2094173,0.23619539,-2.1532354,0.00044821767,0.022804996,0.046668813,-0.7488017,0.04599101,0.029117964,0.38524362,-0.10976548,0.05350053,1.7407452,-0.10372447,-0.111933425,0.64067066,-0.12297667,0.08669087,0.0075403834,-0.022055833,0.06790139,-0.1013919,0.1565121,-0.044586033,0.020483417,-0.18102686,0.10163841,0.061153058,-0.07266379,0.048598796,-0.40795836,0.07638023,0.051628467,-0.15954775,-0.019718083,-0.30039567,-0.063860685,0.0033346382,-0.02517828,0.048024658,-0.14573817,-0.26958635,0.021723922,0.036236696,0.30783406,0.14333571,0.033970416,0.0072308714,0.13616547,-0.4973484,-0.90041184,0.22825177,0.039736044,0.9318163,0.3205209,-1.2937624,0.26356602,0.19535606,0.8308088,-0.12505029,-0.04506464,-0.12451941,0.10897916,0.018655192,0.06726472,-0.035656855,0.0,0.0,0.0,0.0,0.0,0.0
2.1029365,0.25155404,-2.232007,-0.110077195,-0.010881804,0.02999861,-0.6158306,0.03028842,0.025915813,0.3728232,-0.07438113,0.051486388,1.8112279,-0.09336212,-0.13691358,0.62901706,-0.10308888,0.0830998,-0.0069685034,-0.0013819385,0.05132267,-0.09884376,0.15576728,-0.039966837,-0.017148783,-0.18168041,0.06860026,0.06950383,-0.039079722,0.039378982,-0.39239594,0.060187697,0.055677105,-0.16382457,-0.03077793,-0.24653065,-0.0977621,-0.021807522,-0.014704013,0.06671776,-0.050758123,-0.33483872,0.01382459,0.029282408,0.34342512,0.14981167,0.021098854,-0.008167771,0.17281793,-0.3471239,-0.9472951,0.16668832,0.09902455,0.8935539,0.26945654,-1.0015144,0.1863002,0.06317456,0.6496487,-0.1290426,-0.034447994,-0.09510089,0.059540864,0.04689382,0.048581567,-0.022125054,0.0,0.0,0.0,0.0,0.0,0.0
2.1566303,0.20531155,-2.2080224,-0.36628833,0.014477413,0.14769882,-0.37837076,-0.010474664,-0.13815889,0.33744556,-0.024671597,0.03965962,1.8806742,-0.06647831,-0.19567737,0.93731916,-0.0029093742,0.08381627,0.0075473576,-0.005354174,0.046260446,-0.1252527,0.1457437,-0.054016188,-0.10622794,-0.15017058,0.05246501,0.05690084,-0.007747085,0.03129329,-0.36522177,0.069310375,0.13514853,-0.2519644,-0.084413245,-0.20682116,-0.08871621,0.0013970047,0.0032136969,0.068588875,-0.08333724,-0.33689478,0.021216804,0.1134303,0.32033703,0.17447715,0.040258255,-0.024304362,0.16986091,-0.28873283,-0.96539515,0.1392632,0.29471293,0.90226775,0.25180605,-0.6380573,0.045642402,0.11010878,0.70327765,-0.12806316,0.015895236,-0.033273846,-0.0027526547,0.03668539,0.023926893,-0.0074931574,0.0,0.0,0.0,0.0,0.0,0.0
2.26651,0.107078075,-1.9943646,-0.3829474,0.021877198,0.18922842,-0.12884544,-0.03096927,-0.107538916,0.25938392,-0.010559229,0.02641983,1.9353988,-0.06281166,-0.19579852,0.35790107,0.057978667,0.053689107,0.00064215297,-0.036547158,0.025293315,-0.08722543,0.15282309,-0.10842866,-0.058202054,-0.16707659,0.06789411,0.08186039,-0.015066527,0.018544586,-0.373255,0.05669205,0.17083874,-0.2521219,-0.08209607,-0.24941798,-0.086224705,0.03525607,-0.011649878,0.09330103,0.036595,-0.36030468,0.055351686,-0.01453309,0.2774428,0.10962112,0.099986464,-0.029641846,0.16488408,-0.12676685,-0.9983679,0.23337013,0.2239283,0.93871766,0.18259792,-0.37876096,-0.017755711,0.2994678,0.9504194,-0.116066694,0.04566883,-0.025131082,-0.066008,0.002153179,0.05219519,0.023282766,0.0,0.0,0.0,0.0,0.0,0.0
1.9707927,0.18413097,-2.2956808,-0.6742255,-0.083145075,0.06958307,0.027744513,-0.011492285,-0.03834283,0.32718885,0.05440893,0.021257384,1.6634129,0.0148284165,-0.21481314,0.27837524,0.08391745,0.03549392,0.0006900943,-0.0055660577,0.0042179218,-0.03630921,0.16384634,-0.12575983,-0.079847515,-0.19103712,0.033276066,0.098643064,0.040796738,0.0038239488,-0.28849638,0.032118566,0.2158287,-0.21311922,-0.057917092,-0.18423508,-0.09091646,-0.0024637876,0.0081202,0.08302281,0.074455135,-0.38135248,0.038452923,0.06393112,0.30354506,0.14444263,0.040908348,-0.036239848,0.20299675,-0.015698425,-0.96123445,0.17209548,0.3280805,0.84990233,0.17134671,-0.56608295,0.053375695,0.25999585,1.2246757,-0.2569343,0.021543203,-0.06489942,0.017094204,0.008187889,0.09892111,-0.08598871,0.0,0.0,0.0,0.0,0.0,0.0
1.9476409,0.2133164,-2.3391266,-0.9838054,-0.15601322,0.06802601,0.027518606,-0.07609665,-0.13285705,0.4491658,0.09403575,0.032601126,1.8954905,0.003490111,-0.3123562,0.5255519,0.07876947,0.026656533,0.004558969,0.03701584,-0.020531014,-0.08288637,0.1421098,-0.11138957,-0.17668097,-0.17092396,0.0049977456,0.08017887,0.09193449,-0.0045341365,-0.3155026,0.057283785,0.24424084,-0.22898401,-0.079169534,-0.15669917,-0.16447091,-0.04477336,0.014861523,0.07915747,0.065169245,-0.38928252,-0.0051666554,0.21261607,0.24810961,0.11380149,0.01902598,-0.052326888,0.24823745,0.02342913,-0.96501184,0.0037362706,0.48519272,0.6478902,0.28330597,-0.7941058,0.11477359,0.16978958,1.3071334,-0.3313867,-0.01645716,-0.08903667,0.03776454,0.06272292,0.11223953,-0.13839799,0.0,0.0,0.0,0.0,0.0,0.0
1.9081811,0.1787448,-2.3308344,-1.1170318,-0.22330512,0.16416867,-0.012714879,-0.21313992,-0.25375456,0.49971887,0.108524084,0.041999113,2.1649804,-0.07278213,-0.31787547,0.52210116,0.02916578,0.015154578,0.014028309,0.08376107,-0.04362071,-0.10454751,0.13634518,-0.15352203,-0.219693,-0.16304752,0.0022819403,0.075642034,0.13141218,-0.01046222,-0.36286876,0.061716564,0.30719504,-0.25177267,-0.13584876,-0.19639495,-0.17316376,-0.079535976,0.02666473,0.09883481,0.109826274,-0.368092,-0.0151018305,0.2860595,0.17341588,0.048315167,0.008802463,-0.060101148,0.24531305,0.11293082,-0.9483804,-0.1285697,0.6044792,0.5035929,0.2809821,-0.8647956,0.16999154,0.1398417,1.2992027,-0.338236,-0.022679066,-0.07339517,0.053687114,0.11554442,0.09380298,-0.17644797,0.0,0.0,0.0,0.0,0.0,0.0
2.0495918,0.19071394,-2.3223789,-1.2252772,-0.242881,0.19880746,0.17866592,-0.268191,-0.29162377,0.4262566,0.15266655,0.026755027,2.0680475,-0.05426741,-0.3475722,0.64345914,0.12831299,0.009948847,0.00019074579,0.08208173,-0.042974737,-0.07994326,0.13176386,-0.19760554,-0.22054608,-0.14762461,0.030707723,0.08527577,0.15126674,-0.009060219,-0.3435785,0.060268886,0.4027494,-0.30348572,-0.15112352,-0.19555065,-0.19397902,-0.045220107,0.041499592,0.09228711,0.16605549,-0.2828333,-0.04319249,0.26171643,0.10172419,0.0074506993,0.0058720023,-0.07449619,0.24467029,0.21146826,-0.9192237,-0.11689762,0.696879,0.5394294,0.34077916,-0.80944866,0.090412825,0.17998913,1.5999004,-0.4309319,-0.057762064,-0.082472265,0.0028933866,0.04334805,0.12475366,-0.14129862,0.0,0.0,0.0,0.0,0.0,0.0
2.5214608,0.11691755,-1.8351511,-0.33988482,-0.024429971,0.3194843,-0.73340946,-0.115747966,-0.54276973,0.32446826,0.011976648,0.07449362,1.2814234,-0.2997678,-0.054271776,1.3755761,-0.06814009,0.17455555,0.0119698085,0.12290203,0.014815523,-0.09440435,0.15261698,-0.19428983,-0.12780908,-0.17168406,0.20024513,0.09680721,0.09451318,0.020604134,-0.33424997,0.07431024,0.37973478,-0.30959013,-0.1190863,-0.31691217,-0.13690768,-0.0640997,0.0980087,0.13025774,0.22677608,-0.2602966,-0.07823326,0.12428494,0.12642938,0.06462426,-0.079549156,-0.08249981,0.25084096,0.21993065,-0.88108784,-0.11250446,0.6407559,0.54003894,0.33602586,-1.0198791,0.12413916,0.050373197,1.7196722,-0.5167859,-0.094118714,-0.08420746,-0.004456581,-0.009876519,0.126227,-0.14075565,0.0,0.0,0.0,0.0,0.0,0.0
2.6872244,0.14070395,-1.5229329,0.13395754,0.05414824,0.2563518,-1.1340406,0.036644924,-0.51074964,0.32247669,-0.07529409,0.09339036,0.9293228,-0.4233624,0.0050143143,1.4928356,-0.16946366,0.276725,0.012619823,0.115673564,0.05344819,-0.13475345,0.15669827,-0.1481472,-0.09634676,-0.18852235,0.25068343,0.08106264,0.040026203,0.042438664,-0.3189037,0.08866571,0.3025152,-0.26210225,-0.0724931,-0.3528183,-0.13661163,-0.068721205,0.120018505,0.13079777,0.20412964,-0.2578906,-0.10581257,0.09498819,0.15989985,0.052311957,-0.11796858,-0.07704411,0.2257166,0.19400793,-0.83375424,-0.09520734,0.57314444,0.53835124,0.3177954,-1.0069236,0.10446693,-0.0071152663,1.7496072,-0.55407155,-0.09807373,-0.102835014,0.0058200294,-0.016197495,0.1397208,-0.146551,0.0,0.0,0.0,0.0,0.0,0.0
2.0142138,0.19797702,-2.2903419,-1.2272525,-0.20264596,0.10727286,0.32361516,-0.2450292,-0.2619086,0.410306,0.1798044,0.03266278,1.5087017,0.059613843,-0.3197514,0.65837246,0.23893568,-0.013731721,0.012065107,0.076486446,-0.020895794,0.0072761066,0.1287303,-0.23631346,-0.19321974,-0.15079157,0.07979188,0.091887176,0.1728633,0.0035537083,-0.28435782,0.060415775,0.47349653,-0.3080492,-0.12304098,-0.17746672,-0.14921764,-0.033551265,0.04734615,0.104410745,0.22371158,-0.26240498,-0.058964662,0.20988423,0.11266743,0.045225933,-0.024636785,-0.09067432,0.28143796,0.2761907,-0.9248215,-0.13407832,0.69450074,0.564536,0.446683,-0.9847724,0.13126484,0.11006191,1.754241,-0.51428604,-0.14628707,-0.11904994,0.014355663,-0.019531878,0.15773913,-0.16751906,0.0,0.0,0.0,0.0,0.0,0.0
2.1811912,0.13035877,-2.1219094,-1.1627693,-0.1967407,0.10162482,0.20895068,-0.15719467,-0.202432,0.4312914,0.14232235,0.031144245,1.867593,0.01557812,-0.3352606,0.44585466,0.17533049,0.010069108,-0.002533038,0.049399626,0.006460302,-0.044006664,0.13812232,-0.19269113,-0.1753297,-0.14839637,0.045465205,0.102752045,0.13264933,0.014159652,-0.3133503,0.03787212,0.3824733,-0.2745272,-0.13453068,-0.18660419,-0.17559548,-0.0047512595,0.03573368,0.11487391,0.20843785,-0.29117957,-0.04017004,0.13380566,0.20740259,0.045652777,-0.007943784,-0.08969774,0.27725053,0.24867825,-0.89908415,-0.055918664,0.570371,0.66072005,0.4157278,-0.96809053,0.12106458,0.104335524,1.7878504,-0.5521503,-0.07182076,-0.11660294,0.02362649,-0.024090776,0.15120324,-0.19330993,0.0,0.0,0.0,0.0,0.0,0.0
2.0744903,0.16093408,-2.2356412,-0.9676812,-0.083959095,0.07158897,0.28110895,-0.19295318,-0.18191761,0.34685385,0.13158734,0.024826083,1.0466464,0.0664372,-0.21498555,1.1144425,0.17819293,0.0010146179,0.02801547,0.060256433,-0.0053065666,0.03537089,0.14951055,-0.18590674,-0.1806747,-0.14987719,0.097126886,0.10655115,0.12373841,-0.0029426066,-0.26765385,0.07545388,0.4203029,-0.3529301,-0.07439547,-0.17396764,-0.09821123,0.01901157,0.03697076,0.10774605,0.21962002,-0.33084157,0.016365109,0.058676515,0.2511117,0.097920395,-0.0016607298,-0.070153125,0.27959442,0.17633677,-0.9317128,0.13122348,0.44078526,0.7757646,0.42633957,-0.9443677,0.09370408,0.26948175,1.5173819,-0.32413462,-0.07700155,-0.092427574,0.017791849,-0.016602885,0.1287153,-0.08525631,0.0,0.0,0.0,0.0,0.0,0.0
2.1577208,0.15361442,-2.1779234,-0.7752466,-0.036681764,0.03692087,0.16015346,-0.1413953,-0.1659622,0.34309962,0.10019669,0.024010899,0.6525545,0.06457544,-0.15685649,1.4200203,0.1375008,0.0333931,0.03123061,0.057249058,-0.0015806501,0.041561022,0.15281212,-0.13528173,-0.17875598,-0.14761814,0.100422144,0.09977743,0.09668731,-0.0059307143,-0.24155098,0.08835147,0.36848012,-0.34794295,-0.04283033,-0.15546165,-0.06929173,0.028668772,0.03147953,0.08465278,0.18115571,-0.3484128,0.03007956,0.047088914,0.27758545,0.13477401,0.0019829501,-0.059754815,0.2502464,0.091666766,-0.9236462,0.19018641,0.37006947,0.80196005,0.37658826,-0.97777283,0.13078903,0.28307545,1.3139594,-0.22405913,-0.05764451,-0.080984235,0.039853264,-0.0012386171,0.11118503,-0.06294687,0.0,0.0,0.0,0.0,0.0,0.0
2.2171433,0.18935004,-2.0951204,-0.61613405,-0.019140413,0.007352698,0.07783202,-0.070556425,-0.13319133,0.30956626,0.07335898,0.025691997,0.5410914,0.060348134,-0.1309725,1.3665377,0.13044955,0.025063658,0.02306281,0.03893726,0.0070550297,0.061466604,0.15692978,-0.11352879,-0.14195585,-0.15144826,0.11290391,0.10414075,0.06912439,-0.0016773421,-0.24958481,0.084298566,0.3158622,-0.3439712,-0.021084456,-0.17013021,-0.045632623,0.048439972,0.01589741,0.08865379,0.17274976,-0.33553368,0.055951905,-0.01575126,0.27645555,0.12674306,0.032818627,-0.04741003,0.2455446,0.0118902465,-0.97708267,0.26289025,0.2546992,0.9029182,0.38956472,-0.9757251,0.13363576,0.3269915,1.1518945,-0.15472342,-0.051191583,-0.08173207,0.057992015,0.00011356037,0.10080748,-0.0469985,0.0,0.0,0.0,0.0,0.0,0.0
2.253657,0.27503508,-2.1183527,-0.39142203,0.028442226,0.1313215,-0.116908446,-0.09812679,-0.2755644,0.28037018,0.033191927,0.04011936,0.40954724,-0.018928628,-0.10437868,1.034866,0.11715253,0.03288271,0.03075363,0.039145384,0.025999451,-0.0014426962,0.144158,-0.13283984,-0.106360726,-0.1438926,0.16343051,0.082965866,0.04238638,0.014909095,-0.23010094,0.100356355,0.2997679,-0.27772316,-0.042503517,-0.22198163,-0.04337658,0.03195289,0.024236226,0.08195144,0.15688676,-0.34908497,0.06095894,-0.042905744,0.3381616,0.15839624,0.019975865,-0.03065076,0.20630352,-0.05798441,-0.9534099,0.25171524,0.17360045,0.91935146,0.30243605,-1.0688199,0.19679064,0.24805018,1.0229414,-0.12801774,-0.06707393,-0.07660196,0.051341087,-0.013358809,0.08054259,-0.028975382,0.0,0.0,0.0,0.0,0.0,0.0
2.3257413,0.20253144,-2.034461,-0.4681831,-0.0020578112,0.10280849,-0.1605809,-0.0339146,-0.12764227,0.32461482,0.021083672,0.023261178,0.7624627,0.018598735,-0.11724331,0.5380516,0.07645099,0.037299898,0.01676578,0.004755206,0.01744678,0.013359083,0.14586966,-0.14148743,-0.03957925,-0.15130988,0.13649087,0.0855068,0.013365256,0.013996635,-0.25528207,0.080883466,0.25071847,-0.22217223,-0.052583538,-0.24901071,-0.0572721,0.041121233,-0.0066247643,0.073466584,0.090093665,-0.3375408,0.07827182,-0.043980606,0.3290133,0.15139648,0.054196484,-0.019663602,0.20144902,-0.18099393,-0.99262786,0.26715088,0.1313391,0.9831915,0.25239578,-1.3041432,0.32643482,0.25720385,1.2480613,-0.25669166,-0.06406179,-0.09832792,0.11692555,-0.035647057,0.09671139,-0.095285945,0.0,0.0,0.0,0.0,0.0,0.0
2.2355523,0.2831147,-2.106815,-0.46899801,-0.009261534,0.082539484,-0.29461232,-0.004806309,-0.1259939,0.40132457,0.008474286,0.027460579,0.9443537,0.019342568,-0.14568943,0.8104275,0.03302278,0.06479128,0.027571592,0.0012490929,0.02472572,-0.03391103,0.12428638,-0.09480437,-0.06506097,-0.12843151,0.10603201,0.0488617,0.008756374,0.016307551,-0.2631453,0.10370302,0.20489688,-0.2307289,-0.066202775,-0.21252654,-0.06627373,0.027231589,0.0042400192,0.020115681,-0.085025966,-0.33673966,0.01809315,0.123918146,0.31151015,0.18968695,0.038296457,-0.023520773,0.13105744,-0.33519956,-0.9584102,0.17187536,0.32349393,0.91576535,0.16159968,-1.2771511,0.37621477,0.13113546,1.2861154,-0.35464618,-0.078932874,-0.08071981,0.14365272,-0.05201691,0.085141376,-0.1336783,0.0,0.0,0.0,0.0,0.0,0.0
-2.5071115,-0.32793325,1.8431313,-0.2135249,0.11824079,0.25681245,-0.7139088,0.07935686,-0.46342632,0.39339152,-0.05578639,0.058036212,0.59089714,-0.04132239,-0.11470609,1.7137905,0.05341822,0.1058166,0.0667271,-0.004418137,0.082220234,-0.17948449,0.09120855,-0.05556718,-0.14136648,-0.10449496,0.1902754,-0.009456991,-0.031576443,0.03778898,-0.26708445,0.19428077,0.21306947,-0.29771736,-0.062057324,-0.25700635,-0.10333433,0.022709783,0.052098334,0.002693805,-0.3274034,-0.3551575,-0.009892675,0.2827326,0.35097247,0.19761682,-0.014073026,-0.01963457,0.058846578,-0.5713542,-0.7957502,0.11890004,0.39953104,0.78648067,0.19604884,-1.3342242,0.350692,0.025163935,1.2731515,-0.36751497,-0.06572353,-0.07574766,0.13340466,-0.035519615,0.075406544,-0.114849366,0.0,0.0,0.0,0.0,0.0,0.0
2.3264124,0.29854104,-2.0764441,-0.1529502,0.13720845,0.32538277,-1.0986255,0.1446747,-0.45297572,0.46962824,-0.08537497,0.0559207,0.9028477,-0.12828651,-0.10773357,1.993467,-0.008828487,0.2569305,0.0078118276,0.02849729,0.06718803,-0.19024579,0.12234747,-0.03783543,-0.1639272,-0.13577977,0.17232047,0.01017318,-0.045210093,0.035244476,-0.34112605,0.18723258,0.18799418,-0.29322442,-0.052154716,-0.27847686,-0.10013084,0.04190763,0.012359057,-0.029377714,-0.21502702,-0.25544673,-0.002840336,0.14466408,0.3180379,0.17770617,-0.007311012,-0.009556854,-0.06118422,-0.5782349,-0.7174143,0.12157259,0.19297871,0.8237343,0.032657113,-1.5329001,0.5487086,-0.018624285,0.8742374,-0.27004603,-0.09000632,-0.06984286,0.15075605,-0.022943564,0.028956061,-0.029879835,0.0,0.0,0.0,0.0,0.0,0.0
-2.3151016,-0.34970382,2.0780122,0.037691,0.21562244,0.37431675,-1.2140535,0.17176747,-0.4325362,0.42553833,-0.118000075,0.038341492,0.9149361,-0.19772568,-0.06566874,1.8620511,-0.057625923,0.29498765,0.0038907975,0.0027568298,0.06945125,-0.18295836,0.12692428,-0.07176143,-0.12867574,-0.13202219,0.20498928,-0.014449775,-0.0810677,0.03133498,-0.3166091,0.17772043,0.2033804,-0.26947367,-0.05480916,-0.33283904,-0.12620912,0.085860126,0.0031632562,-0.07563733,-0.40982807,-0.14042608,-0.044088565,0.2547441,0.2174054,0.12710373,0.0061318395,-0.012867397,-0.14464849,-0.7101235,-0.5643405,0.11601059,0.3178825,0.78232086,-0.028752932,-1.3948121,0.47314477,0.052174542,1.2524023,-0.39927435,-0.056401134,-0.07906459,0.13486496,-0.06916625,0.064081535,-0.032434747,0.0,0.0,0.0,0.0,0.0,0.0
-2.306886,-0.26143318,2.0442998,0.23413377,0.27158335,0.39614424,-1.3160938,0.17570366,-0.3400336,0.36041173,-0.17744839,0.021387117,0.6326153,-0.32880133,-0.03460579,1.7249775,-0.083651215,0.31536195,-0.023016639,-0.0025242665,0.04035089,-0.099119745,0.18313394,-0.10828754,-0.087045655,-0.17756127,0.26591104,0.014555828,-0.13297017,0.020695537,-0.3510356,0.12617955,0.19510219,-0.20585917,0.029984983,-0.43002385,-0.11099753,0.09254334,-0.04712869,-0.06481678,-0.23716079,-0.0833844,-0.00810408,-0.041284766,0.19424418,0.060956385,0.03512815,0.012187534,-0.15837643,-0.7300772,-0.4847737,0.16862695,-0.17622843,0.7519182,0.04946702,-1.6433446,0.50440776,0.002735462,0.63804597,-0.09655784,-0.06547843,-0.12656601,0.14290631,-0.042041324,0.049176674,0.061627228,0.0,0.0,0.0,0.0,0.0,0.0
-2.2765992,-0.26779836,2.0116904,0.30138007,0.3102424,0.3719813,-1.263257,0.18841824,-0.3418055,0.32331195,-0.19567719,0.023285944,0.48133522,-0.34666198,-0.02601762,1.4062113,-0.101777636,0.22210068,-0.020443082,-0.0141549,0.06371528,-0.090575404,0.16554102,-0.13730387,-0.028724816,-0.15417004,0.3072055,-0.0067838784,-0.14892896,0.033281818,-0.29305792,0.14376742,0.20013379,-0.18146905,0.017652621,-0.4650813,-0.12514184,0.11477331,-0.03977699,-0.0930949,-0.30631977,-0.05048605,-0.02270031,-0.00783741,0.19140513,0.050864186,0.028759569,0.016864812,-0.21030985,-0.82555133,-0.48674753,0.1900756,-0.09379052,0.8509298,-0.0640659,-1.6112045,0.55857545,-0.016386168,0.7664257,-0.17750633,-0.08833567,-0.12771302,0.16412835,-0.10748149,0.059551805,0.0381947,0.0,0.0,0.0,0.0,0.0,0.0
-2.314309,-0.24117635,2.0438912,0.36390677,0.24046467,0.29744276,-1.2200847,0.105944015,-0.19309041,0.28977636,-0.20621866,0.017442333,0.5862095,-0.33775714,-0.0102600595,1.2975073,-0.15435505,0.24534889,-0.017890273,-0.01148369,0.05473272,-0.044205915,0.19824515,-0.12756655,-0.0018711324,-0.17949757,0.28115264,0.035280187,-0.15945238,0.035944775,-0.35610577,0.08488142,0.16932566,-0.16539392,0.030575369,-0.46976015,-0.09755462,0.08733325,-0.042955358,-0.04749229,-0.16380243,-0.046638206,-0.013307509,-0.12664525,0.18165278,0.049640376,0.03389943,0.0078638485,-0.10403352,-0.72069705,-0.53269005,0.17920165,-0.24558559,0.7934216,0.14507917,-1.7962575,0.4996091,0.024555745,0.6749246,-0.11961345,-0.06827814,-0.15773901,0.15307586,-0.04513498,0.06049768,0.053226084,0.0,0.0,0.0,0.0,0.0,0.0
-2.2434626,-0.22100326,2.1664572,0.30311605,0.13553147,0.15114164,-1.1032857,0.049302552,-0.021429973,0.33351225,-0.18422271,0.039210524,1.0616677,-0.24661252,-0.015491887,0.9465858,-0.17482993,0.18352194,-0.03293529,-0.010725139,0.06528075,-0.051572036,0.20494924,-0.09848141,0.039280474,-0.2013386,0.21989447,0.060961984,-0.13589129,0.052222613,-0.40316364,0.05591663,0.10829319,-0.13495764,0.026885508,-0.44072685,-0.100293554,0.027544808,-0.04300992,-0.021395328,-0.089258015,-0.10457311,-0.01592485,-0.14623466,0.22793953,0.07985043,0.02451822,0.023350181,-0.027887352,-0.67605925,-0.6623658,0.1532583,-0.2559258,0.79405636,0.17155354,-1.7712706,0.49073175,-0.068580694,0.4746642,-0.09753736,-0.07811692,-0.1583032,0.14973423,0.0041356944,0.044461798,0.042557187,0.0,0.0,0.0,0.0,0.0,0.0
2.1566036,0.2215317,-2.270724,0.2068189,0.07859081,0.09015929,-1.0500648,0.03024195,0.04217836,0.37743005,-0.16287303,0.049106397,1.458721,-0.18530455,-0.044433456,0.82256,-0.18464243,0.15570173,-0.032538127,-0.009033432,0.059626948,-0.06257066,0.19181874,-0.07787049,0.053092826,-0.20111015,0.1739975,0.07745565,-0.11415264,0.052273076,-0.43221697,0.05988892,0.08114666,-0.13643889,0.0032731984,-0.4050745,-0.08798934,-0.0030037365,-0.039490946,0.006395334,-0.0711916,-0.15876848,-0.010025973,-0.118714325,0.23552404,0.112646475,0.03214295,0.024655474,0.034919262,-0.63487744,-0.7982233,0.14618492,-0.18093285,0.8325929,0.1907415,-1.7204468,0.49174318,-0.045261156,0.52428365,-0.123250164,-0.086656466,-0.14616178,0.15605547,0.027165836,0.04188053,0.01080095,0.0,0.0,0.0,0.0,0.0,0.0
2.1665802,0.26739156,-2.2374628,0.11505426,0.06773906,0.09097043,-0.8778058,0.03008702,0.048987724,0.37735116,-0.13640344,0.040289827,1.5608181,-0.14547077,-0.07655448,0.69091535,-0.14437374,0.12850656,-0.02021679,-0.023947868,0.0561384,-0.067513734,0.17786847,-0.08098428,0.04455673,-0.19087622,0.14570256,0.078168586,-0.10163864,0.04845611,-0.41889074,0.052176345,0.08308816,-0.14391994,-0.02393356,-0.36297628,-0.08785929,-0.013025734,-0.029103763,0.03499289,-0.05599397,-0.22969255,-0.009495599,-0.1086364,0.27408817,0.12843928,0.032509778,0.018347593,0.09999631,-0.5461374,-0.85796225,0.14731242,-0.11533864,0.85284793,0.25751242,-1.5390103,0.38817826,-0.020919643,0.60928476,-0.16304915,-0.074981555,-0.13,0.12498976,0.025527343,0.04480299,-0.008523427,0.0,0.0,0.0,0.0,0.0,0.0
2.1347342,0.26193228,-2.2247572,-0.08107209,0.0048484253,0.019812267,-0.6333304,0.050080005,0.077605166,0.3697346,-0.09368123,0.042638015,1.7755376,-0.08093076,-0.1448519,0.5187442,-0.09521438,0.07652312,-0.015229515,-0.032904454,0.05163342,-0.0753079,0.1650034,-0.050776437,0.022661312,-0.19587214,0.09567524,0.081890315,-0.07276712,0.03726233,-0.4074054,0.0655718,0.04316096,-0.15234473,0.003166717,-0.29677618,-0.070530675,-0.0016572354,-0.034396112,0.047142666,-0.060180016,-0.27694353,0.033660334,-0.056110572,0.2978525,0.13792822,0.050730813,0.011122616,0.11247444,-0.42199826,-0.88573754,0.2485679,-0.06733631,0.8980553,0.24617827,-1.2520993,0.2914633,0.20371632,0.8084995,-0.10677005,-0.034623284,-0.12388599,0.091786936,0.026243499,0.07150637,-0.011924173,0.0,0.0,0.0,0.0,0.0,0.0
2.0930765,0.3343938,-2.2376633,-0.19755009,-0.021237016,0.019763108,-0.49507767,0.035201125,0.0380484,0.37659723,-0.057919644,0.049729615,1.821996,-0.06658617,-0.16834593,0.4438792,-0.06807296,0.060741812,-0.0020443734,-0.007941635,0.041205037,-0.09406372,0.15455183,-0.04137043,-0.016265243,-0.19043204,0.06145761,0.06848927,-0.033086944,0.032882955,-0.3768468,0.059092604,0.041741993,-0.1432823,-0.0063461503,-0.2422046,-0.09416337,-0.025335697,-0.027327769,0.05759544,-0.062968135,-0.35040742,0.037625454,0.036105607,0.35674435,0.14045312,0.03312405,0.0044351537,0.1607256,-0.34253275,-0.91712576,0.20696376,0.039499555,0.8601951,0.25290865,-1.007106,0.1863989,0.12432435,0.5872023,-0.036376845,-0.02850135,-0.11066742,0.05847765,0.07094201,0.06046401,-0.007113811,0.0,0.0,0.0,0.0,0.0,0.0
2.2155008,0.31953228,-2.1093223,-0.35006595,0.07825628,0.16099976,-0.31990796,-0.031401616,-0.2890042,0.34314257,-0.014604777,0.039757177,0.8435702,0.009702214,-0.15809035,1.5877781,0.103013776,0.06553806,0.036245026,-0.008642003,0.048615735,-0.10816087,0.13303319,-0.04890365,-0.15902527,-0.13064992,0.12763357,0.03620076,-0.008139735,0.021592524,-0.29171208,0.123494186,0.20022516,-0.3101259,-0.046101585,-0.20488216,-0.07105244,0.018331744,0.023440178,0.051295362,-0.078382656,-0.38564458,0.012449074,0.068769306,0.3464855,0.18620378,0.034361944,-0.025387365,0.13835791,-0.31209838,-0.92468005,0.13566801,0.21869951,0.849739,0.23940584,-0.7213635,0.07380386,0.036618363,0.7156803,-0.1556986,-0.030795263,-0.036940128,0.019747889,0.008378084,0.034260523,-0.0035903016,0.0,0.0,0.0,0.0,0.0,0.0
2.2303548,0.14557062,-2.042895,-0.5135125,-0.020824676,0.16695674,-0.101982154,-0.009276411,-0.075233005,0.32964176,0.0066811037,0.01747462,1.8178192,-0.03307696,-0.19889987,0.31166154,0.07670415,0.046730813,-0.0029180085,-0.04253068,0.025079397,-0.06661888,0.1597663,-0.11475426,-0.056929715,-0.18372579,0.057699133,0.07599772,-0.013879672,0.016822634,-0.32499045,0.044762462,0.16769348,-0.21370612,-0.060470346,-0.22027522,-0.11660287,0.027952097,-0.007478621,0.06704385,-0.0032998233,-0.4021096,0.03609653,0.020268023,0.35477912,0.11948222,0.06969626,-0.021689149,0.13310501,-0.14497018,-0.9337749,0.18898302,0.2026195,0.8994631,0.09394697,-0.36562562,0.012720504,0.1560823,0.79951996,-0.13427727,0.051263668,-0.035532586,-0.02112564,0.013278557,0.050179224,-0.014965488,0.0,0.0,0.0,0.0,0.0,0.0
2.0029438,0.2692281,-2.2714155,-0.69147575,-0.073314294,0.05275778,0.12139766,-0.025959615,-0.044790365,0.3345817,0.071610175,0.022119716,1.5729036,0.04123739,-0.21305653,0.2734811,0.11169416,0.022680176,0.003151183,-0.00042141025,0.004507747,-0.03519447,0.14395972,-0.11752797,-0.09464906,-0.17208335,0.028805625,0.07727276,0.051171515,0.0067484686,-0.27557707,0.0626983,0.20917413,-0.21511075,-0.067565,-0.15510255,-0.13426384,0.008420195,0.020427857,0.061796807,0.08111144,-0.42766488,0.029528165,0.087157905,0.34773114,0.12950587,0.051335827,-0.03391188,0.1647038,-0.040503092,-1.0047779,0.17545465,0.3862814,0.89947844,0.08216993,-0.42942017,0.08664502,0.19823134,1.0528846,-0.23480678,0.0030605274,-0.04431392,0.011582759,0.0009961389,0.079545885,-0.05634672,0.0,0.0,0.0,0.0,0.0,0.0
1.9007279,0.26057613,-2.3381116,-1.0557642,-0.16459115,0.113058835,0.029147713,-0.10666036,-0.17718244,0.4636871,0.10113156,0.027498955,2.0245645,0.0017188425,-0.34210888,0.57355624,0.07414485,0.022937063,0.011234079,0.037415884,-0.020434543,-0.10019152,0.13420126,-0.10852344,-0.20325708,-0.15498854,-0.010679185,0.07541851,0.094684236,-0.0062862593,-0.32690978,0.07612583,0.2504731,-0.25056195,-0.103615485,-0.14995626,-0.16569942,-0.024270263,0.013251858,0.08001535,0.04850502,-0.40826356,0.019102344,0.23146585,0.28492466,0.112061806,0.026521135,-0.053810004,0.21757098,0.008960764,-0.96471846,0.044718694,0.5122573,0.71163344,0.23742431,-0.7042059,0.10871869,0.21811014,1.2635195,-0.29322392,0.011853478,-0.06619595,0.036522917,0.07228863,0.09502318,-0.124820806,0.0,0.0,0.0,0.0,0.0,0.0
1.851235,0.23727328,-2.3741128,-1.1020052,-0.22394513,0.22089615,0.108659215,-0.248194,-0.28272468,0.4367288,0.12684578,0.03362429,2.1339157,-0.07449293,-0.30918846,0.54694545,0.0771379,0.0053794365,0.020211017,0.0892401,-0.05819679,-0.09173153,0.1211409,-0.16828164,-0.22133079,-0.13926926,0.0023586561,0.07616998,0.14282225,-0.020246495,-0.35705322,0.08178696,0.3353411,-0.27059215,-0.16021188,-0.17590524,-0.17437115,-0.047551006,0.018306185,0.09176146,0.11948333,-0.38424134,0.005661051,0.27980518,0.19440813,0.057559416,0.034938496,-0.06458635,0.22946137,0.09712164,-1.0038543,-0.045617584,0.63595754,0.6523988,0.24054548,-0.6471915,0.116704956,0.2216557,1.2086034,-0.25876477,-0.026490325,-0.049074702,0.016118132,0.085332125,0.08507273,-0.10180333,0.0,0.0,0.0,0.0,0.0,0.0
2.126847,0.18894689,-2.1968992,-1.1645681,-0.2244387,0.21774647,0.0073061073,-0.27064145,-0.3495461,0.45821777,0.114571035,0.03929267,2.042836,-0.07755333,-0.30718482,0.84271204,0.07356202,0.007765771,-0.0013104082,0.08278247,-0.019706687,-0.09565047,0.13426055,-0.17790608,-0.21160792,-0.15600632,0.055042207,0.082213946,0.13112713,0.0017203254,-0.34904048,0.07940979,0.37552172,-0.29522052,-0.14929953,-0.20941094,-0.20384741,-0.06149241,0.056900613,0.110290706,0.17563222,-0.3465221,-0.03720838,0.21346489,0.1887303,0.048315484,-0.019214578,-0.06711324,0.24932735,0.17829542,-0.94130576,-0.11745238,0.63645595,0.57977647,0.29810122,-0.7947762,0.107510604,0.09290241,1.5529987,-0.47777322,-0.037153926,-0.07324976,0.01642466,0.05624124,0.10901778,-0.15624516,0.0,0.0,0.0,0.0,0.0,0.0
2.120479,0.1102162,-2.2062223,-1.1891923,-0.23895378,0.19912621,0.22562078,-0.31403977,-0.29851332,0.4043958,0.14758167,0.040396284,1.7738792,-0.04244081,-0.28875223,0.4909074,0.1709856,0.00061232585,0.00947203,0.08921469,-0.038775153,-0.009912942,0.140911,-0.24752218,-0.15179317,-0.1642264,0.10041655,0.10431245,0.16334863,-0.0032260444,-0.3197209,0.044504885,0.45254028,-0.2837315,-0.14246352,-0.23809429,-0.1614558,-0.06631051,0.04273403,0.123250835,0.21244866,-0.2769481,-0.042929083,0.20383923,0.07854552,0.027876817,-0.007089984,-0.06830926,0.30572823,0.2166026,-0.9750635,-0.14749376,0.67367643,0.5440892,0.42705292,-0.9042965,0.08977403,0.14502957,1.5829262,-0.43732166,-0.09323211,-0.09942629,0.013222251,0.03813525,0.13128112,-0.15677921,0.0,0.0,0.0,0.0,0.0,0.0
2.217623,0.13866036,-2.1040654,-1.2521862,-0.22059962,0.21368314,0.27872738,-0.30722803,-0.3347049,0.38676593,0.16106081,0.03887861,1.6979033,0.012665642,-0.3390277,0.58994746,0.25660232,-0.0058852816,-0.0063171512,0.07032213,-0.0023230182,-0.011771415,0.14279509,-0.25791872,-0.16764146,-0.15629238,0.11532581,0.10156302,0.16181003,0.015469735,-0.30582896,0.037921652,0.48211592,-0.31673083,-0.14566992,-0.2454482,-0.14994854,-0.02844629,0.047176644,0.12106899,0.25809145,-0.23636808,-0.057642303,0.11490791,0.12439752,0.044268746,-0.017019855,-0.08639854,0.27619886,0.2755234,-0.8807782,-0.15747978,0.6009899,0.5547088,0.4243003,-1.0529464,0.14641607,0.04193812,1.661232,-0.51447964,-0.110315144,-0.107501954,0.0029457565,-0.016161641,0.1277432,-0.15454356,0.0,0.0,0.0,0.0,0.0,0.0
2.4769692,0.1287259,-1.7899384,-0.7859552,-0.114716664,0.27793598,-0.10079387,-0.21830909,-0.35605404,0.3580678,0.075929195,0.0642976,1.8126246,-0.1410143,-0.17863166,0.39179265,0.08923392,0.029672354,0.010337349,0.06837337,0.034701712,-0.079328254,0.14514938,-0.22007254,-0.10155424,-0.15950559,0.14411765,0.089912094,0.106411204,0.03613739,-0.3344763,0.045047514,0.3704919,-0.25551564,-0.1696326,-0.318932,-0.13656734,-0.042077668,0.07308338,0.13138685,0.22905149,-0.2828305,-0.057410423,0.07695666,0.2234687,0.06295152,-0.040943783,-0.07816167,0.2446846,0.23365799,-0.8579318,-0.09936238,0.53443265,0.61059767,0.3353547,-0.95931274,0.108071454,0.018346803,1.7155691,-0.5526489,-0.08087311,-0.0968059,-0.00037214998,-0.03103646,0.122689195,-0.17294495,0.0,0.0,0.0,0.0,0.0,0.0
2.4423525,0.14380325,-1.7930394,-0.6577527,-0.0928247,0.20793346,-0.19858353,-0.14206101,-0.25488126,0.37431142,0.05267953,0.06211949,1.8717916,-0.13960807,-0.15586324,0.29812154,0.029636402,0.038315743,0.011951876,0.05593812,0.037617166,-0.08276616,0.14486441,-0.19033843,-0.054322384,-0.16677938,0.114627935,0.099217325,0.08284316,0.03412904,-0.3355372,0.039374497,0.30553365,-0.23170741,-0.14857438,-0.30132502,-0.12497108,-0.026457522,0.063123435,0.12466895,0.20556946,-0.31127036,-0.036765706,0.07330375,0.2597478,0.069385305,-0.02617536,-0.072573744,0.22690427,0.2115609,-0.8682727,-0.0052170055,0.5003263,0.6884779,0.2616923,-0.7896194,0.06610873,0.098560765,1.7171878,-0.51029414,-0.04660374,-0.09060804,0.0083645815,-0.033243433,0.12866145,-0.17360847,0.0,0.0,0.0,0.0,0.0,0.0
2.1282954,0.17311668,-2.136489,-1.0928135,-0.120134026,0.10815392,0.2741759,-0.16600001,-0.17840798,0.38947418,0.13675438,0.014776735,1.2866377,0.08174486,-0.25631955,0.90359885,0.21092096,-0.0034847145,0.017761098,0.03230784,-0.0013250133,0.031818952,0.1487,-0.20063132,-0.17656098,-0.15398392,0.08953484,0.099763595,0.1098224,0.001818998,-0.27408174,0.06052843,0.41850612,-0.32424095,-0.081133746,-0.17960908,-0.10995086,0.02671785,0.023676855,0.09969499,0.17656896,-0.32454294,0.009326281,0.07706023,0.25310162,0.08730767,0.004046296,-0.06737772,0.26648664,0.15758331,-0.9031549,0.099181876,0.4249523,0.75370896,0.40966818,-0.8679805,0.048661016,0.23304842,1.5462927,-0.36524454,-0.051231366,-0.10330714,0.01951376,-0.019943943,0.13477506,-0.10651026,0.0,0.0,0.0,0.0,0.0,0.0
2.10385,0.15709057,-2.1922026,-0.74859226,-0.04770607,0.023425573,0.1975175,-0.1219558,-0.09748682,0.3170709,0.102704234,0.009476826,0.6578894,0.058729522,-0.14518598,1.3647809,0.12332747,0.037875365,0.021880738,0.051177442,-0.020552827,0.06287584,0.16067569,-0.140595,-0.17598195,-0.15571816,0.08452759,0.108778425,0.089217134,-0.020378537,-0.24760313,0.08172291,0.36665425,-0.34003398,-0.03521131,-0.14753264,-0.08245012,0.03932498,0.020772237,0.08209354,0.20928359,-0.3663421,0.046222955,0.0008448015,0.28428113,0.123038284,0.01820761,-0.059443936,0.23779713,0.12369604,-0.9351423,0.24340446,0.33083117,0.84179455,0.32447004,-0.9028814,0.12258582,0.33048466,1.3226477,-0.21491507,-0.052297167,-0.07792508,0.03483628,-0.0033528844,0.11507841,-0.044619754,0.0,0.0,0.0,0.0,0.0,0.0
2.1610181,0.19528753,-2.1256287,-0.6073708,-0.026691737,-0.016720667,0.09131322,-0.046812743,-0.0782115,0.31166983,0.07682774,0.013316831,0.52403224,0.064317144,-0.12591258,1.4175581,0.1167906,0.035578486,0.018371196,0.032766815,-0.007382882,0.07840229,0.16185322,-0.1054948,-0.15638162,-0.16153729,0.093268745,0.100322396,0.06306575,-0.015079461,-0.24242236,0.08355339,0.30639902,-0.3383568,-0.0031229078,-0.15037884,-0.06583205,0.057924725,0.011219881,0.07003948,0.16365837,-0.36314476,0.057027847,-0.01095032,0.2884796,0.12448038,0.038112473,-0.05199526,0.21153155,0.034291666,-0.9423769,0.28493536,0.25313985,0.879376,0.2950821,-0.8508624,0.115878314,0.34209928,1.1824199,-0.15875532,-0.035287924,-0.078043,0.053299073,-0.00034708972,0.10997486,-0.038596835,0.0,0.0,0.0,0.0,0.0,0.0
2.2901504,0.3152865,-2.0457618,-0.3262072,0.011098905,0.038918674,0.0154906,-0.09010299,-0.20948449,0.23592381,0.045315333,0.04013179,0.4329654,0.010442179,-0.11282998,1.374066,0.12189588,0.020447884,0.026206387,0.048944876,0.03139142,-0.029377932,0.14915338,-0.074210025,-0.14971384,-0.13454778,0.121069275,0.07320766,0.054725565,0.016357232,-0.2476801,0.09405785,0.264204,-0.33224502,-0.033702977,-0.1759381,-0.053527854,0.0535411,0.02490793,0.074479066,0.15928632,-0.33915672,0.06043743,-0.01907247,0.34057108,0.14936802,0.031868085,-0.0380361,0.21906722,-0.057035293,-0.96899945,0.28780392,0.21475796,0.9488743,0.36378077,-0.95775014,0.13647316,0.2995751,0.86077595,-0.053107318,-0.05679441,-0.063101634,0.014919555,0.008075633,0.064338185,0.025491983,0.0,0.0,0.0,0.0,0.0,0.0
-2.3575606,-0.22112471,2.0575936,-0.3608875,0.039194293,0.14646755,-0.11424444,-0.0771186,-0.27097523,0.23605591,0.021133311,0.029654486,0.5189001,-0.0059392042,-0.11072667,1.1438444,0.12914959,0.03193262,0.024350164,0.016119273,0.03001345,-0.023158712,0.14371052,-0.12012356,-0.10494876,-0.14303967,0.15968359,0.07889683,0.018587628,0.0134623945,-0.25736114,0.11139161,0.2874013,-0.30740994,-0.040199097,-0.2334411,-0.04764998,0.03699795,0.026984662,0.078594275,0.12652707,-0.346415,0.068520196,-0.05762826,0.3252708,0.17720792,0.035373103,-0.025508534,0.19607528,-0.12410537,-0.97036386,0.30375254,0.167626,0.9594497,0.29914907,-1.1267521,0.216549,0.30797705,1.1881744,-0.17555372,-0.06504615,-0.06973541,0.04613834,-0.034504935,0.08266794,-0.021935606,0.0,0.0,0.0,0.0,0.0,0.0
-2.4680552,-0.29900745,1.9035988,-0.0687099,0.054064702,0.099694595,-0.4053866,0.019904431,-0.24766389,0.23252103,-0.03530661,0.034639224,0.4122307,-0.056145936,-0.096033625,1.4999101,0.067334384,0.07265853,0.03098435,0.00850183,0.04614302,-0.079725675,0.13246842,-0.053452916,-0.11537368,-0.13400544,0.16054219,0.042789683,-0.021927577,0.020107074,-0.2826228,0.1244357,0.2070179,-0.3047329,-0.016720181,-0.23161663,-0.10111675,0.048184197,0.028654326,0.061488483,-0.000105955245,-0.36430237,0.036347874,-0.006285034,0.3428994,0.15996292,0.036547586,-0.03315176,0.17406373,-0.2939423,-0.94960296,0.28619042,0.1561915,0.9489593,0.32337227,-1.1724217,0.22437122,0.2502872,1.1191407,-0.19937862,-0.06874623,-0.079645574,0.056694902,-0.03135477,0.07998167,-0.014997758,0.0,0.0,0.0,0.0,0.0,0.0
2.4980826,0.2771953,-1.878512,-0.23395681,0.14031383,0.30626574,-0.62872994,0.052972905,-0.42325488,0.35827363,-0.04966985,0.024384974,0.60294974,-0.046350718,-0.10954428,1.7849863,0.095621094,0.0977408,0.05532946,-0.02940462,0.062254775,-0.1410197,0.114499256,-0.077344514,-0.15744947,-0.118471794,0.17982478,-0.001969278,-0.05138874,0.021621175,-0.27724043,0.16611244,0.23646902,-0.32035518,-0.04938125,-0.24805634,-0.12129192,0.07114521,0.020342747,0.0109973475,-0.28730544,-0.3540075,0.0071333395,0.1730454,0.36914194,0.16037765,0.023287548,-0.024299249,0.03172457,-0.51852924,-0.75297195,0.17288144,0.2604421,0.835503,0.15010096,-1.0502555,0.21558906,0.070359826,1.0798904,-0.26311567,-0.02724338,-0.058086265,0.090879135,-0.039981037,0.0605455,-0.051210918,0.0,0.0,0.0,0.0,0.0,0.0
-2.3605204,-0.2609603,2.050926,-0.17600769,0.16859773,0.43286183,-1.0260297,0.13045396,-0.50232965,0.42243478,-0.0765254,0.033587128,0.8899041,-0.12821992,-0.0978902,2.048011,0.028031213,0.24230513,0.024514686,0.013832655,0.056737006,-0.19097866,0.12187584,-0.06541619,-0.19091815,-0.12349131,0.17071646,-0.01057765,-0.052311998,0.028046992,-0.3357507,0.1757022,0.21825226,-0.29888448,-0.070581555,-0.26611233,-0.13749358,0.06204428,-0.005328027,-0.021774312,-0.31156543,-0.2764699,0.005973019,0.2010342,0.35699737,0.16410863,-0.006147811,-0.0131662935,-0.03151336,-0.6371702,-0.66998726,0.1277728,0.22112107,0.81666714,0.113207124,-1.4609183,0.44184035,-0.011494153,0.77077204,-0.20804255,-0.056848094,-0.07564507,0.12280554,-0.009893373,0.027862167,-0.0062432596,0.0,0.0,0.0,0.0,0.0,0.0
2.298802,0.3001548,-2.099867,0.09115392,0.15895194,0.36822468,-1.2046429,0.13001467,-0.3826111,0.3695703,-0.11342659,0.03003019,1.0119929,-0.2401307,-0.041106876,1.8204354,-0.087877005,0.3133198,0.010607611,0.025583683,0.0321625,-0.16237392,0.12932307,-0.075422324,-0.123730585,-0.14493169,0.18216257,0.0015242199,-0.06534828,0.015689759,-0.35083514,0.16177431,0.19695786,-0.26590833,-0.041385673,-0.3159515,-0.1143546,0.07915537,-0.0040369113,-0.055867556,-0.3482427,-0.14911012,-0.027262164,0.25846794,0.17611504,0.13522986,0.018400209,-0.018936554,-0.09189564,-0.6525768,-0.6374098,0.16741583,0.3497805,0.78242755,0.03755775,-1.3812684,0.42700627,0.20106953,1.1776235,-0.25902557,-0.061685733,-0.08651037,0.12228834,-0.038204852,0.0714435,-0.014270144,0.0,0.0,0.0,0.0,0.0,0.0
-2.4561815,-0.26908195,1.9126235,0.23817952,0.25379467,0.33763662,-1.3738552,0.21630803,-0.33713132,0.39058587,-0.18445215,0.041034084,0.79758626,-0.2955262,-0.021070566,1.7449781,-0.1302404,0.3179783,-0.018114254,-0.007045522,0.07386265,-0.15303208,0.15367469,-0.064676404,-0.07531724,-0.15659474,0.2501221,-0.0013320206,-0.13486709,0.033239048,-0.35408735,0.16844937,0.16013089,-0.23638533,2.3970666e-05,-0.41295764,-0.14273581,0.109973475,-0.014106459,-0.049289897,-0.27031022,-0.1368654,-0.005248124,0.0125199165,0.24528319,0.07416578,0.031504646,0.0007575234,-0.15623763,-0.7144793,-0.60583746,0.23959191,3.6100137e-05,0.92235494,-0.030943252,-1.4216331,0.4890685,0.11497287,0.995029,-0.25571635,-0.060710214,-0.09262914,0.15184045,-0.07677002,0.055377997,0.016712384,0.0,0.0,0.0,0.0,0.0,0.0
-2.4794204,-0.177456,1.9022806,0.30058938,0.2711678,0.39043972,-1.4178858,0.19276895,-0.27863407,0.3501253,-0.20815253,0.022973776,0.60485077,-0.368405,-0.0107891485,1.6358093,-0.1409786,0.33439955,-0.034879684,-0.005048215,0.043622654,-0.06401572,0.19790092,-0.116996,-0.04091314,-0.17769794,0.28598002,0.024747012,-0.16074295,0.025228651,-0.37462163,0.10852498,0.18463121,-0.19113785,0.04329279,-0.47723478,-0.1273412,0.11018626,-0.0617341,-0.05780527,-0.19753885,-0.04977343,0.003134213,-0.11629489,0.19313635,0.027487436,0.045487374,0.008969469,-0.1568715,-0.76574194,-0.50094044,0.19112362,-0.26936284,0.8027043,0.078597695,-1.7348473,0.525008,-0.0046569016,0.54623985,-0.069055215,-0.05093093,-0.14072342,0.16246848,-0.035011273,0.04459709,0.067494765,0.0,0.0,0.0,0.0,0.0,0.0
-2.4309483,-0.18143159,1.9704151,0.34365243,0.24976312,0.33429092,-1.3762294,0.16781993,-0.25069544,0.3408245,-0.22240819,0.04202842,0.6291865,-0.37891814,-0.0063281846,1.4665948,-0.16412845,0.28877586,-0.02841671,0.007798338,0.04876435,-0.058797672,0.19827497,-0.11511476,-0.011384063,-0.18478326,0.29028827,0.031233618,-0.14996138,0.035106897,-0.37943697,0.09280379,0.16166697,-0.16662934,0.045410562,-0.48948464,-0.09648579,0.07049284,-0.057749346,-0.040558353,-0.15399756,-0.059702214,-0.0077724736,-0.119160935,0.1768297,0.047261532,0.03769798,0.013708428,-0.10712858,-0.73874134,-0.5723296,0.14698341,-0.28657517,0.75837135,0.1333271,-1.7481444,0.50411236,-0.055709537,0.4593002,-0.056459863,-0.07488166,-0.14938203,0.1554511,-0.017849917,0.04318239,0.061371863,0.0,0.0,0.0,0.0,0.0,0.0
2.4291835,0.1726702,-1.9592419,0.34480593,0.2198825,0.2889708,-1.2576407,0.13044155,-0.2037278,0.3089608,-0.2139945,0.03907637,0.65492105,-0.34648177,-0.004849163,1.308135,-0.15937217,0.23338854,-0.011917336,0.003869707,0.05611115,-0.054398976,0.19019178,-0.11382844,0.006975135,-0.17515363,0.2743746,0.033670284,-0.1459056,0.04144668,-0.38682866,0.092140466,0.14991969,-0.16803008,0.032847606,-0.4725623,-0.07746843,0.07725262,-0.062303737,-0.031547636,-0.15705857,-0.06106864,0.0066829976,-0.11061669,0.1940278,0.04841346,0.04224846,0.013649468,-0.076789014,-0.7448567,-0.6196217,0.19189726,-0.26242593,0.8338853,0.17816858,-1.8117528,0.51053303,0.025002297,0.5097455,-0.033308808,-0.082313836,-0.1608283,0.16500899,-0.028037522,0.048820324,0.057179805,0.0,0.0,0.0,0.0,0.0,0.0
-2.317473,-0.21286234,2.0923507,0.30814514,0.152359,0.18681054,-1.0564419,0.06818061,-0.111462235,0.31459892,-0.19334687,0.054539166,0.9313308,-0.26186264,-0.01107385,0.8510336,-0.15350923,0.14027622,-0.0011071012,0.0035432798,0.063112795,-0.07329432,0.17323972,-0.097977705,0.04989213,-0.17687464,0.23085997,0.03678006,-0.116493575,0.053306825,-0.3820034,0.081983745,0.10155912,-0.13296492,0.013145744,-0.43340254,-0.06963766,0.027613485,-0.052412864,-0.027017077,-0.18035069,-0.11090895,-0.0029425854,-0.03844034,0.21903853,0.07771954,0.032843642,0.026678221,-0.030445179,-0.73235667,-0.7223515,0.16189007,-0.15495342,0.83883166,0.18316057,-1.7043926,0.47243235,-0.017233485,0.43110856,-0.03666969,-0.11073459,-0.1592584,0.15595002,-0.0038942725,0.047520194,0.032681942,0.0,0.0,0.0,0.0,0.0,0.0
-2.2837422,-0.23549148,2.110117,0.25382158,0.104743324,0.11311645,-0.9056643,0.042052962,-0.052919347,0.29733217,-0.16178529,0.057627324,1.4171449,-0.20307913,-0.026937632,0.68501973,-0.14034998,0.110701516,-0.0066438806,-0.0043916623,0.08335435,-0.100376695,0.16198786,-0.08564129,0.048377145,-0.18141304,0.18466952,0.04801431,-0.09521584,0.063244544,-0.40694064,0.082537785,0.09596123,-0.15694298,-0.030918712,-0.3944011,-0.05991045,-0.00597459,-0.0040151575,0.008955309,-0.10546812,-0.14407402,-0.028724289,-0.02340386,0.20168927,0.1307408,0.02172934,0.012081779,0.03642649,-0.5707884,-0.8445018,0.15362297,0.02285006,0.88678485,0.20818384,-1.5104475,0.41401637,0.067323916,0.9158097,-0.24937856,-0.1266639,-0.13543452,0.12987477,-0.053872623,0.06894266,-0.03202196,0.0,0.0,0.0,0.0,0.0,0.0
2.2099233,0.20707351,-2.1972904,0.14643478,0.04341301,0.042724993,-0.7685677,0.020032108,0.01377387,0.30873495,-0.12379997,0.0613968,1.7039834,-0.15885554,-0.068354286,0.54378134,-0.13949867,0.090707764,-0.0107703665,0.0039820317,0.080951184,-0.08461726,0.17310402,-0.075913325,0.060073126,-0.19820412,0.13559414,0.073324546,-0.062119626,0.063134104,-0.4101325,0.053584486,0.082322806,-0.15113334,-0.02443995,-0.334225,-0.061002072,-0.005987479,-0.010194684,0.046913676,-0.04384824,-0.18905197,-0.015210257,-0.014756009,0.24829711,0.1428319,0.012337975,-0.0028334018,0.109806135,-0.42595184,-0.88689697,0.15350355,0.07942469,0.8978793,0.2666197,-1.2195505,0.261449,0.058291744,0.77711093,-0.18324585,-0.07768122,-0.12545928,0.09509252,-0.010652448,0.06564317,-0.034987047,0.0,0.0,0.0,0.0,0.0,0.0
2.1950464,0.2566329,-2.1879764,-0.010288148,0.006101208,0.01797541,-0.5659811,0.035635706,0.030170418,0.3230765,-0.08416375,0.05813095,1.8347377,-0.10570675,-0.12802754,0.46556753,-0.0878415,0.07182314,-0.00883974,-0.0031730644,0.07252491,-0.10355085,0.15870018,-0.050265484,0.010306278,-0.18548602,0.08480942,0.07113411,-0.042492643,0.055623837,-0.39770305,0.049330033,0.05805506,-0.15668675,-0.034868024,-0.26704663,-0.09973754,-0.015191935,-0.011522777,0.07136725,-0.011070757,-0.28596678,-0.0042907316,-0.01283785,0.3198049,0.13655226,0.018546065,-0.01181195,0.18326567,-0.33301017,-0.93726104,0.15922453,0.08064372,0.89501834,0.3263278,-1.0286874,0.16066483,0.056898627,0.69340336,-0.15358047,-0.045356937,-0.11138669,0.047675587,0.028114142,0.057982475,-0.019760631,0.0,0.0,0.0,0.0,0.0,0.0
2.1531367,0.229568,-2.1847746,-0.24314436,0.00086704514,0.069289684,-0.30928242,0.026240613,-0.01459432,0.30603966,-0.04350462,0.048612863,2.002244,-0.061606687,-0.19571114,0.31959394,-0.012663626,0.05154823,0.0016837271,-0.014918571,0.048491064,-0.1179877,0.15325804,-0.05426829,-0.04897645,-0.18201317,0.044370692,0.06999092,-0.022075312,0.037180725,-0.38067707,0.046939548,0.0794128,-0.17497315,-0.045872144,-0.23403579,-0.11585927,-0.019299883,-0.02388374,0.08028109,-0.037856385,-0.35622042,0.03319293,0.038215652,0.3353516,0.12229687,0.051692944,-0.013424086,0.20066883,-0.27368006,-0.9571413,0.18947385,0.124486394,0.8621619,0.31183833,-0.7371808,0.048875093,0.15627645,0.64283377,-0.052573692,0.0013055535,-0.0784299,-0.0035802033,0.06857433,0.05158011,0.008254044,0.0,0.0,0.0,0.0,0.0,0.0
2.2826998,0.17651217,-1.9925284,-0.41807103,-0.004793712,0.1483797,-0.11326471,-0.010414725,-0.08352962,0.27433825,-0.0034529725,0.028560847,1.890609,-0.044510797,-0.20132154,0.26997897,0.061863616,0.047950763,0.0031699257,-0.037542008,0.038730044,-0.08639117,0.16106997,-0.10433104,-0.05032171,-0.18273167,0.058022887,0.07634575,-0.011554248,0.025485033,-0.334393,0.039469376,0.1582287,-0.2179184,-0.064699054,-0.2375116,-0.08846691,0.021902632,-0.004159777,0.0794397,-0.013646306,-0.3545881,0.04201905,0.034328032,0.31851822,0.13640566,0.066702135,-0.024582123,0.16959307,-0.1549375,-0.9343954,0.21360613,0.23182133,0.89610577,0.19030583,-0.45289895,-0.018276712,0.25837663,0.95419145,-0.12888142,0.0534733,-0.045590866,-0.038042065,0.009527755,0.061782803,-0.015278018,0.0,0.0,0.0,0.0,0.0,0.0
2.0605268,0.17047188,-2.2493694,-0.65338343,-0.0818316,0.040422413,0.03899957,-0.027860612,-0.099685304,0.3290016,0.06204471,0.051661663,1.6574284,0.0018176447,-0.22816549,0.267037,0.10266491,0.027884506,0.0054959585,0.011820207,0.024309898,-0.0504417,0.14907561,-0.11511758,-0.071010634,-0.18182479,0.04288633,0.0852983,0.06924959,0.0199058,-0.2739747,0.051580757,0.20943584,-0.21736781,-0.063044555,-0.17156881,-0.112419344,-0.021276256,0.037494257,0.07003167,0.061521333,-0.37534836,-0.0005425549,0.16336782,0.28149956,0.1587623,0.026481539,-0.043817893,0.18197747,-0.007864622,-1.00366,0.112496376,0.5194509,0.84151846,0.13391574,-0.3377246,0.00847955,0.19746833,1.1352781,-0.24367058,0.0030352906,-0.048101913,-0.021932816,-0.0122185685,0.09204458,-0.0692004,0.0,0.0,0.0,0.0,0.0,0.0
1.9678648,0.091611326,-2.3518035,-0.95634496,-0.15282276,0.023715883,0.112423725,-0.060880534,-0.07743872,0.4316568,0.11099145,0.041084092,1.8116019,0.008228163,-0.25857106,0.11006366,0.11112902,0.015224355,-0.007015573,0.0375505,-0.030025134,-0.01676732,0.14806598,-0.16262169,-0.06668954,-0.19605348,0.02486883,0.096279815,0.11039787,-0.007706614,-0.26315972,0.026997471,0.27187687,-0.1924004,-0.0666389,-0.1722157,-0.16928296,-0.05949021,0.020744495,0.06753153,0.09663069,-0.38084716,-0.02638979,0.25866657,0.17890431,0.047939666,0.028895661,-0.051997744,0.18946013,0.11903367,-0.99242914,-0.032979492,0.63019085,0.65382093,0.09336552,-0.29561144,0.021095835,0.16771777,1.2018427,-0.2721848,-0.0006383918,-0.0637657,0.01162034,0.04888339,0.1206895,-0.13950342,0.0,0.0,0.0,0.0,0.0,0.0
2.0011988,0.17828959,-2.279084,-1.0807345,-0.21758045,0.14513978,-0.01953251,-0.20294781,-0.25821817,0.48789516,0.10588217,0.04083857,2.1631694,-0.095012285,-0.29353157,0.68381554,0.037557233,0.014249918,-0.0023495115,0.076147534,-0.048044093,-0.10357,0.13168047,-0.13868786,-0.20876595,-0.15636337,-0.0023312469,0.08159207,0.12700856,-0.016344532,-0.34930685,0.07216429,0.3049149,-0.28138146,-0.13366719,-0.17448151,-0.18562727,-0.08989036,0.052312274,0.08647152,0.14250356,-0.39114884,-0.04146966,0.26169464,0.14113404,0.034286786,0.022111036,-0.062065944,0.18577157,0.17325112,-1.0051868,-0.13218585,0.69325006,0.58645505,0.12535055,-0.33773488,0.040624477,0.11823588,1.2950773,-0.37230787,0.001375191,-0.025611809,-0.0010887745,0.08811835,0.0870044,-0.14134029,0.0,0.0,0.0,0.0,0.0,0.0
2.2103837,0.08357929,-2.090715,-0.9710836,-0.1761846,0.2317427,-0.15146482,-0.24446248,-0.34634382,0.42185533,0.08945484,0.040845864,1.8880465,-0.1420253,-0.20623185,1.2298546,0.02562038,0.05670598,-0.011361267,0.09264153,-0.034455318,-0.06117425,0.14386879,-0.1832074,-0.18303773,-0.17239362,0.07879396,0.10045416,0.12359568,-0.012218398,-0.36201903,0.078896545,0.37951687,-0.33797064,-0.12108273,-0.22112057,-0.17147964,-0.05254506,0.06272072,0.09373441,0.22069179,-0.32436574,-0.049496125,0.14800623,0.117630005,0.031296596,0.0018295399,-0.073220864,0.16640896,0.23727797,-0.9346326,-0.1182041,0.6335199,0.6080422,0.093041204,-0.48680663,0.08063054,0.09255051,1.5194572,-0.4716721,-0.046974756,-0.03757576,-0.007998169,0.021654144,0.100650705,-0.11431475,0.0,0.0,0.0,0.0,0.0,0.0
2.371302,0.13456419,-1.9568856,-0.07919588,0.025220914,0.3119535,-1.1077583,-0.026465802,-0.63245386,0.35608646,-0.028737731,0.09081799,1.18036,-0.41182196,0.013540863,1.6522987,-0.15813044,0.27821055,0.014766834,0.1520426,0.0004687565,-0.11062837,0.14499642,-0.17105398,-0.12575658,-0.18054508,0.2226786,0.11401425,0.092227116,0.010086489,-0.3528784,0.1068608,0.35661238,-0.31840634,-0.1108682,-0.3138018,-0.14557023,-0.09035218,0.115419015,0.13577588,0.2880565,-0.3130668,-0.08122222,0.06969441,0.10800277,0.023399672,-0.06962596,-0.082696065,0.17469211,0.27793542,-0.93822587,-0.13020788,0.65449476,0.5974066,0.10905332,-0.60964626,0.09801126,0.016053803,1.6490128,-0.5351976,-0.099620655,-0.041746814,-0.004633525,-0.0012666651,0.110217296,-0.12116787,0.0,0.0,0.0,0.0,0.0,0.0
2.5574687,0.15191405,-1.7250082,0.076259755,0.047619477,0.28258398,-1.1659027,0.040826716,-0.5781113,0.37646666,-0.059913386,0.101010956,0.9972707,-0.44957215,0.015160259,1.5118264,-0.17171384,0.2767819,0.01042112,0.13214841,0.036632054,-0.14453305,0.14420547,-0.15481916,-0.108966336,-0.19700131,0.24931662,0.0795958,0.056735646,0.028472587,-0.30621997,0.11003354,0.3103089,-0.26564518,-0.07026749,-0.33265156,-0.166167,-0.07461244,0.13267799,0.10947684,0.25898096,-0.34513384,-0.10136292,0.080679685,0.23068608,0.058824286,-0.11559894,-0.0887189,0.12449856,0.28947654,-0.80068463,-0.108470924,0.58903086,0.5264346,-0.0010867814,-0.6471387,0.113917306,-0.07457408,1.67769,-0.5525223,-0.0990486,-0.06542144,-0.0038431527,-0.021884184,0.1270175,-0.13741095,0.0,0.0,0.0,0.0,0.0,0.0
2.5251555,0.12824106,-1.7719535,-0.2547806,0.0075306813,0.29810244,-0.6484244,-0.13438429,-0.4773201,0.34562564,0.004696299,0.0867799,1.4644351,-0.3077704,-0.02824701,0.844419,-0.08601472,0.10515244,0.028836332,0.10880005,0.0457363,-0.10538332,0.14557181,-0.20447096,-0.06723139,-0.17421159,0.2136412,0.08526328,0.083276555,0.039759718,-0.32482615,0.07925828,0.3432021,-0.25826275,-0.13865061,-0.35329744,-0.12928201,-0.054735884,0.112646125,0.13272925,0.24752703,-0.32281956,-0.061864123,0.079284586,0.27075052,0.07237686,-0.09236735,-0.078807205,0.19638261,0.2566527,-0.8306329,-0.05042023,0.57215303,0.63077724,0.1677265,-0.8320397,0.10503687,0.022461519,1.7340088,-0.5382781,-0.08682904,-0.08078499,0.0017730905,-0.039735895,0.12708217,-0.15792988,0.0,0.0,0.0,0.0,0.0,0.0
2.1467197,0.07969362,-2.1121721,-1.1550449,-0.14572766,0.07968377,0.33412442,-0.203691,-0.2009994,0.40518138,0.15771852,0.023894066,1.2558631,0.078772075,-0.25865057,0.88796604,0.24248634,-0.021781828,0.0061167404,0.050017253,0.00792364,0.050002877,0.14845194,-0.22736166,-0.18703055,-0.16172336,0.09974528,0.09219019,0.14088821,0.010046047,-0.26079658,0.050138194,0.46068326,-0.33748347,-0.079295754,-0.17307723,-0.15187547,0.015800657,0.045274537,0.0976804,0.23392186,-0.2945283,-0.03445619,0.0997352,0.2328035,0.04048065,-0.031027464,-0.087114014,0.24570158,0.27832717,-0.8252872,-0.044053797,0.5004627,0.6436763,0.33645228,-0.807506,0.057987068,0.0860043,1.6125917,-0.46546635,-0.0669245,-0.1114017,0.01310372,-0.02453427,0.14360048,-0.14063103,0.0,0.0,0.0,0.0,0.0,0.0
2.082521,0.09655054,-2.1672664,-1.0054295,-0.08966257,0.060858466,0.25049832,-0.17975157,-0.19870453,0.41018775,0.13228674,0.026903486,0.9265732,0.059630726,-0.19059122,1.151068,0.1753102,-0.0045462167,0.032126464,0.06090593,-0.0015653241,0.07666878,0.13414142,-0.19969162,-0.1749883,-0.14048806,0.110627934,0.100448,0.12780948,-0.0012497029,-0.25406042,0.08630984,0.4386221,-0.3576968,-0.07666285,-0.1665554,-0.111190155,0.026264183,0.03957918,0.10682707,0.22100031,-0.3501731,0.0012326452,0.08062721,0.25825545,0.060957048,-0.010290861,-0.08345107,0.2532083,0.21202476,-0.9239036,0.07791223,0.4843317,0.7661844,0.35179847,-0.77568614,0.06881538,0.1950864,1.5851735,-0.39521557,-0.07304467,-0.09016278,0.037809417,-0.029525243,0.1392932,-0.12929034,0.0,0.0,0.0,0.0,0.0,0.0
2.1388273,0.13009632,-2.1943889,-0.849152,-0.059588,0.037408903,0.20975882,-0.15328763,-0.15730138,0.35982174,0.1171634,0.02161503,0.64644355,0.051198207,-0.14916559,1.259628,0.1495385,0.016429534,0.029984841,0.06705413,-0.011139505,0.07121041,0.14605181,-0.17080167,-0.17196415,-0.14203398,0.10828831,0.1060584,0.11150431,-0.008836546,-0.23789848,0.078906395,0.4074378,-0.33640218,-0.054796573,-0.15925972,-0.107915096,0.03179396,0.027831754,0.100102365,0.22944507,-0.36043674,0.027905537,0.022713674,0.28560126,0.08033708,0.0023329875,-0.07092984,0.26889712,0.16048078,-0.9387986,0.16341195,0.37774748,0.8143803,0.38512227,-0.9036802,0.107925735,0.25583667,1.3381677,-0.25479826,-0.07348034,-0.08897963,0.04072289,-0.009152428,0.12097583,-0.07855168,0.0,0.0,0.0,0.0,0.0,0.0
2.2467833,0.16347125,-2.1065323,-0.71796876,-0.019887844,0.023000512,0.11055865,-0.10713581,-0.1423684,0.35352942,0.08765597,0.017136414,0.50818354,0.061174203,-0.13493161,1.4404057,0.14447922,0.02993349,0.026342891,0.049361516,-0.010361767,0.059348352,0.14724317,-0.12644804,-0.166145,-0.14058807,0.116265155,0.10805499,0.07816818,-0.0125210555,-0.24137808,0.09809878,0.36004508,-0.35749996,-0.03204388,-0.16970445,-0.072616,0.042024884,0.018756937,0.08288853,0.21436732,-0.35913095,0.054230332,-0.040872533,0.270438,0.08845573,0.04098113,-0.052635506,0.23291358,0.09090846,-0.95326173,0.25310308,0.2553279,0.8617564,0.34458032,-0.98239166,0.17147465,0.32266104,1.3113848,-0.21617211,-0.06853479,-0.076908045,0.065199286,-0.011634556,0.11451245,-0.06037339,0.0,0.0,0.0,0.0,0.0,0.0
2.349716,0.26793912,-1.9917455,-0.4753528,-0.0047775535,0.038639463,-0.08364972,-0.05131476,-0.19412492,0.33728167,0.04719957,0.032841556,0.5134312,0.019388037,-0.13292632,1.4756529,0.13123392,0.03721707,0.02918878,0.03553307,0.021369852,0.0027765331,0.15220053,-0.084087655,-0.15048899,-0.149744,0.12556492,0.073386855,0.045408707,0.007771785,-0.24651065,0.08985038,0.27032173,-0.33756316,-0.008144704,-0.1772653,-0.0712998,0.044970956,0.021834759,0.0689601,0.13596728,-0.37191853,0.054778863,-0.0134135885,0.3474725,0.12167139,0.027568668,-0.036161136,0.20757188,-0.024852036,-0.9184703,0.2661956,0.16026078,0.874016,0.32528654,-0.88606757,0.10333574,0.2808492,0.93357956,-0.07676716,-0.03010822,-0.07567761,0.051019043,0.021783663,0.08689526,-0.02543963,0.0,0.0,0.0,0.0,0.0,0.0
-2.3559282,-0.22806376,2.0248961,-0.4126276,0.03435542,0.14343187,-0.040455244,-0.09732525,-0.24743894,0.26231965,0.042961523,0.025765743,0.35456848,0.00811678,-0.09443689,0.8282591,0.13607836,0.031451996,0.04223661,0.013526686,0.023198022,-0.0008724492,0.13334426,-0.13951004,-0.10180739,-0.13802102,0.16971499,0.07132831,0.027595943,0.011609402,-0.20698373,0.11236924,0.29853046,-0.24673146,-0.036848303,-0.22276166,-0.04093631,0.049237434,0.01750488,0.069467135,0.11147429,-0.3478545,0.06491863,-0.03627194,0.340007,0.16097382,0.027776448,-0.029114813,0.21345402,-0.10610115,-0.91360134,0.28102297,0.14907625,0.9037912,0.32103682,-1.2798843,0.25105208,0.28235635,1.2732472,-0.2007591,-0.076370895,-0.106370926,0.07238489,-0.04056404,0.11116215,-0.057766497,0.0,0.0,0.0,0.0,0.0,0.0
-2.338849,-0.29200763,2.0324833,-0.13974339,0.059987795,0.11807686,-0.41866243,-0.0033098045,-0.26824966,0.28519282,-0.03016513,0.043648444,0.33186743,-0.06419974,-0.08846447,1.1093378,0.052387595,0.06560008,0.04641268,0.022819938,0.045351036,-0.053952795,0.12045599,-0.08863151,-0.069257,-0.12139462,0.18052153,0.049577508,-0.0057243896,0.024555488,-0.23332335,0.12037098,0.22617465,-0.25532344,-0.037883606,-0.24675602,-0.06805651,0.042711433,0.021725222,0.06127989,0.016563613,-0.358996,0.050239008,0.007088033,0.35977963,0.17470068,0.026996007,-0.030204307,0.1814685,-0.26549512,-0.95067453,0.26688012,0.17407072,0.9597604,0.27948815,-1.274984,0.2826422,0.22570774,1.1604284,-0.2032994,-0.07668851,-0.08837393,0.095006295,-0.0441978,0.08787459,-0.0611266,0.0,0.0,0.0,0.0,0.0,0.0
-2.3024588,-0.28431377,2.1077824,-0.18407853,0.08595211,0.24774766,-0.59241736,0.0192609,-0.37609148,0.3292321,-0.03623884,0.03599232,0.58121455,-0.09231665,-0.09668877,1.5098387,0.046146654,0.10723398,0.043875657,0.016002519,0.052307528,-0.11116573,0.1127615,-0.09316336,-0.12222426,-0.11561254,0.16940509,0.012726934,-0.013266477,0.025967307,-0.2632974,0.13828701,0.23802139,-0.28517306,-0.06580223,-0.23324263,-0.11390812,0.06047903,0.025373474,0.013750317,-0.16173707,-0.32206634,0.009046354,0.16647397,0.35200834,0.17020364,0.0029536828,-0.03766276,0.069919914,-0.39554402,-0.82062364,0.16426004,0.33651674,0.8735919,0.15985025,-1.099855,0.25935885,0.095158964,1.091452,-0.25900075,-0.047328234,-0.06970052,0.09384039,-0.04451857,0.06748172,-0.067257956,0.0,0.0,0.0,0.0,0.0,0.0
2.3320217,0.25001827,-2.052661,-0.15238313,0.12274025,0.34255832,-0.93638134,0.09427161,-0.46895006,0.3905608,-0.066113725,0.04635669,0.8775421,-0.12366812,-0.102590755,1.9032582,0.0013424163,0.22117773,0.04124191,0.030611569,0.0537244,-0.18117645,0.10549795,-0.07116315,-0.1626377,-0.11353556,0.16275442,-0.00351596,-0.020869266,0.027756408,-0.31443956,0.17760736,0.22971985,-0.3114427,-0.091693364,-0.25217852,-0.092856124,0.04452382,0.019587368,-0.037334148,-0.32902354,-0.22324124,-0.027018625,0.32613352,0.22992817,0.19943705,-0.00801662,-0.031375825,-0.009417086,-0.5799852,-0.74112993,0.09058202,0.47824994,0.7688475,0.13976699,-1.4319863,0.43930107,0.10442989,1.3380356,-0.38567114,-0.06634717,-0.075121894,0.13537242,-0.041597303,0.07111609,-0.08626918,0.0,0.0,0.0,0.0,0.0,0.0
2.3361537,0.31964576,-2.067294,0.041098334,0.1785372,0.35605356,-1.2518187,0.16198544,-0.3799451,0.43217796,-0.11093041,0.02958512,0.9657129,-0.20228243,-0.055232596,2.003608,-0.05872099,0.3477324,0.0054105455,0.024787439,0.05720907,-0.18943326,0.12682979,-0.050936993,-0.15229961,-0.12431168,0.16878445,-0.015313321,-0.06977134,0.026355982,-0.34282053,0.15664439,0.19014363,-0.28709823,-0.069255374,-0.28660214,-0.15838788,0.08522023,-0.0052737095,-0.052980922,-0.32850847,-0.1893579,-0.02006893,0.19815287,0.29338643,0.12323134,-0.0020197157,-0.024058275,-0.09162232,-0.64016736,-0.6109157,0.12827966,0.2575161,0.833647,0.04045491,-1.4537122,0.47200727,0.038608797,1.0474377,-0.3256347,-0.036974035,-0.076914,0.14133148,-0.038529906,0.045123234,-0.025416398,0.0,0.0,0.0,0.0,0.0,0.0
2.3743038,0.23512134,-1.9945601,0.1896755,0.17343688,0.32654673,-1.3402197,0.1772499,-0.30832377,0.4296378,-0.14899486,0.035554487,0.83378226,-0.28240204,-0.013624985,1.8374476,-0.12494033,0.34565955,-0.005094277,0.02184852,0.06408206,-0.14335522,0.1522423,-0.054211024,-0.08450232,-0.14407757,0.20343775,-0.002854962,-0.09998044,0.03101627,-0.34364018,0.15623133,0.15339683,-0.25145063,-0.013159412,-0.34570897,-0.1414889,0.13072647,-0.0260558,-0.06756657,-0.28411257,-0.14412494,0.018043552,0.08275132,0.31212908,0.08629774,0.022191215,-0.005213378,-0.17427365,-0.7115929,-0.56650597,0.26330715,0.07337027,0.96562624,-0.07767071,-1.4802903,0.5464411,0.14282739,0.7532185,-0.12418357,-0.051733136,-0.08139234,0.17637785,-0.05232146,0.030942073,0.019723244,0.0,0.0,0.0,0.0,0.0,0.0
2.42339,0.21727906,-1.9749342,0.25334665,0.23554648,0.39281407,-1.3934692,0.16853283,-0.2525914,0.38333088,-0.18374325,0.010816013,0.69353986,-0.32657468,-0.0047706077,1.7094572,-0.14724725,0.34995997,-0.018947441,-0.014005532,0.049642082,-0.0657972,0.19000205,-0.09960004,-0.042411983,-0.16513383,0.2514613,0.025708063,-0.157713,0.027395776,-0.3854255,0.12907545,0.17239735,-0.21611762,0.028472733,-0.43326643,-0.12419255,0.15589829,-0.06316501,-0.057883956,-0.2536556,-0.0668648,0.032942414,-0.07060868,0.26088572,0.0306167,0.051441766,0.011734438,-0.16888456,-0.79720634,-0.50444436,0.2801665,-0.17726164,0.9528282,0.05232166,-1.7068714,0.5366282,0.12650223,0.5861267,-0.035565205,-0.032913573,-0.12591287,0.18166618,-0.043944787,0.036156233,0.06846536,0.0,0.0,0.0,0.0,0.0,0.0
2.398476,0.27211636,-2.0098925,0.23161893,0.24407531,0.39088306,-1.321332,0.16983572,-0.28958735,0.4030697,-0.19187395,0.03239562,0.67751694,-0.3144488,-0.018687038,1.5139366,-0.14140476,0.2659729,-0.0022232248,-0.011177448,0.049237676,-0.084903024,0.16979118,-0.10395806,-0.027011866,-0.16129163,0.2710642,0.020364359,-0.14529209,0.032224443,-0.37801984,0.15019456,0.15680516,-0.18384258,0.028903874,-0.46248543,-0.08581565,0.116130374,-0.06881478,-0.06374111,-0.28424165,-0.08154131,0.019688472,-0.03598122,0.23484248,0.044054177,0.052555535,0.027275665,-0.14722618,-0.8540845,-0.5290695,0.2232638,-0.22153595,0.8708826,0.07701757,-1.8649049,0.60170496,0.07347199,0.5793614,-0.042821676,-0.06720071,-0.15637971,0.21268703,-0.040665407,0.048790637,0.04840266,0.0,0.0,0.0,0.0,0.0,0.0
-2.331497,-0.2547616,2.053006,0.26907107,0.19765565,0.30058,-1.1987965,0.115019955,-0.19970761,0.378557,-0.19129895,0.043334566,0.80670786,-0.2928141,-0.0088347,1.1279315,-0.15687896,0.18617326,0.00055376143,-0.0056616487,0.057541534,-0.08186095,0.16809797,-0.10407278,0.020988293,-0.16870475,0.25422016,0.016982323,-0.13076498,0.04279105,-0.365506,0.12008291,0.11987325,-0.14365417,0.031175416,-0.45485237,-0.09879293,0.08746433,-0.06264349,-0.06756741,-0.29884708,-0.098620564,0.008185444,0.006925543,0.2564494,0.054504413,0.038458228,0.032576844,-0.13289626,-0.8449568,-0.5561451,0.20069382,-0.17244853,0.8511541,0.06322976,-1.793989,0.5652376,0.0052761766,0.45085904,-0.026363531,-0.07733842,-0.15960725,0.19423929,-0.022298547,0.046211317,0.044841435,0.0,0.0,0.0,0.0,0.0,0.0
2.3164303,0.24989693,-2.096617,0.2549963,0.1422823,0.19651365,-1.0869453,0.063326,-0.075030655,0.36888984,-0.18306197,0.0454073,1.1113929,-0.22743572,-0.015063871,0.89706624,-0.17061058,0.15055344,0.0059772967,-0.013344058,0.060002692,-0.08256051,0.17317678,-0.082745716,0.04474571,-0.17193338,0.20518348,0.038625266,-0.12539788,0.049767137,-0.40560263,0.09027034,0.08591652,-0.13919412,0.0069039245,-0.42114508,-0.07585875,0.053076405,-0.06703354,-0.02907924,-0.25579193,-0.12506253,0.019735828,-0.01116359,0.25832677,0.065317184,0.045914937,0.03566886,-0.035579573,-0.79093796,-0.7019073,0.21701352,-0.14811467,0.8986552,0.20243745,-1.7340891,0.4677639,0.052771896,0.42471945,0.00055483886,-0.07643572,-0.15843423,0.17725576,0.016096974,0.04294231,0.03760909,0.0,0.0,0.0,0.0,0.0,0.0
-2.202982,-0.28412613,2.1672585,0.10240995,0.07626114,0.12648049,-0.80776405,0.024202865,-0.017134683,0.3605097,-0.12551847,0.0361638,1.5465993,-0.15207326,-0.06330904,0.5901222,-0.13038401,0.096010216,0.01178953,-0.019238528,0.053868018,-0.09342459,0.15750447,-0.089300126,0.041675683,-0.17791125,0.14544813,0.048123013,-0.08438665,0.043742895,-0.38739464,0.07836149,0.0949893,-0.15362068,-0.036682524,-0.35355,-0.05251661,0.022687385,-0.027261138,-0.007100449,-0.20226108,-0.17494024,0.0061452836,0.047700197,0.23803861,0.11443127,0.042098224,0.021471657,0.01818661,-0.59094,-0.79706585,0.21156912,0.061546087,0.90099394,0.17899053,-1.4718689,0.4009032,0.20070294,0.9680754,-0.19951993,-0.07372438,-0.13466734,0.16458094,-0.029571848,0.080747485,-0.054687023,0.0,0.0,0.0,0.0,0.0,0.0
2.2096364,0.2528791,-2.2014225,0.11993464,0.05871254,0.06589041,-0.6814357,0.03194632,0.024482045,0.30701295,-0.124766804,0.03829974,1.4767855,-0.1259252,-0.07243963,0.5429884,-0.10932994,0.08169415,0.012561597,-0.025097957,0.05644791,-0.06917054,0.17027168,-0.07705572,0.053537317,-0.19004959,0.13588731,0.07089075,-0.08598573,0.04583676,-0.39466366,0.062301308,0.0833877,-0.15847456,-0.011012169,-0.322799,-0.030591646,0.01375894,-0.03191133,0.04752394,-0.11248481,-0.2161213,0.03607979,-0.020571692,0.255952,0.11354496,0.04864447,0.018793581,0.10978287,-0.49035493,-0.9063275,0.2630382,-0.012786267,0.9574194,0.31310865,-1.2240733,0.21820775,0.256394,0.78955203,-0.0560492,-0.062808104,-0.12939036,0.10638094,-0.0027190999,0.07725502,-0.008642855,0.0,0.0,0.0,0.0,0.0,0.0
2.179497,0.2938621,-2.1771703,-0.05944886,-0.004439422,0.014786555,-0.5209821,0.04646499,0.047119338,0.35812035,-0.077794716,0.052285746,1.7150791,-0.081359066,-0.13316141,0.426723,-0.073117,0.06529577,0.011553901,-0.013458238,0.059923913,-0.09449039,0.1592832,-0.04659988,0.012975338,-0.18924022,0.07555138,0.051854804,-0.04598771,0.046310104,-0.3606237,0.04471366,0.040293574,-0.13206138,-0.0054467334,-0.2472858,-0.09756097,-0.0076736445,-0.032557543,0.045948938,-0.13145249,-0.3261327,0.026929775,0.07042628,0.3754768,0.13090017,0.023376534,0.0073209605,0.16115655,-0.41967088,-0.884855,0.20765746,0.053526714,0.8834569,0.297705,-0.9563429,0.11693824,0.09723415,0.5014088,-0.01732468,-0.01459983,-0.11803125,0.0572856,0.07001866,0.057319496,-0.00023379727,0.0,0.0,0.0,0.0,0.0,0.0
2.2488372,0.23371316,-2.1165588,-0.19787267,0.011316294,0.09451846,-0.27192786,0.01888046,-0.022859862,0.30554265,-0.040149245,0.03951676,1.748321,-0.054401904,-0.14760676,0.24011898,0.0011917257,0.04488673,0.012940878,-0.021277199,0.04669919,-0.08585481,0.15171485,-0.08352065,-0.0046901186,-0.17979401,0.06369463,0.052986376,-0.026915953,0.038910672,-0.33273324,0.045886487,0.09461637,-0.15592913,-0.05193956,-0.22894669,-0.09913906,-0.008589267,-0.01652794,0.05755826,-0.09163116,-0.36893815,0.028249307,0.084152505,0.37298232,0.13276243,0.04086575,-0.002286154,0.15584704,-0.32769623,-0.9490768,0.17791048,0.1804052,0.90687543,0.19460557,-0.6355993,0.069234364,0.09099276,0.5709232,-0.0761507,-0.006960527,-0.07067578,0.021146737,0.042250033,0.04568324,-0.010162683,0.0,0.0,0.0,0.0,0.0,0.0
2.3065,0.20659241,-2.0289927,-0.39536977,0.0030913802,0.15215486,-0.06379587,-0.023616515,-0.107136466,0.25440374,0.009936964,0.026780369,1.7097163,-0.03463073,-0.19183262,0.3468285,0.086626925,0.051248107,0.009743256,-0.030494502,0.035722967,-0.080587335,0.16014072,-0.10052367,-0.06235106,-0.17454486,0.060124353,0.04956178,-0.004997637,0.026162757,-0.30259904,0.041874327,0.15475167,-0.20967658,-0.054071277,-0.20980573,-0.09832356,0.023668386,-0.009005862,0.054751556,-0.07495027,-0.374856,0.041730985,0.09810995,0.37116688,0.15531152,0.05835218,-0.01229545,0.13652654,-0.23516019,-0.9249647,0.20072377,0.2628969,0.9051675,0.12722111,-0.35516033,-0.012021185,0.13881099,0.54097754,-0.016396746,0.04331963,-0.03307728,-0.057598535,0.033841345,0.03282211,0.038519908,0.0,0.0,0.0,0.0,0.0,0.0
2.011102,0.18933856,-2.2682245,-0.6121061,-0.051588107,0.057803627,0.100026205,-0.007796416,-0.031699337,0.33856827,0.061383575,0.020772718,1.4587512,0.042302717,-0.19124088,0.17655523,0.10825831,0.03263164,0.021745943,-0.019118406,0.014726657,-0.019548591,0.15271708,-0.12651035,-0.05678263,-0.18202706,0.038707327,0.070884794,0.03594129,0.011656104,-0.24034794,0.037207592,0.19690184,-0.18430571,-0.0493533,-0.16034912,-0.10226049,0.022955807,0.0032295058,0.06061927,-0.004609271,-0.41580477,0.03318436,0.13715978,0.3560502,0.13297053,0.046308763,-0.030320834,0.17656258,-0.07752308,-0.95159614,0.19065282,0.37711528,0.8693475,0.13162847,-0.36294377,0.0017862042,0.23514932,0.96994007,-0.14432408,0.04846327,-0.056607172,-0.0034156544,0.009368304,0.08905248,-0.058288384,0.0,0.0,0.0,0.0,0.0,0.0
1.6260257,0.27613726,-2.5418346,-0.81261283,-0.13404115,0.11094182,0.108623244,-0.11349193,-0.14091645,0.3462536,0.09779219,0.042308252,2.0729787,-0.060634207,-0.28206387,0.27375427,0.07586989,0.027649011,0.025152287,0.060647,-0.021919603,-0.10052085,0.14573948,-0.12999849,-0.16953349,-0.17276858,-0.014147297,0.094574414,0.111143075,-0.0071230284,-0.33111605,0.047517594,0.24548762,-0.23215684,-0.10937585,-0.16195807,-0.14808823,-0.031315506,0.011254505,0.094868094,0.13146654,-0.38169026,0.02941735,0.1822991,0.27090406,0.09755245,0.031629205,-0.060323566,0.22962914,0.110263005,-0.95754015,0.08795711,0.50585365,0.72987515,0.23603517,-0.5561032,0.05117383,0.33491108,1.197565,-0.18479031,0.004994896,-0.062733516,-0.013930112,0.06621738,0.100937836,-0.066377774,0.0,0.0,0.0,0.0,0.0,0.0
2.2390666,0.29163644,-2.0753982,-0.74100393,-0.055640284,0.26927504,-0.39542714,-0.16083229,-0.43203744,0.41728708,0.045777906,0.059863854,1.7888796,-0.11277956,-0.23503888,1.4921094,0.024774717,0.108426675,0.02210977,0.070690036,0.0137407025,-0.15029722,0.14368474,-0.111401446,-0.20873135,-0.15766637,0.087353975,0.06707699,0.079348825,0.014791805,-0.3503986,0.09744101,0.28691873,-0.31742352,-0.11441205,-0.21992359,-0.13539225,-0.05619941,0.0604072,0.10379237,0.092002936,-0.3771847,-0.012212058,0.16799681,0.26779985,0.14068171,-0.018885823,-0.056707356,0.23886757,0.0279591,-0.9343462,-0.014670811,0.48146924,0.6433701,0.31611222,-0.7375286,0.038222603,0.11105944,1.225499,-0.29710194,-0.011765299,-0.048916012,-0.028766854,0.053869665,0.07535644,-0.066444285,0.0,0.0,0.0,0.0,0.0,0.0
2.1491747,0.18061607,-2.133724,-0.8955019,-0.15274383,0.22609805,-0.11533233,-0.26824346,-0.41147894,0.39950037,0.08763729,0.066049084,1.8870112,-0.13653512,-0.23461671,1.1213802,0.033229694,0.049848434,0.022365984,0.107769646,-0.00027289108,-0.10082503,0.14724201,-0.16290715,-0.18929988,-0.15712015,0.084297605,0.085323535,0.1396688,0.01514625,-0.35116422,0.07093265,0.35122237,-0.31654406,-0.14207743,-0.22456853,-0.14741547,-0.07282117,0.06652785,0.111603275,0.16989586,-0.2940013,-0.03948387,0.22680557,0.16135675,0.08227986,-0.03433061,-0.068331175,0.2558249,0.15176317,-0.94712394,-0.11557076,0.6484043,0.5848888,0.36572078,-0.813274,0.07385523,0.09945287,1.3374233,-0.36540395,-0.057057463,-0.061856978,-0.011331444,0.05514199,0.08504104,-0.10901196,0.0,0.0,0.0,0.0,0.0,0.0
2.4849586,0.12236285,-1.7722026,-0.2083422,0.030422801,0.3574262,-0.98922837,-0.077212155,-0.6262609,0.36607435,-0.01540741,0.08242116,1.4051324,-0.36400592,-0.01452598,1.6270238,-0.1327276,0.28075993,0.011975569,0.12980604,0.027578693,-0.13448517,0.17626154,-0.16957623,-0.15369222,-0.19676204,0.20343174,0.08812862,0.08129679,0.025913065,-0.34869546,0.07221522,0.3474508,-0.30693835,-0.10451699,-0.32902497,-0.14328876,-0.07353902,0.100102514,0.12685028,0.22746375,-0.27622005,-0.07054458,0.09970399,0.188468,0.06274826,-0.096906774,-0.06983965,0.20644864,0.23421438,-0.7889955,-0.1291964,0.5241017,0.4916952,0.26165056,-0.9113214,0.0784942,0.0015415192,1.4237821,-0.4169698,-0.04775064,-0.06729646,-0.020856634,0.03635806,0.08970326,-0.09619584,0.0,0.0,0.0,0.0,0.0,0.0
2.5251267,0.05498006,-1.7290175,-0.6064356,-0.05186133,0.366088,-0.62869596,-0.17793423,-0.51188606,0.36828548,0.03223017,0.055248156,1.500324,-0.24385215,-0.08726029,1.2463695,-0.045093577,0.14130944,-0.0038112432,0.097423665,0.0053153066,-0.064011455,0.16462988,-0.22398934,-0.12475392,-0.18160407,0.19317201,0.10890832,0.089985356,0.011529907,-0.34279943,0.06205058,0.41337016,-0.3200276,-0.12602834,-0.33362126,-0.12766938,-0.043000232,0.07600586,0.12605456,0.23580177,-0.24311447,-0.06074281,0.068083026,0.10723253,0.036765642,-0.049592942,-0.07126266,0.21571764,0.24728942,-0.82945955,-0.11386969,0.5473244,0.54614985,0.26747754,-0.9012449,0.0959204,0.07837055,1.7259406,-0.52425045,-0.047815546,-0.0748011,0.0013983443,0.0036158466,0.122607775,-0.14020705,0.0,0.0,0.0,0.0,0.0,0.0
2.54413,0.089388706,-1.703588,-0.052723385,0.062247496,0.36044866,-1.0367606,-0.05571919,-0.5469058,0.35317236,-0.036434684,0.075456284,1.2177227,-0.38926396,0.032243136,1.295304,-0.18165767,0.22076231,0.023144152,0.11622686,0.022371605,-0.0944001,0.15360758,-0.20619988,-0.084602654,-0.17981069,0.2385725,0.09409093,0.060309824,0.025970733,-0.33669692,0.08095189,0.35800758,-0.26907384,-0.1264644,-0.35642433,-0.13562796,-0.060943194,0.10233153,0.1400857,0.21888085,-0.28508052,-0.07278416,0.095602885,0.16404139,0.02200469,-0.09364768,-0.07337506,0.2212812,0.22481644,-0.8578288,-0.08087808,0.5929912,0.5895893,0.25640863,-0.8114883,0.052028593,0.063658856,1.7240939,-0.5198006,-0.060025927,-0.083032295,0.00516095,0.002848196,0.13178508,-0.14311238,0.0,0.0,0.0,0.0,0.0,0.0
2.279081,0.048096936,-1.9563565,-1.047098,-0.2047635,0.20856926,-0.011859712,-0.20754397,-0.2589113,0.4632634,0.10090984,0.036431283,1.9149834,-0.07279398,-0.23090446,0.44994053,0.0649485,0.009569813,0.003842703,0.0571103,5.5801156e-06,-0.046231065,0.13836034,-0.20671196,-0.14436261,-0.1603826,0.07747413,0.08772881,0.11127203,0.0132409,-0.33492756,0.054504003,0.36969632,-0.24945958,-0.151508,-0.22853018,-0.18559141,-0.026897082,0.04836379,0.10880466,0.16314055,-0.319597,-0.048405178,0.18062958,0.2094366,0.031976536,-0.025814373,-0.07545234,0.23129214,0.20070496,-0.8933805,-0.107044615,0.6092725,0.6183746,0.2883872,-0.76176625,0.07312957,0.057332736,1.6934688,-0.5610903,-0.030071408,-0.0949084,0.03157647,0.021355929,0.12985648,-0.19867858,0.0,0.0,0.0,0.0,0.0,0.0
2.0270116,0.10019148,-2.237444,-1.1175048,-0.12221146,0.10695183,0.3435566,-0.2622334,-0.20801888,0.3885986,0.15595761,0.02164885,1.1443385,0.07197928,-0.23444848,1.0649849,0.17659819,-0.01337537,0.028496379,0.06716441,-0.028096793,0.056232,0.13161658,-0.21985087,-0.19204932,-0.15125164,0.09327778,0.08489344,0.1477221,-0.012542878,-0.2667903,0.09450922,0.45841587,-0.34223172,-0.08877661,-0.15899074,-0.12095773,0.003571357,0.04093711,0.086234644,0.17666472,-0.33649275,-0.014788851,0.19627316,0.19024311,0.07178145,-0.0099013625,-0.07871293,0.2401653,0.19104904,-0.92674845,0.0024768002,0.6150958,0.6615534,0.30274564,-0.74015814,0.065656036,0.20614003,1.5961608,-0.38988742,-0.081623256,-0.08877028,0.021599364,-0.0040536425,0.14190464,-0.12063867,0.0,0.0,0.0,0.0,0.0,0.0
2.143322,0.121677905,-2.1524632,-0.95984185,-0.08194864,0.03137045,0.30795455,-0.14608544,-0.10017629,0.36586437,0.13474436,0.007943632,0.9789401,0.08735435,-0.20151085,1.1982682,0.1566288,0.008454986,0.019433398,0.050274108,-0.026061207,0.052829564,0.14401801,-0.16091639,-0.19837297,-0.14733833,0.06243702,0.08037025,0.11177658,-0.017713923,-0.2537959,0.08645404,0.38404506,-0.32403728,-0.057648614,-0.12731671,-0.12796505,0.037757117,0.020552902,0.060055885,0.17398818,-0.3736894,0.0116549,0.090892084,0.28444028,0.11015814,0.018756343,-0.07109938,0.21159245,0.11883982,-0.9103407,0.12184091,0.43264943,0.7602209,0.24306433,-0.8195036,0.14884079,0.2155465,1.3573372,-0.30945525,-0.0720742,-0.08030933,0.036918264,-0.00883996,0.116999544,-0.07441331,0.0,0.0,0.0,0.0,0.0,0.0
2.209018,0.13153139,-2.1079624,-0.687295,-0.03688954,0.026158243,0.21930297,-0.11756836,-0.111146115,0.31329864,0.1024043,0.008578804,0.5427902,0.06289223,-0.13243122,1.4322463,0.13518077,0.026943943,0.028641567,0.042590003,-0.015596915,0.05448785,0.14964348,-0.12191512,-0.19015962,-0.14515235,0.083746545,0.07094373,0.082186475,-0.01701182,-0.22769147,0.095703885,0.34066182,-0.32945222,-0.027075132,-0.12591432,-0.11427373,0.056254316,0.019880358,0.045910534,0.12945838,-0.38541993,0.03099177,0.07325092,0.31992584,0.121640325,0.022357937,-0.060256876,0.19554803,0.033664342,-0.89174765,0.21459945,0.3549659,0.8044923,0.2392775,-0.7995313,0.11874995,0.26948035,1.1503564,-0.17572188,-0.041806452,-0.072944894,0.034343764,0.0026173033,0.10396622,-0.0316623,0.0,0.0,0.0,0.0,0.0,0.0
2.2673926,0.27450854,-2.1487908,-0.48392835,0.008526042,0.034309383,0.10338822,-0.10327688,-0.18768272,0.2750032,0.06902899,0.02581823,0.4396669,0.0490948,-0.12817219,1.3324513,0.15390734,0.016467543,0.025783578,0.03239021,0.012555379,-0.005364653,0.14871162,-0.0863621,-0.15543322,-0.14594756,0.12177576,0.074338734,0.054566212,-0.00092237646,-0.22112253,0.1113839,0.2938453,-0.3286895,-0.013506558,-0.16691303,-0.055894658,0.039999463,0.03808176,0.056738745,0.16561446,-0.38663173,0.053297658,-0.020474765,0.3434423,0.1644709,0.027457006,-0.034021966,0.18352625,0.00074997667,-0.92831135,0.2954202,0.23356913,0.8815574,0.247013,-0.8473806,0.1279283,0.30972305,1.057432,-0.107881494,-0.05913783,-0.060034927,0.025610233,-0.0058704587,0.08783833,-0.00311909,0.0,0.0,0.0,0.0,0.0,0.0
2.2552676,0.28669566,-2.118677,-0.29649788,0.039432473,0.10174714,-0.083765395,-0.08175944,-0.23983552,0.24507776,0.024281256,0.028627146,0.39596096,-0.007748364,-0.101498954,1.2576481,0.114405155,0.034648772,0.026928453,0.025481276,0.021307439,-0.028508708,0.14143722,-0.09218823,-0.12509134,-0.13650966,0.14193675,0.06667033,0.024513248,0.005571228,-0.23513098,0.11057685,0.26436546,-0.3035379,-0.032676227,-0.19980206,-0.07057423,0.04306609,0.027331324,0.06689116,0.13022931,-0.39629397,0.06743272,-0.046975564,0.36423528,0.16528313,0.041011915,-0.030941853,0.17680684,-0.10117718,-0.96646655,0.29791823,0.18171,0.9464129,0.2309903,-0.85737026,0.1497202,0.2810302,0.964239,-0.103158295,-0.039376866,-0.048937853,0.028368823,-0.005600993,0.067993194,0.0036309003,0.0,0.0,0.0,0.0,0.0,0.0
2.2163393,0.1913492,-2.1449804,-0.35774696,0.013666334,0.110120334,-0.17212425,-0.038520407,-0.112114124,0.3129715,0.009722221,0.021507163,0.7662823,-0.004658234,-0.106372006,0.504189,0.049587946,0.047926817,0.015125363,0.0010659773,0.016418409,0.0014221806,0.14674297,-0.12785643,-0.03142475,-0.14601102,0.11666916,0.06320829,0.0071348664,0.013624611,-0.2319765,0.06621315,0.21276037,-0.1961101,-0.059423696,-0.21376058,-0.069037765,0.03853431,-0.009052722,0.04312503,0.00803696,-0.36152148,0.0434797,0.029464478,0.35130095,0.17672545,0.047950175,-0.020315187,0.1375285,-0.25268322,-0.97996694,0.19358307,0.24907906,0.962414,0.11069072,-0.76651925,0.17029832,0.106554784,0.79637545,-0.15219402,-0.03814574,-0.054641075,0.06596904,-0.017231995,0.05339867,-0.047751926,0.0,0.0,0.0,0.0,0.0,0.0
-2.4209359,-0.3172986,1.9672282,-0.18344432,0.097343795,0.18760695,-0.46757683,0.010522822,-0.30989417,0.32629904,-0.03403802,0.02430728,0.49132997,-0.03549117,-0.10459482,1.4884189,0.07041491,0.086355776,0.041385137,-0.01492562,0.04808306,-0.0982061,0.11424352,-0.06345074,-0.11294572,-0.11807995,0.15967111,0.009516459,-0.034249745,0.016460054,-0.24355243,0.14625517,0.20207822,-0.279333,-0.038269013,-0.21813096,-0.10398056,0.06917814,0.023990076,0.005705641,-0.17258312,-0.39214218,0.0078361435,0.10377132,0.39473355,0.20014152,0.031376943,-0.030954657,0.03291595,-0.44027162,-0.8338813,0.16877009,0.25701424,0.88772684,0.039580546,-0.9115431,0.2501073,0.010133788,0.9345155,-0.25542164,-0.04736817,-0.04360175,0.088727206,-0.046512183,0.047804017,-0.050281353,0.0,0.0,0.0,0.0,0.0,0.0
-2.4598796,-0.32774028,1.8827554,-0.20814124,0.15411262,0.29511738,-0.5555317,0.029061126,-0.47416455,0.30129024,-0.046311643,0.039900884,0.7727924,-0.026831286,-0.12848245,1.7478416,0.09038416,0.08343703,0.055682927,-0.024142435,0.08639536,-0.16491647,0.109896615,-0.06421226,-0.14999522,-0.11270319,0.17522274,-0.00013844355,-0.039546296,0.03787267,-0.29073396,0.17263888,0.22529455,-0.34404695,-0.0721021,-0.2546365,-0.05938396,0.07003334,0.0383272,-0.005968021,-0.30804032,-0.26319814,-0.006394701,0.2212674,0.28588563,0.22285797,0.025604181,-0.024344059,0.010186658,-0.5602486,-0.7776049,0.1466243,0.3901519,0.8443518,0.17573847,-1.0750916,0.24369931,0.11101785,1.2405664,-0.33153668,-0.03947067,-0.046513144,0.076857924,-0.055326536,0.05632958,-0.052100867,0.0,0.0,0.0,0.0,0.0,0.0
-2.2845886,-0.33740038,2.0845206,0.00072915055,0.19474755,0.30693406,-0.9688378,0.116028704,-0.439755,0.33716902,-0.09504698,0.039716553,0.7495397,-0.1348664,-0.10432299,1.8984863,0.013397271,0.22869149,0.03149614,0.008189867,0.06949192,-0.17326213,0.12758365,-0.057396047,-0.1425412,-0.1341935,0.19059855,-0.0015748214,-0.059510563,0.03052606,-0.31293243,0.1602566,0.20462583,-0.30212152,-0.04256702,-0.291427,-0.07940625,0.06673833,0.00743709,-0.04039171,-0.3311548,-0.18609774,-0.013520173,0.20709799,0.24344295,0.19711088,0.010509393,-0.01881744,-0.05241074,-0.6314579,-0.6495392,0.14574917,0.28372335,0.7842403,0.13057931,-1.3543,0.364955,0.1165577,1.0815623,-0.24833792,-0.05292846,-0.07380659,0.101007454,-0.038677126,0.056305006,-0.010183317,0.0,0.0,0.0,0.0,0.0,0.0
-2.3915732,-0.22963454,1.9934962,0.2701658,0.16712363,0.2745523,-1.271803,0.14254415,-0.22119267,0.32709274,-0.16209961,0.015083703,0.6391255,-0.28131744,-0.03022771,1.853777,-0.10015391,0.3456378,-0.02135026,0.0041314075,0.036883645,-0.1093985,0.16707863,-0.055578265,-0.10231702,-0.16520748,0.20957856,0.0026528668,-0.11966741,0.011622796,-0.34316376,0.13015227,0.1562077,-0.2315568,0.020913292,-0.34116676,-0.17745359,0.09765919,-0.018917127,-0.05886641,-0.26449165,-0.15762512,-0.024057396,0.03549166,0.22535853,0.07294273,0.03142301,-0.01609536,-0.12307916,-0.6712318,-0.5983363,0.17948256,0.012455155,0.82698286,-0.0062897755,-1.4404234,0.4696828,0.04391372,0.8479724,-0.21527873,-0.06577554,-0.09814004,0.13409916,-0.05037751,0.053373303,0.027859595,0.0,0.0,0.0,0.0,0.0,0.0
2.471088,0.23164758,-1.9226743,0.25382844,0.23588426,0.3383925,-1.2811798,0.16024062,-0.22389634,0.33814818,-0.1885592,0.009368894,0.67837703,-0.28513238,-0.029031657,1.791736,-0.08802919,0.33062494,-0.022951037,-0.031266004,0.039539363,-0.09535045,0.18584171,-0.06616979,-0.086269684,-0.17651054,0.233548,0.020431327,-0.16302983,0.014481639,-0.3796702,0.13510105,0.14519341,-0.22046329,0.040585037,-0.39851728,-0.11661955,0.12124803,-0.05471829,-0.055026416,-0.24340262,-0.11372902,0.010554831,-0.0950719,0.21314293,0.051624168,0.06829026,0.009084913,-0.1544845,-0.7596667,-0.5534082,0.23492154,-0.2245071,0.84932995,0.031460293,-1.5733588,0.4993393,0.09103593,0.6701305,-0.09438663,-0.06501523,-0.11220697,0.1407103,-0.054410517,0.041590143,0.08419814,0.0,0.0,0.0,0.0,0.0,0.0
-2.462062,-0.22545193,1.9034749,0.25096148,0.2759474,0.38202477,-1.2635198,0.1742924,-0.26240313,0.3428682,-0.20635968,0.012045798,0.61111945,-0.3178344,-0.03087094,1.6043822,-0.08968993,0.2894809,-0.011408056,-0.03990945,0.045636073,-0.08943606,0.18431,-0.100251235,-0.060578194,-0.17263567,0.26950604,0.0187688,-0.17132044,0.021135299,-0.36912665,0.13075626,0.16409639,-0.19643581,0.043015376,-0.44968542,-0.090101734,0.11997265,-0.066192515,-0.049903724,-0.2594881,-0.0847342,0.011496479,-0.107660614,0.2084324,0.045476384,0.065003164,0.01916615,-0.14515397,-0.796043,-0.50367224,0.23221183,-0.2882887,0.82315224,0.109734684,-1.7075511,0.49326363,0.094983734,0.6812945,-0.0726003,-0.059826937,-0.1439089,0.15252663,-0.0645088,0.055758238,0.07983821,0.0,0.0,0.0,0.0,0.0,0.0
-2.4233081,-0.21694267,1.9743595,0.3234039,0.25682077,0.33186722,-1.2430488,0.12626743,-0.16936004,0.31097525,-0.21218418,0.013204599,0.688108,-0.30751786,-0.011441408,1.3609078,-0.13968636,0.25373366,-0.011284054,-0.034439363,0.05111167,-0.06238698,0.18934219,-0.11319818,-0.009737501,-0.16786993,0.2626295,0.034003638,-0.176055,0.03530235,-0.39759693,0.09064633,0.15329942,-0.17180732,0.01729401,-0.46688893,-0.09435596,0.09465143,-0.06969907,-0.020963728,-0.20833234,-0.08380645,0.003050865,-0.13083972,0.20992883,0.05188216,0.055652373,0.013181372,-0.046865456,-0.78740436,-0.60696846,0.19780016,-0.2775125,0.8417558,0.24162644,-1.8076226,0.45783642,0.040559243,0.59697497,-0.07817322,-0.060086656,-0.16534361,0.15234919,-0.031294655,0.054093074,0.05937505,0.0,0.0,0.0,0.0,0.0,0.0
-2.320173,-0.2151915,2.0864747,0.3569291,0.19451952,0.23613463,-1.1464547,0.0790277,-0.09353481,0.2980541,-0.20533156,0.029777067,0.86173916,-0.2960291,0.0031321582,1.035282,-0.16977334,0.19377337,-0.015427862,-0.01029639,0.05877958,-0.065480106,0.18806261,-0.10512278,0.028586682,-0.17341433,0.24193409,0.036278952,-0.1516593,0.04780348,-0.40262192,0.07170754,0.11486307,-0.14083263,0.014104326,-0.45983255,-0.108334616,0.06012699,-0.06412804,-0.023922684,-0.14903565,-0.10553575,-0.003697426,-0.131541,0.24171431,0.061333045,0.041342948,0.018235039,-0.029897304,-0.7589774,-0.6647641,0.17518643,-0.25929967,0.8442519,0.20087822,-1.8193281,0.48987588,-0.03818345,0.43175003,-0.057961542,-0.09191298,-0.16580808,0.14649022,-0.013895998,0.04160047,0.06311262,0.0,0.0,0.0,0.0,0.0,0.0
-2.2466662,-0.23550688,2.1427126,0.3245428,0.13193062,0.14416122,-0.9835709,0.050739683,-0.019698491,0.28958458,-0.18772228,0.036076933,1.0459512,-0.22666447,-0.01611622,0.7792406,-0.15537448,0.13952138,-0.00536193,-0.012197403,0.06075908,-0.0723155,0.17669863,-0.09009253,0.04603654,-0.17492133,0.20397688,0.044260383,-0.13191845,0.052587803,-0.40220714,0.06598475,0.09096834,-0.12990363,-0.0033007048,-0.42082962,-0.09774635,0.021236261,-0.05008501,0.00025066646,-0.14124805,-0.15942621,-0.0030491417,-0.09808713,0.25615093,0.090590015,0.03985219,0.022660764,0.040646307,-0.71346205,-0.7807054,0.18097763,-0.17606522,0.8727532,0.24248295,-1.7552823,0.45212963,-0.0097558675,0.48924887,-0.07355411,-0.111632586,-0.16264187,0.14115387,0.000488721,0.04863122,0.03503358,0.0,0.0,0.0,0.0,0.0,0.0
-2.1567442,-0.25433198,2.2496946,0.19627257,0.052668527,0.035587832,-0.88247633,0.046523444,0.048827704,0.3349926,-0.14824148,0.056961205,1.4886684,-0.15979041,-0.062121905,0.6391251,-0.13908282,0.106262475,-0.014882772,-0.007228958,0.0790791,-0.08218585,0.1762435,-0.068145365,0.04932707,-0.1913168,0.15552805,0.060409334,-0.09297387,0.062634766,-0.40478414,0.05376414,0.06981318,-0.12987238,-0.0058236415,-0.3695206,-0.100930154,-0.006094759,-0.030920673,0.033277385,-0.08950511,-0.21128517,-0.006649488,-0.062100362,0.29480672,0.12430153,0.02053461,0.015937991,0.109633826,-0.5711573,-0.8514966,0.1776622,-0.07416663,0.88715076,0.2936937,-1.4991014,0.35237402,-0.008122229,0.5542285,-0.11178205,-0.07862415,-0.14705248,0.11678732,0.01910765,0.05492834,0.0010070751,0.0,0.0,0.0,0.0,0.0,0.0
-2.2624817,-0.26386353,2.1537871,0.16944544,0.04941191,0.019976478,-0.64102095,0.044238396,0.037928123,0.27422717,-0.12600988,0.050710905,1.528139,-0.122496024,-0.08412203,0.5144732,-0.09964299,0.08289205,0.0012018103,-0.023097308,0.077065796,-0.081125386,0.1635527,-0.0717847,0.04784962,-0.19325648,0.1337122,0.06608038,-0.07782085,0.05736353,-0.38688657,0.06116296,0.08499624,-0.15770537,-0.022391787,-0.31606215,-0.053909637,-0.009589975,0.00022249178,0.049395066,-0.07540484,-0.21481733,-0.02357554,-0.012927439,0.215834,0.14619498,0.032365624,-0.0030108376,0.13798265,-0.4335089,-0.932401,0.18793364,0.09711509,0.90300524,0.32247025,-1.1792339,0.21640156,0.16830248,1.130149,-0.30089557,-0.08741628,-0.12802383,0.08075482,-0.041201808,0.09617844,-0.045652185,0.0,0.0,0.0,0.0,0.0,0.0
-2.2528534,-0.26665062,2.1542277,-0.025635917,0.0027875449,0.00097621337,-0.46698177,0.04222958,0.056440443,0.29170862,-0.080676794,0.05065876,1.7666708,-0.0838717,-0.1395356,0.36139414,-0.06311521,0.060730353,-0.0068122223,-0.014908559,0.06479521,-0.08444782,0.1721576,-0.054703623,0.026408276,-0.19756281,0.09012061,0.07281307,-0.048457224,0.0519656,-0.382387,0.033556838,0.05500723,-0.14305027,-0.0061309272,-0.2771864,-0.074219145,-0.0128671555,-0.033137146,0.06288717,-0.04746836,-0.2532871,0.01808986,-0.01518123,0.29937923,0.136377,0.035883445,0.0027785385,0.182683,-0.37498355,-0.90562385,0.20183048,0.0042655882,0.8767604,0.363412,-1.0727807,0.13786584,0.11778597,0.5901204,-0.0445408,-0.04475301,-0.123878725,0.03300761,0.037424758,0.062358152,0.01205785,0.0,0.0,0.0,0.0,0.0,0.0
2.2250476,0.24665229,-2.1620128,-0.2743414,0.057123322,0.13066755,-0.36038372,-0.010912111,-0.21260212,0.29054335,-0.028427405,0.049510185,1.126181,-0.03984847,-0.17003657,1.2327543,0.066048846,0.08247217,0.011891899,-0.0029832337,0.05139642,-0.07851399,0.16026974,-0.06921739,-0.096781746,-0.15546675,0.12489183,0.049889896,-0.0072640246,0.03202552,-0.3116339,0.06983616,0.17671299,-0.25543663,-0.030299962,-0.22910242,-0.062214363,0.00841421,-0.0050207875,0.05394077,-0.091458805,-0.29803056,0.0058413385,0.08876124,0.29505375,0.19936569,0.031030575,-0.023727853,0.16988958,-0.33675334,-0.9258202,0.117827214,0.2165187,0.84702444,0.2867625,-0.71077424,0.009870782,-0.0017279168,0.52252215,-0.07726551,-0.043981988,-0.059667382,-0.017925931,0.009406606,0.03284688,0.028005667,0.0,0.0,0.0,0.0,0.0,0.0
2.22788,0.22494914,-2.134274,-0.44759318,0.0017419241,0.09169143,-0.09763567,-0.005935085,-0.06794975,0.2941487,0.015824227,0.02973001,1.3350122,0.011382222,-0.17114922,0.24561717,0.075736165,0.048871998,0.020117102,-0.03688654,0.036110792,-0.01318638,0.16853733,-0.13302633,0.011641162,-0.19368021,0.10227143,0.0819356,0.001485458,0.023792973,-0.2492108,0.02530419,0.19577485,-0.18393242,-0.021045718,-0.23650141,-0.0455711,0.029939966,-0.009137608,0.06076716,-0.08520882,-0.29741213,0.03662528,0.1185717,0.2786546,0.1484173,0.044078372,-0.016329905,0.17235802,-0.1915355,-0.8896614,0.20754886,0.29615206,0.85703284,0.20986336,-0.49790204,-0.047387406,0.27154207,0.9577846,-0.0777168,0.037305817,-0.08166051,-0.00026921075,-0.0013412252,0.096834905,-0.050184995,0.0,0.0,0.0,0.0,0.0,0.0
1.7863839,0.25749955,-2.4821117,-0.74386233,-0.08573872,0.058584113,0.052949604,-0.05234656,-0.1072595,0.32903123,0.084941134,0.04594071,1.670044,0.020960474,-0.2414106,0.24525113,0.09024311,0.031192021,0.020137982,0.026896847,0.020941451,-0.045634966,0.15201275,-0.13266042,-0.075887874,-0.17787848,0.038915515,0.09153239,0.08844379,0.020002544,-0.27313694,0.03757754,0.24032784,-0.21192826,-0.07262276,-0.17197,-0.1046774,-0.009149097,0.019719161,0.07477857,0.01869278,-0.31030273,0.013774949,0.24517825,0.26026854,0.13821873,0.0043776426,-0.04747353,0.23236366,-0.025341786,-0.9630552,0.11259306,0.56101507,0.80980456,0.2862739,-0.58544743,-0.0040859035,0.27870324,1.1935565,-0.19280858,-0.0008739736,-0.08551904,0.00065719837,0.0053037843,0.10955866,-0.08671177,0.0,0.0,0.0,0.0,0.0,0.0
1.5616745,0.26946634,-2.6303604,-0.8380031,-0.121973574,0.1216259,0.088581786,-0.12814014,-0.15541233,0.3200032,0.10385539,0.03832875,2.0260303,-0.043582056,-0.29549682,0.3416638,0.073508605,0.029293822,0.019134488,0.06418557,-0.032302056,-0.09448022,0.14423156,-0.1312108,-0.16469328,-0.15900145,-0.0021799947,0.10373605,0.1174838,-0.013494195,-0.33722115,0.046398688,0.26539907,-0.24664173,-0.1176369,-0.17473358,-0.110799305,-0.027966019,0.0001697854,0.10446946,0.1344704,-0.32705718,0.028757682,0.1718311,0.19901408,0.10601901,0.039593216,-0.064416505,0.2518685,0.09171149,-0.9942044,0.065204024,0.52912873,0.7514884,0.32584724,-0.72560024,0.0750399,0.34033632,1.2844065,-0.21891572,-0.028894,-0.07069263,-0.0073610353,0.040616725,0.103660546,-0.07162067,0.0,0.0,0.0,0.0,0.0,0.0
1.8911316,0.27083322,-2.4308517,-0.86833465,-0.15410918,0.10278469,-0.07489151,-0.16313982,-0.2736866,0.38209674,0.089453146,0.059299376,2.0449858,-0.112305805,-0.27823126,1.0011369,0.035519578,0.04149527,0.009836333,0.101584084,-0.02597966,-0.12533873,0.13823143,-0.106862575,-0.19658147,-0.16172048,0.017896647,0.08835879,0.13178435,-0.006080783,-0.35120207,0.07662331,0.2783399,-0.29836428,-0.1089176,-0.1769316,-0.17212786,-0.07822988,0.050840437,0.090137646,0.1394308,-0.35334754,-0.018985298,0.24983484,0.17487673,0.117361635,0.0076848455,-0.06366629,0.24085088,0.09826468,-1.006006,-0.028729709,0.6365611,0.64176625,0.26787904,-0.670781,0.090841606,0.22108257,1.2884989,-0.28392398,-0.04785459,-0.048745394,-0.011116244,0.0631699,0.093560144,-0.082031,0.0,0.0,0.0,0.0,0.0,0.0
2.150752,0.14125392,-2.2257767,-0.88862133,-0.1369117,0.24303414,-0.15836915,-0.23711772,-0.4213357,0.41053855,0.07988345,0.0621921,1.8231411,-0.11808852,-0.22184429,0.99947083,0.04433472,0.0265883,0.01960551,0.09136174,0.0066610374,-0.101956494,0.13553774,-0.17133422,-0.17574544,-0.14612234,0.1076658,0.08037168,0.12230902,0.018123467,-0.34544346,0.088394254,0.3595034,-0.3043505,-0.15451595,-0.23925687,-0.16291867,-0.0720051,0.07220903,0.12914659,0.17201215,-0.32700223,-0.04403164,0.1885094,0.18777491,0.06960527,-0.037466284,-0.0682695,0.2808681,0.1360834,-0.98684037,-0.09863772,0.6376209,0.6351629,0.39048895,-0.87734,0.09767746,0.08056177,1.6152178,-0.509595,-0.06979877,-0.07424016,0.008929313,0.02391189,0.110892795,-0.15530293,0.0,0.0,0.0,0.0,0.0,0.0
2.128288,0.14598557,-2.253928,-0.9726404,-0.15458728,0.26261118,-0.03904104,-0.30870104,-0.4488523,0.3917789,0.10172856,0.06436504,1.7493566,-0.1172796,-0.23950645,0.8799968,0.09285793,0.014010213,0.020908536,0.1030729,0.006960951,-0.08767686,0.14601786,-0.20668653,-0.17291106,-0.15498598,0.13301644,0.0835565,0.14402881,0.022287792,-0.32898992,0.0684671,0.40593413,-0.30560693,-0.1547021,-0.25944817,-0.15819812,-0.07634629,0.07047918,0.13760012,0.20452842,-0.28130096,-0.049882602,0.19099584,0.15644038,0.05205857,-0.052978512,-0.069478296,0.3090913,0.19154222,-0.94224113,-0.14492512,0.6452775,0.5559832,0.45571378,-1.0225669,0.112298384,0.075366825,1.5687729,-0.4686214,-0.084031396,-0.09270925,0.0054132463,0.03311811,0.11435252,-0.1545867,0.0,0.0,0.0,0.0,0.0,0.0
1.929122,0.1656168,-2.3493655,-1.1734781,-0.21550187,0.16276425,0.2300941,-0.32293126,-0.33596706,0.42160684,0.15379435,0.05286011,1.706481,-0.015451886,-0.31227237,0.56194985,0.18450575,-0.014960047,0.026130771,0.096416354,-0.0137540335,-0.032661896,0.14347601,-0.23286813,-0.18290207,-0.16797082,0.09949531,0.08373481,0.17371692,0.012012775,-0.30749264,0.05470587,0.43923,-0.290719,-0.12952724,-0.22080988,-0.16639744,-0.07262591,0.05360822,0.13189395,0.21308213,-0.28787777,-0.03518556,0.24309567,0.14695406,0.028921574,-0.045135725,-0.07236165,0.31532302,0.25140807,-0.92484415,-0.15524879,0.6606448,0.5052868,0.46494466,-1.0466629,0.12989154,0.12556678,1.545073,-0.41900194,-0.09326517,-0.118081264,0.025600536,0.053535018,0.13419724,-0.17871916,0.0,0.0,0.0,0.0,0.0,0.0
2.5198793,0.059145212,-1.7015742,0.028385056,0.073464945,0.29729974,-0.94806075,-0.060778465,-0.4487659,0.33043227,-0.04934197,0.0813686,1.2996521,-0.36460552,0.036439646,1.0719305,-0.16971071,0.16953132,0.03338896,0.10702429,0.042076726,-0.09007607,0.14620647,-0.20149457,-0.040871896,-0.1646081,0.23635425,0.108716376,0.051301744,0.0396317,-0.35960487,0.07587925,0.33392003,-0.26889238,-0.1465713,-0.37717184,-0.10550906,-0.044658754,0.0968318,0.1660978,0.24810925,-0.27896202,-0.07103701,0.025532208,0.16716294,0.029384017,-0.07150843,-0.07770115,0.2632936,0.21822979,-0.9232718,-0.0044771167,0.542023,0.70243204,0.36652917,-0.93808323,0.08106407,0.107583426,1.876191,-0.57116413,-0.089259915,-0.09115931,0.01041566,-0.03826039,0.14707798,-0.15869981,0.0,0.0,0.0,0.0,0.0,0.0
2.4938896,0.060095508,-1.7441078,-0.26247248,-0.015012869,0.25987753,-0.5421929,-0.11769234,-0.25505173,0.37478384,-0.0013348293,0.057112075,1.6929603,-0.24006376,-0.013608149,0.44119567,-0.08845638,0.053367957,0.03016663,0.06815565,0.040014036,-0.064430274,0.13891113,-0.21806726,0.00833074,-0.16013189,0.17100036,0.102244124,0.05111346,0.040518202,-0.36031565,0.05253949,0.31460714,-0.23268472,-0.18323998,-0.3554927,-0.12293248,-0.016576678,0.075053655,0.14790724,0.22165418,-0.31506005,-0.036973186,0.025491163,0.26011854,0.024632864,-0.040648185,-0.06348005,0.24384524,0.18571638,-0.91828525,0.06853725,0.49644306,0.81119066,0.2851975,-0.85071224,0.09168067,0.13952623,1.8542277,-0.5772807,-0.050770495,-0.09121384,0.051293734,-0.054740064,0.14459927,-0.19637904,0.0,0.0,0.0,0.0,0.0,0.0
2.0482132,0.09497682,-2.2788503,-1.0147215,-0.108343296,0.12162758,0.3268585,-0.23891924,-0.21122172,0.33327243,0.1533584,0.019380702,0.9324703,0.04633384,-0.1820182,0.9760413,0.1901598,-0.006835709,0.036507558,0.07664867,-0.027659224,0.0706606,0.13485382,-0.23980166,-0.17158279,-0.14401554,0.11375116,0.116890855,0.14345133,-0.014615823,-0.2622087,0.075264,0.48278698,-0.35389584,-0.09488939,-0.18380354,-0.104327925,0.03088419,0.026120132,0.11517175,0.24251562,-0.31590134,0.027694708,0.06883301,0.21533613,0.049938742,0.009784501,-0.081929296,0.28504184,0.21663082,-0.9366492,0.12780856,0.49169418,0.77826947,0.42826474,-0.97192186,0.12404035,0.30232424,1.599288,-0.33469635,-0.096723065,-0.097067185,0.032080796,-0.031272527,0.14240673,-0.099615715,0.0,0.0,0.0,0.0,0.0,0.0
2.081499,0.10843473,-2.2990346,-0.8515365,-0.067489676,0.067328855,0.2723688,-0.19215262,-0.1749536,0.31514713,0.13066208,0.018392254,0.58392984,0.039986547,-0.13651282,1.1209413,0.16252394,0.0010686935,0.026026776,0.07854927,-0.02848803,0.07569795,0.14273655,-0.2025997,-0.16511814,-0.14727198,0.118306495,0.11000879,0.12246233,-0.01835646,-0.23664588,0.08398203,0.4412361,-0.32972333,-0.058948938,-0.17097008,-0.12228142,0.037212823,0.02155121,0.09295209,0.25319016,-0.34939647,0.04195943,0.014129978,0.26897067,0.06787568,0.016438067,-0.06972842,0.25035542,0.17345747,-0.93967474,0.19416206,0.38972795,0.8229516,0.33259502,-0.9513288,0.16379383,0.30145407,1.331776,-0.22659361,-0.09896657,-0.08655349,0.04276046,-0.015664903,0.120500475,-0.06093117,0.0,0.0,0.0,0.0,0.0,0.0
2.1689684,0.15451463,-2.2101505,-0.6966935,-0.026112102,0.031169461,0.18027426,-0.12502214,-0.12929751,0.32894892,0.10017744,0.011317472,0.38478106,0.05108725,-0.11187421,1.3034267,0.13765457,0.018016485,0.024934858,0.05953777,-0.014262706,0.07898319,0.14954966,-0.1467722,-0.16393065,-0.13803074,0.11339497,0.09984214,0.08703573,-0.012195242,-0.22129846,0.08887186,0.3757349,-0.3165105,-0.04267588,-0.15435617,-0.085614614,0.056877717,0.009522985,0.07319632,0.21457188,-0.35088107,0.050358195,-0.029767666,0.30629072,0.10522175,0.027542489,-0.056899007,0.23517436,0.0668604,-0.9412683,0.23488106,0.26966634,0.8831948,0.3389484,-1.1065594,0.2309153,0.2693906,1.1596897,-0.18829489,-0.085116334,-0.08560665,0.072006926,-0.011572082,0.10065027,-0.047836926,0.0,0.0,0.0,0.0,0.0,0.0
2.3011858,0.21111317,-2.1173217,-0.4912649,0.017465213,0.04078072,0.013087945,-0.07125215,-0.17361884,0.31354648,0.05599765,0.020249786,0.32347623,0.032548137,-0.11049215,1.3616666,0.1611597,0.020992445,0.029679505,0.028460465,0.016310124,0.04258952,0.1551991,-0.11242488,-0.1438116,-0.14309879,0.15446876,0.09660309,0.040793233,0.0030995938,-0.226295,0.10247363,0.32408243,-0.3312519,-0.0068987813,-0.20008604,-0.042645235,0.05553146,0.013493347,0.080633886,0.19326411,-0.33470675,0.07158553,-0.09619082,0.31231424,0.10017898,0.035289038,-0.029632686,0.23853366,0.012695205,-0.91952586,0.33370176,0.077181235,0.9076598,0.41870007,-1.245451,0.20948516,0.3713172,1.1698728,-0.12669936,-0.078826934,-0.10282207,0.0731354,-0.010858445,0.11037703,-0.025269134,0.0,0.0,0.0,0.0,0.0,0.0
-2.1715415,-0.2587525,2.229966,-0.3596253,0.050738253,0.1892211,-0.15005279,-0.08996607,-0.3134219,0.25440407,0.0222487,0.029610533,0.32526833,-0.033667214,-0.093216315,1.0927551,0.13915129,0.028309943,0.035573743,0.028828407,0.016814383,-0.0068068556,0.13397166,-0.15280277,-0.11333314,-0.13715489,0.19343106,0.08663674,0.023539148,0.008161639,-0.24255985,0.11759632,0.32546088,-0.2858152,-0.041402012,-0.25436756,-0.05791129,0.03724244,0.015276409,0.09380218,0.16576858,-0.3395147,0.07295213,-0.0968583,0.31055653,0.125966,0.037575338,-0.03093006,0.22672957,-0.079041645,-0.94394183,0.29073554,0.070176974,0.9043355,0.3468563,-1.3981737,0.3037205,0.31011158,1.2602011,-0.19151103,-0.097969204,-0.10644061,0.07465065,-0.030779734,0.10772094,-0.037830353,0.0,0.0,0.0,0.0,0.0,0.0
2.1335287,0.18436511,-2.2202268,-0.51517904,-0.021924743,0.17217542,-0.24833441,-0.038656358,-0.16732284,0.3576975,0.018250544,0.023448713,1.0142286,-0.014562436,-0.12504557,0.53914326,0.048205663,0.048378486,0.020948904,0.012383541,0.0130818635,-0.008834172,0.13122459,-0.15577345,-0.041585814,-0.13479559,0.12461488,0.06282073,0.021337446,0.015300926,-0.27040678,0.07945603,0.25539625,-0.21316184,-0.09439452,-0.24638158,-0.09460347,0.032824848,-0.008220955,0.0528732,-0.012876595,-0.335122,0.039451703,0.07976016,0.32733038,0.16578355,0.038040478,-0.02972911,0.17397986,-0.28000262,-0.9779422,0.17171529,0.31316492,0.93956983,0.19860764,-1.2260911,0.3236126,0.13778825,1.1637871,-0.28945237,-0.061158475,-0.0858788,0.12415234,-0.03273196,0.078430645,-0.121310465,0.0,0.0,0.0,0.0,0.0,0.0
-2.2175877,-0.28535083,2.1478367,-0.15520744,0.09473041,0.25196758,-0.68897116,0.04975845,-0.36060393,0.34791136,-0.04727772,0.03197949,0.5054249,-0.09653281,-0.088633984,1.5090549,0.029409533,0.11717016,0.04135097,0.016046263,0.05019449,-0.09832217,0.112134084,-0.09788891,-0.10878617,-0.11501426,0.1792852,0.004852882,-0.024314193,0.025437262,-0.25800374,0.13661386,0.23415276,-0.2631675,-0.056725383,-0.24572596,-0.14269038,0.062103618,0.010809855,0.0018121129,-0.22156247,-0.31659982,0.011150734,0.18879539,0.37227935,0.15282165,-0.0031826696,-0.032214526,0.05690261,-0.4814055,-0.7750262,0.16167894,0.28925163,0.86228395,0.161178,-1.3180065,0.34448785,0.06243387,1.0288941,-0.2510865,-0.052248992,-0.0905815,0.12141105,-0.036087018,0.06990669,-0.067788035,0.0,0.0,0.0,0.0,0.0,0.0
-2.2526722,-0.24135783,2.0884507,-0.06320782,0.18031426,0.32946584,-0.77552277,0.07213315,-0.41723543,0.2870066,-0.07733725,0.023267573,0.5791599,-0.1067486,-0.09742541,1.7698116,0.055609223,0.15716028,0.037227605,-0.0067899236,0.061061896,-0.12264532,0.13188103,-0.09603564,-0.13697644,-0.12964495,0.19790305,0.0077077975,-0.058019806,0.028028632,-0.30070302,0.13308185,0.24107102,-0.29415733,-0.046622373,-0.28363588,-0.10025989,0.07720343,-0.008202162,-0.015575337,-0.29423824,-0.19058496,-0.0052074566,0.1612834,0.25817457,0.15751465,0.014520213,-0.029416343,0.016434789,-0.5824323,-0.6646028,0.14715265,0.21716428,0.79286486,0.25255463,-1.4352847,0.32426348,0.11250584,1.1053234,-0.2526425,-0.042604655,-0.10547354,0.09345469,-0.03897323,0.0739808,-0.02114708,0.0,0.0,0.0,0.0,0.0,0.0
-2.1386878,-0.23156859,2.2298906,-0.065170124,0.17667368,0.4150117,-1.0515993,0.09056153,-0.38828593,0.36479628,-0.09096842,0.007997378,0.87782377,-0.17671117,-0.0701647,1.8367932,-0.01839519,0.2666866,0.0039698468,0.012793041,0.029614968,-0.14265677,0.13940307,-0.10084157,-0.15198924,-0.13546972,0.1762939,-0.0015766941,-0.06406317,0.01397937,-0.32813364,0.13604134,0.23247686,-0.26658693,-0.062628776,-0.29423895,-0.13740684,0.07411037,-0.025556229,-0.05689736,-0.33302405,-0.14079724,-0.01197464,0.1930357,0.22711344,0.10497853,0.0081468485,-0.011903957,-0.089636244,-0.65440494,-0.57684517,0.12702261,0.21861263,0.77170396,0.08278212,-1.5135739,0.44627956,0.08577796,0.94541615,-0.21652189,-0.04041215,-0.096453056,0.13139674,-0.021995747,0.054223463,-0.0068052346,0.0,0.0,0.0,0.0,0.0,0.0
-2.1452346,-0.22305545,2.2547567,0.007631455,0.1643641,0.35712954,-1.1906475,0.09912623,-0.2626772,0.41595703,-0.12280841,0.01022153,1.0698081,-0.21224095,-0.056228507,1.8153504,-0.059750143,0.32643065,-0.027895955,-0.0040369187,0.02818979,-0.11856962,0.18081887,-0.073291264,-0.13129036,-0.18202604,0.1740838,0.01761636,-0.09890308,0.010496797,-0.36081818,0.123552695,0.1692515,-0.23274499,0.013946792,-0.32906297,-0.1285316,0.11331981,-0.050733738,-0.08845158,-0.285132,-0.10500257,0.0005304383,0.03980985,0.22866346,0.07755632,0.044644784,0.00207973,-0.2092896,-0.6996705,-0.44586802,0.16997775,-0.05091324,0.76527303,-0.103098795,-1.4448193,0.51545733,0.040450126,0.6494049,-0.10639081,-0.03732456,-0.091043934,0.138852,-0.017771197,0.034022264,0.055978566,0.0,0.0,0.0,0.0,0.0,0.0
-2.291679,-0.18872805,2.0922024,0.2346949,0.2591386,0.38340184,-1.2635984,0.15755461,-0.28239775,0.3554761,-0.18735069,0.012695398,0.6736905,-0.33680308,-0.022463217,1.6024414,-0.0967466,0.2987378,-0.01673503,-0.016795175,0.042318583,-0.08247424,0.19225547,-0.11681234,-0.070042714,-0.18280911,0.26219693,0.010259338,-0.1446107,0.01712142,-0.34769875,0.11638927,0.18025905,-0.19632417,0.04939271,-0.43154076,-0.1280844,0.12910728,-0.060627338,-0.06925712,-0.24793963,-0.089300014,0.01133016,-0.07660562,0.24200398,0.031002209,0.04713587,0.010782659,-0.1977023,-0.7295993,-0.40788937,0.2304493,-0.24546239,0.79384553,-0.002513458,-1.5864247,0.49025553,0.06406754,0.625526,-0.051187664,-0.039076567,-0.13059804,0.14483052,-0.053674534,0.053518537,0.081840366,0.0,0.0,0.0,0.0,0.0,0.0
-2.2859058,-0.2166288,2.0569022,0.26566294,0.26301557,0.35859025,-1.2117188,0.15370844,-0.24127185,0.34559047,-0.20499726,0.01697974,0.6497553,-0.3286895,-0.019901114,1.358419,-0.11588364,0.23718917,-0.0040639825,-0.030844817,0.057476513,-0.08834559,0.18042307,-0.11771423,-0.03174694,-0.16938674,0.2738275,0.0023096432,-0.15878604,0.029262941,-0.34243068,0.12039495,0.15888378,-0.16582514,0.042794574,-0.46235758,-0.11819393,0.11831728,-0.06115701,-0.05817518,-0.30311787,-0.09221981,0.009323057,-0.06002979,0.26726645,0.048583508,0.038239535,0.023919957,-0.1550911,-0.81570536,-0.44497254,0.24550621,-0.24957967,0.8381036,0.08740761,-1.736412,0.5019779,0.06772944,0.6267127,-0.056806922,-0.045716707,-0.15844363,0.1630789,-0.062041942,0.060418855,0.06977002,0.0,0.0,0.0,0.0,0.0,0.0
-2.2288496,-0.21108101,2.140889,0.3196374,0.1884325,0.24353123,-1.2116007,0.10936383,-0.117431335,0.35422543,-0.2028306,0.034835905,0.8151788,-0.29962575,-0.008849468,1.1420692,-0.16133854,0.20978071,-0.013541277,-0.016299853,0.065839075,-0.08412823,0.18806276,-0.0983188,0.0043027075,-0.1811359,0.2473981,0.019275025,-0.144819,0.044203434,-0.36602077,0.08199541,0.11819153,-0.13252798,0.042973764,-0.46286476,-0.11709305,0.07374136,-0.05611402,-0.046679977,-0.25888523,-0.090918735,-0.0097414935,-0.04685124,0.25672767,0.061811965,0.021331657,0.022357812,-0.07726152,-0.78358394,-0.5164184,0.18912813,-0.23109047,0.79438037,0.18386453,-1.7744038,0.46305004,-0.0043783113,0.5026296,-0.049852543,-0.04382167,-0.17327428,0.15949844,-0.009796662,0.057590432,0.048476692,0.0,0.0,0.0,0.0,0.0,0.0
-2.1610198,-0.22406666,2.2048764,0.26777723,0.12235429,0.14701883,-1.070862,0.06553198,-0.0060269316,0.3563179,-0.1855494,0.041406635,1.1900884,-0.21887426,-0.023636999,0.8371159,-0.15951653,0.15069064,-0.020782325,-0.025076192,0.06923316,-0.09102611,0.18496759,-0.079510964,0.03323591,-0.18820204,0.2007573,0.033610895,-0.13453928,0.05355549,-0.39869073,0.06666288,0.075765066,-0.11261077,0.026338046,-0.43735328,-0.10399645,0.033462483,-0.05754271,-0.040256176,-0.24313019,-0.11223676,-0.01791917,-0.043072563,0.25568742,0.08545975,0.02759806,0.030614195,-0.030722136,-0.7864348,-0.6219097,0.15085821,-0.20979045,0.7922001,0.19665524,-1.7832166,0.47486112,-0.059851535,0.46627215,-0.08522858,-0.068229124,-0.17738226,0.16045758,0.005469129,0.051899802,0.02814464,0.0,0.0,0.0,0.0,0.0,0.0
-2.1984575,-0.19126369,2.197384,0.2849612,0.11791788,0.10866012,-0.98183423,0.06532829,0.0007189957,0.30626935,-0.19219619,0.051676784,1.3189878,-0.1913222,-0.028886091,0.7091467,-0.1461969,0.11300001,-0.007433302,-0.028040642,0.0799393,-0.07997225,0.1748725,-0.083404005,0.06405306,-0.1863472,0.20402153,0.05933944,-0.1335751,0.063194424,-0.4461652,0.082625456,0.085465156,-0.1445446,0.0008448701,-0.43834522,-0.061461754,0.026842017,-0.048437033,0.004143675,-0.14411865,-0.100583605,-0.004856496,-0.0931344,0.18363181,0.081253104,0.059959136,0.020125236,0.02509851,-0.70445335,-0.80096483,0.19573197,-0.19654328,0.8762906,0.25630468,-1.8245567,0.49931762,0.13304974,0.84992486,-0.17344078,-0.106074676,-0.18533376,0.17360291,-0.029405734,0.079864874,-0.0055321837,0.0,0.0,0.0,0.0,0.0,0.0
-2.1887066,-0.20812087,2.2157564,0.1685423,0.057202883,0.049453028,-0.85545224,0.06308524,0.054319054,0.33017376,-0.14793926,0.047310628,1.4718823,-0.14269349,-0.06609053,0.6741556,-0.11799702,0.10112963,-0.014807744,-0.028061993,0.080406904,-0.07087964,0.18143782,-0.06732254,0.05054625,-0.19247666,0.15591508,0.061268616,-0.107309684,0.060968988,-0.41186458,0.060145997,0.06980039,-0.14507852,0.009175764,-0.3616987,-0.08713647,0.03710567,-0.045732677,0.020762155,-0.12524444,-0.19011241,0.011796369,-0.07157738,0.29096895,0.11132087,0.045238607,0.017127404,0.058152474,-0.60636616,-0.83198935,0.22180578,-0.111505084,0.937887,0.27192092,-1.4247774,0.3348965,0.054611977,0.55404824,-0.080713466,-0.064502575,-0.14205255,0.12426577,0.0027485972,0.05440265,0.012959459,0.0,0.0,0.0,0.0,0.0,0.0
-2.0984097,-0.2268852,2.3166928,0.054201607,0.0068600182,-0.017651578,-0.6224449,0.06955082,0.1086552,0.33206815,-0.10886315,0.04683674,1.6039058,-0.09089008,-0.11117034,0.45739874,-0.08667772,0.07403619,-0.018085295,-0.030747224,0.07331028,-0.07328324,0.16975254,-0.055431265,0.037079345,-0.19152312,0.105875775,0.05687434,-0.07690557,0.053380232,-0.36449966,0.035949793,0.043105315,-0.12703767,-0.0024898737,-0.28806224,-0.115836814,0.003019088,-0.033610024,0.037852347,-0.09150201,-0.27157024,-0.0075368937,-0.03968319,0.33093166,0.13264073,0.027463552,0.0022559906,0.13163234,-0.46606198,-0.86787224,0.18548913,-0.018415742,0.8910395,0.2758994,-1.0846977,0.18799584,0.016610881,0.59923846,-0.13880499,-0.02554204,-0.12586446,0.06959328,0.023144275,0.060446095,-0.0066155163,0.0,0.0,0.0,0.0,0.0,0.0
2.0265296,0.27493325,-2.368631,-0.05469046,-0.002221355,-0.020817874,-0.41719273,0.06233507,0.06725501,0.28607637,-0.07220988,0.050686646,1.761041,-0.059282843,-0.15852873,0.44007114,-0.044202622,0.06820909,-0.017255353,-0.014554852,0.07129683,-0.09749636,0.16514839,-0.03834225,-0.021043073,-0.18287401,0.06515777,0.06555811,-0.043370437,0.053060528,-0.36152864,0.030445276,0.054476872,-0.15618573,-0.028855147,-0.23470612,-0.123966955,-0.021901809,-0.019966494,0.06493453,-0.026897874,-0.298036,1.524407e-06,-0.022282243,0.33702287,0.142168,0.025453806,-0.009365426,0.1983651,-0.35814485,-0.9339663,0.16842051,0.058669668,0.8865714,0.34399962,-0.9553839,0.11768481,0.03135091,0.5484761,-0.109950066,-0.019203126,-0.100014225,0.012194254,0.051101252,0.044657245,0.02027331,0.0,0.0,0.0,0.0,0.0,0.0
2.0543253,0.25500098,-2.3376672,-0.20066252,-0.0052160905,0.041123588,-0.29881334,0.019208597,-0.0139473025,0.2605613,-0.034093894,0.047371075,1.7615148,-0.06302188,-0.16950433,0.3987917,-0.018533297,0.061834846,-0.005022575,-0.0065302663,0.055217855,-0.0965128,0.17185438,-0.062335867,-0.03957557,-0.19684622,0.057088263,0.058642343,-0.0096682785,0.041624285,-0.32053098,0.023785844,0.09825996,-0.15681958,-0.02199138,-0.21484798,-0.10147167,-0.028033745,-0.007722905,0.052900292,-0.110164,-0.29734534,0.0014155732,0.1415481,0.32409936,0.15995836,0.0048830444,-0.013579659,0.18621407,-0.30588308,-0.88929385,0.12580717,0.26164147,0.8185213,0.25227004,-0.60982585,-0.0072328253,0.04045899,0.51137966,-0.05962134,0.007067636,-0.08271149,-0.023146035,0.051267475,0.0496767,0.012708906,0.0,0.0,0.0,0.0,0.0,0.0
2.008737,0.17678373,-2.2946916,-0.55146295,-0.024795366,0.12103216,-0.17145726,-0.009291875,-0.08822025,0.3402528,0.0124691315,0.028272547,1.8224909,-0.017001418,-0.22560203,0.5994663,0.0376879,0.060117107,0.0029394457,-0.015126984,0.040225346,-0.089363925,0.15634409,-0.080837436,-0.10112987,-0.16442944,0.037410036,0.06826442,0.010487152,0.02701668,-0.32175162,0.042912338,0.16046175,-0.22733526,-0.072815426,-0.18131,-0.104621895,0.014883084,-0.0070439186,0.062233426,-0.073215105,-0.32721207,0.01577953,0.13493894,0.32261106,0.15930286,0.030473601,-0.030917022,0.18357755,-0.22418146,-0.9228481,0.13230889,0.33154064,0.86666477,0.24439603,-0.5685114,0.0036598628,0.12214018,0.7648233,-0.13187808,0.04080449,-0.050375797,-0.007857241,0.03275143,0.042984337,-0.025163377,0.0,0.0,0.0,0.0,0.0,0.0
1.7827061,0.2415639,-2.5032947,-0.82277775,-0.09090007,0.10510525,0.0566581,-0.043168668,-0.08979424,0.3684415,0.08375685,0.013938886,1.6616343,0.033463735,-0.24463312,0.37500468,0.09884632,0.036376633,0.013492004,0.0041512507,-0.0020070656,-0.053665563,0.14704847,-0.12739472,-0.12009066,-0.16571327,0.027166927,0.06985475,0.06138316,0.0034910631,-0.27375844,0.04580899,0.23516597,-0.21373203,-0.077504866,-0.15683319,-0.13177216,0.0102971615,-0.0013513797,0.05155222,-0.043271855,-0.34817746,0.01879876,0.22749062,0.29414994,0.12512273,0.028991155,-0.036289383,0.19563764,-0.11286584,-0.9232788,0.11176473,0.463397,0.80090815,0.20791489,-0.6182214,0.0463697,0.21815097,1.050273,-0.1827826,0.017996043,-0.07234239,0.02902289,0.02192806,0.08932506,-0.080273315,0.0,0.0,0.0,0.0,0.0,0.0
2.128225,0.18886775,-2.270276,-0.40302217,0.0061647026,0.14746504,-0.37719786,-0.078820765,-0.3391892,0.3030664,0.012791842,0.06506432,1.4081926,-0.11631701,-0.18386917,1.5119962,0.05098403,0.108388595,0.010454223,0.060526676,0.030709758,-0.10453069,0.15498275,-0.096419476,-0.14542714,-0.17073192,0.11295094,0.08880397,0.06417153,0.015920002,-0.3273864,0.08270927,0.26782992,-0.35042045,-0.065213256,-0.22144596,-0.07784563,-0.023617566,0.062258225,0.090433985,0.11299651,-0.31348634,-0.014319626,0.10077235,0.19813634,0.19321746,0.0069851363,-0.06229738,0.20121063,0.033190563,-0.95445997,0.08895821,0.4745515,0.7588392,0.23233126,-0.54493165,-0.0011966386,0.22407497,1.3622637,-0.2943401,-0.019896785,-0.034363657,-0.055619378,-0.020281965,0.088359535,-0.022658013,0.0,0.0,0.0,0.0,0.0,0.0
1.7727772,0.21919067,-2.513812,-1.0296042,-0.1937045,0.24076018,0.06086483,-0.24957298,-0.3448363,0.43892908,0.122291945,0.054197796,2.1273284,-0.09812821,-0.31078142,0.4573022,0.099752925,0.011966004,0.031569663,0.09739545,-0.048444632,-0.122285105,0.11615085,-0.16971612,-0.22081068,-0.12603825,0.023464374,0.06602981,0.14948688,-0.008276046,-0.34899893,0.08342425,0.33093446,-0.25619406,-0.18349214,-0.20323665,-0.13799676,-0.08273232,0.02273256,0.08540415,0.110405035,-0.33240947,-0.02420951,0.297919,0.12920459,0.07168047,0.031471595,-0.06606428,0.22762835,0.084128834,-1.0065893,-0.1262275,0.67271644,0.57006395,0.3061449,-0.8421341,0.18818824,0.16114119,1.2917485,-0.3266447,-0.09093927,-0.059724238,0.029283807,0.07032252,0.08967562,-0.13468882,0.0,0.0,0.0,0.0,0.0,0.0
1.6070719,0.2713872,-2.5656996,-1.0914434,-0.20948243,0.1573267,0.15948795,-0.27259797,-0.31709266,0.4484651,0.14491259,0.053045094,1.9659659,-0.05042966,-0.31910583,0.49259382,0.12046605,-0.009384802,0.046074793,0.10702512,-0.0398466,-0.100005396,0.117395036,-0.18263431,-0.23835315,-0.12506904,0.028939987,0.074272364,0.17263034,-0.0027955372,-0.33430186,0.08824222,0.37505034,-0.2699975,-0.17763731,-0.17947155,-0.1452159,-0.080926694,0.04071295,0.12765218,0.18451227,-0.33034402,-0.024092918,0.28228736,0.13435912,0.023363527,-0.0036818741,-0.07449481,0.28382656,0.19800499,-1.0277536,-0.13216795,0.7213898,0.6001086,0.4338887,-0.9505307,0.1825609,0.1970341,1.59099,-0.44607854,-0.11707811,-0.089127384,0.048715398,0.061620455,0.124726795,-0.18979599,0.0,0.0,0.0,0.0,0.0,0.0
2.0875657,0.09157415,-2.2919476,-1.0201037,-0.1668957,0.2123313,0.07907021,-0.2546646,-0.3547434,0.38200712,0.11382583,0.052158337,1.7326015,-0.06743944,-0.2541111,0.71218354,0.13747059,0.004015091,0.010846397,0.08409863,-0.00052696845,-0.053270884,0.13804379,-0.21646066,-0.16114429,-0.1488057,0.1140448,0.10473169,0.14268313,0.012983436,-0.32696328,0.06317337,0.42196634,-0.31322286,-0.15810916,-0.24776997,-0.15586893,-0.046201598,0.05954121,0.13717346,0.22851716,-0.27487344,-0.055109117,0.13499758,0.12436056,0.04636968,-0.015736472,-0.08335427,0.30352393,0.21708062,-0.9635638,-0.11723831,0.6421721,0.62120146,0.44127077,-1.0220292,0.15084307,0.09407349,1.831237,-0.58384985,-0.09451068,-0.09486945,0.012563089,-0.012589604,0.1439532,-0.18060671,0.0,0.0,0.0,0.0,0.0,0.0
2.509614,0.09570835,-1.7643667,0.27227327,0.13624941,0.27919492,-1.1067984,0.026098182,-0.48991433,0.2832516,-0.10171632,0.08892224,0.9188744,-0.4627017,0.044837777,1.3609426,-0.19660316,0.25143322,0.04315528,0.10872169,0.069027126,-0.12797968,0.15300845,-0.17068222,-0.0716706,-0.17670491,0.2690281,0.090427145,0.021384947,0.052107956,-0.3344097,0.08419614,0.30496567,-0.25562137,-0.11207806,-0.37054557,-0.13114254,-0.050779916,0.11486749,0.1804722,0.24008408,-0.29792535,-0.09237813,-0.0036968593,0.22173515,0.03233761,-0.1166834,-0.087523594,0.30567223,0.20910834,-0.8893658,0.014115806,0.4800977,0.6965853,0.45146486,-0.9587151,0.022572663,0.06905228,1.8988773,-0.5720264,-0.082000166,-0.1099749,-0.029729577,-0.04126658,0.16127093,-0.11958297,0.0,0.0,0.0,0.0,0.0,0.0
2.5739834,0.111329995,-1.6707999,0.26005834,0.1102326,0.25533462,-1.0227231,-0.0058762194,-0.41841796,0.29089445,-0.09192691,0.08697753,1.1133081,-0.42847994,0.063625865,1.1419537,-0.19447377,0.20719671,0.049086303,0.10545644,0.067754336,-0.1336984,0.14081408,-0.17160039,-0.030299647,-0.16423202,0.24892895,0.0833113,0.02355262,0.05352081,-0.34498376,0.08140745,0.28286555,-0.24920496,-0.12876955,-0.36989293,-0.10682059,-0.036699694,0.11197477,0.15829669,0.22416629,-0.29062924,-0.07938448,0.02413725,0.23219085,0.0398985,-0.09841382,-0.08225632,0.26177806,0.19337666,-0.88409686,0.05669749,0.51666933,0.73772466,0.37024492,-0.94710565,0.06024378,0.105736606,1.8960744,-0.5561659,-0.094148755,-0.10448944,-0.00051305135,-0.067129955,0.1585232,-0.14025067,0.0,0.0,0.0,0.0,0.0,0.0
2.404803,0.07885068,-1.9418975,-0.547062,-0.08381366,0.21366625,-0.26511094,-0.1347128,-0.23099624,0.35444432,0.036549464,0.058592733,1.883912,-0.16841996,-0.10244994,0.2874076,-0.0043967953,0.029190514,0.015670199,0.069619544,0.0320821,-0.07345592,0.14332134,-0.20281859,-0.030673992,-0.16520528,0.12724078,0.11766593,0.07743982,0.03442037,-0.3619857,0.03759018,0.31343937,-0.23532018,-0.16812368,-0.3212494,-0.15239863,-0.02939863,0.061409887,0.1571865,0.24731998,-0.3182835,-0.027221782,0.019012759,0.24945526,0.034272633,-0.020240229,-0.068248875,0.284744,0.19921093,-0.94559276,0.054499578,0.47135043,0.77805716,0.36728796,-0.9155876,0.09910581,0.15689045,1.782311,-0.5308034,-0.058686297,-0.095160775,0.025865369,-0.029835556,0.13528624,-0.17507996,0.0,0.0,0.0,0.0,0.0,0.0
2.2827134,0.11878835,-2.0844207,-0.8188087,-0.12626544,0.17395629,-0.08209738,-0.12782058,-0.22448768,0.3842024,0.07799786,0.037771806,1.7157737,-0.07824949,-0.18799213,0.4895323,0.07626091,0.03200398,0.0131271295,0.06073351,0.012480977,-0.04001332,0.14088011,-0.18811777,-0.09144444,-0.14758474,0.09557195,0.11169403,0.09009855,0.018919792,-0.33196962,0.045563616,0.33709866,-0.27310547,-0.1395053,-0.24998373,-0.13846496,0.010439737,0.028294187,0.12598951,0.2075996,-0.31925625,0.019647341,0.037366733,0.27701074,0.075289935,0.010116883,-0.064133584,0.2689131,0.12681884,-0.9700302,0.12208754,0.4250943,0.87095135,0.36225185,-0.96574515,0.14448555,0.222259,1.5540422,-0.41075388,-0.053387538,-0.084799185,0.04160012,-0.0325379,0.11000757,-0.13270144,0.0,0.0,0.0,0.0,0.0,0.0
2.034236,0.14761348,-2.341542,-0.8652915,-0.055305246,0.086704984,0.19824558,-0.17109416,-0.21447945,0.34935686,0.116543904,0.020205379,0.6685925,0.051369984,-0.15602316,1.3032923,0.16863637,3.2499156e-05,0.029192952,0.069810286,-0.022028117,0.043397754,0.13692085,-0.17326464,-0.18034117,-0.14006487,0.11187839,0.09738365,0.10873521,-0.014009358,-0.24819018,0.09628789,0.40854907,-0.34526917,-0.06268238,-0.16795358,-0.1066417,0.029219808,0.01779973,0.08692248,0.2145953,-0.36735559,0.043151718,0.02644432,0.2841135,0.09406503,0.022425223,-0.06217738,0.23623219,0.10958555,-0.9571129,0.18612635,0.36104423,0.82780296,0.32359314,-0.92858857,0.16713592,0.27960876,1.2184911,-0.19656998,-0.08767823,-0.07517679,0.051168025,-0.0057568303,0.10481421,-0.05877944,0.0,0.0,0.0,0.0,0.0,0.0
2.0985131,0.21083124,-2.2740793,-0.5961974,-0.0012087518,0.034348115,0.10616574,-0.11487496,-0.17766742,0.32706797,0.07974553,0.023585858,0.33211568,0.043011766,-0.1112316,1.4013586,0.13842091,0.014232773,0.035070144,0.057988323,0.00052942656,0.0536224,0.14516965,-0.12258427,-0.15856415,-0.1339813,0.12634397,0.10028056,0.07849314,-0.0037226852,-0.22534864,0.099305004,0.3481968,-0.3382569,-0.041572545,-0.16639853,-0.059796933,0.055708267,0.012822052,0.08488839,0.19301015,-0.35321462,0.058699504,-0.025154356,0.30523324,0.11942118,0.037176624,-0.05231097,0.24785797,0.023389475,-0.97004294,0.26084787,0.25658843,0.91102904,0.38669145,-1.0335635,0.17546096,0.3045063,1.1057944,-0.1436499,-0.06678452,-0.07455993,0.059011437,-0.005205516,0.092576794,-0.030884547,0.0,0.0,0.0,0.0,0.0,0.0
2.2606924,0.25173038,-2.133875,-0.41945037,0.03712776,0.105863415,-0.03078707,-0.08881194,-0.24775648,0.2864827,0.04269753,0.025383456,0.40780094,0.018884102,-0.113084845,1.301813,0.14607961,0.02838503,0.041589707,0.021071197,0.022725562,-0.014983204,0.13240461,-0.10239424,-0.13603018,-0.13050944,0.15051341,0.06626634,0.032859296,0.0053371647,-0.22883779,0.12347058,0.29181945,-0.32199293,-0.02758001,-0.19697168,-0.045018613,0.04995095,0.025384616,0.065262154,0.124596536,-0.38071623,0.06527999,-0.03500433,0.3538003,0.15800272,0.032558642,-0.033662952,0.18465275,-0.073487416,-0.92480105,0.29057926,0.17345414,0.9076058,0.28406298,-1.021956,0.18206316,0.29666647,1.1208018,-0.14157298,-0.054981146,-0.070895925,0.05583335,-0.01976325,0.08941167,-0.02831528,0.0,0.0,0.0,0.0,0.0,0.0
2.0305738,0.24371347,-2.3431478,-0.41873497,0.0015991592,0.1332575,-0.18604249,-0.05711349,-0.14933671,0.3340019,0.023796527,0.023626821,0.61791635,-0.011787542,-0.09502435,0.43112764,0.051901706,0.043413535,0.033864845,0.020670466,0.004087862,0.011225096,0.13621484,-0.15437576,-0.032198574,-0.1424165,0.1338845,0.079132475,0.026901143,0.00849332,-0.21968482,0.07621921,0.25530845,-0.18938622,-0.072401635,-0.22957963,-0.034596536,0.026695097,-0.005726951,0.065420955,0.05037654,-0.339078,0.06404391,0.03502897,0.31689084,0.17175789,0.03706504,-0.021715784,0.19565812,-0.18805061,-0.98785716,0.21857241,0.2561591,0.94345474,0.22395766,-1.1632117,0.27362752,0.22819972,1.1278937,-0.20206663,-0.06454059,-0.08953513,0.113645166,-0.026601486,0.090793066,-0.10033267,0.0,0.0,0.0,0.0,0.0,0.0
2.0807188,0.24705261,-2.3127992,-0.2954826,0.021283662,0.1479183,-0.5386601,0.001577242,-0.20951194,0.38964573,-0.020525659,0.030819809,0.65005326,-0.06941354,-0.107600346,1.1057042,0.0028031734,0.107904576,0.03177781,0.023579651,0.023066716,-0.048736997,0.12809448,-0.10969801,-0.084847234,-0.13290319,0.14204854,0.0450233,0.0044273403,0.011891303,-0.24442922,0.09882046,0.23557764,-0.23014332,-0.057867624,-0.2284619,-0.0942491,0.03219099,0.008807339,0.026994858,-0.08222833,-0.3291108,0.009165952,0.13172188,0.31680787,0.16407454,0.008530984,-0.037901517,0.13113776,-0.2779859,-0.8684523,0.14841628,0.3185005,0.84487617,0.17075713,-1.1530755,0.27868134,0.11355601,1.2132585,-0.29696846,-0.05276252,-0.084795915,0.11592989,-0.038528983,0.09100666,-0.1083117,0.0,0.0,0.0,0.0,0.0,0.0
-2.2506926,-0.29837346,2.1264524,-0.16288027,0.089089856,0.22187999,-0.6891056,0.06265725,-0.31654936,0.36598533,-0.04817773,0.025487123,0.49574697,-0.072562315,-0.09635774,1.6402665,0.04576487,0.12865154,0.042514715,-0.0013862737,0.05323832,-0.08582916,0.1250393,-0.08411579,-0.1252259,-0.1303374,0.17446047,0.007445649,-0.03564616,0.022999153,-0.26186895,0.13325648,0.22473606,-0.27656946,-0.023591688,-0.23859721,-0.1319653,0.08514709,0.0064190803,-0.015229177,-0.25763708,-0.28000194,0.0030736155,0.17611206,0.3415005,0.13662744,0.010216588,-0.032440495,0.01516269,-0.49871406,-0.69195855,0.16621234,0.22598384,0.81632745,0.16173,-1.3265679,0.34422523,0.09163684,1.0888038,-0.26904926,-0.032880604,-0.09957508,0.13359016,-0.030516094,0.08220145,-0.070335485,0.0,0.0,0.0,0.0,0.0,0.0
-2.293081,-0.2695996,2.0575793,-0.1365031,0.12810934,0.31200936,-0.78246313,0.070901096,-0.36442256,0.34438473,-0.05548437,0.010107306,0.81854004,-0.08708872,-0.104141936,1.8835014,0.044025626,0.19000532,0.037160143,-0.017086864,0.060916472,-0.14905071,0.1250795,-0.07222334,-0.16020592,-0.12133716,0.15675692,-0.0029235063,-0.05430814,0.024065934,-0.30573604,0.15173171,0.22762546,-0.32360286,-0.056628153,-0.24366684,-0.107201815,0.11519482,0.0032647823,-0.048252083,-0.37711158,-0.17056572,-0.024343813,0.25950193,0.24788526,0.16388509,0.020125827,-0.031783056,-0.055095136,-0.6139062,-0.61139536,0.16490188,0.354297,0.8126118,0.15949467,-1.3610871,0.35655662,0.17115583,1.3414013,-0.3601568,-0.027948812,-0.08482147,0.116124034,-0.060479563,0.0781218,-0.048291273,0.0,0.0,0.0,0.0,0.0,0.0
2.0988836,0.19635947,-2.2889302,-0.34482667,0.09275324,0.38628086,-0.83143485,0.02757541,-0.21839319,0.40901673,-0.06583599,-0.008204878,1.4853784,-0.11217,-0.13590327,1.5615816,0.022047862,0.20100312,-0.025515178,-0.035276446,0.015745105,-0.099966004,0.18512928,-0.106975816,-0.1468593,-0.17681566,0.13702127,0.04293714,-0.081078604,0.006153908,-0.38464487,0.091509305,0.2009028,-0.24524303,-0.019320775,-0.31573555,-0.11457354,0.10407727,-0.071795404,-0.06401543,-0.21664032,-0.14661956,0.022226468,-0.026391823,0.25808775,0.08357745,0.07654453,0.002865899,-0.13914949,-0.6247646,-0.5015129,0.15642011,-0.111242324,0.7410233,0.022285061,-1.5136453,0.47713777,0.03612704,0.6496053,-0.116636924,-0.025999617,-0.09498418,0.12246957,0.00085566525,0.028227858,0.04390784,0.0,0.0,0.0,0.0,0.0,0.0
-2.1542377,-0.29252765,2.1815946,0.16651392,0.19049218,0.33537787,-1.1965505,0.11824926,-0.26462469,0.3584191,-0.14775008,0.015833275,0.86848956,-0.28971618,-0.03518144,1.656566,-0.08429024,0.30557564,-0.024649732,0.003477368,0.039207336,-0.12263721,0.18398924,-0.080764234,-0.10970912,-0.18154408,0.21167496,0.017396238,-0.11331575,0.017938158,-0.35560787,0.113331765,0.16432115,-0.2094659,0.025895866,-0.37715897,-0.13374561,0.09421464,-0.034638602,-0.06283378,-0.19028997,-0.13978803,0.004154296,-0.05220404,0.27717105,0.09216165,0.030305568,0.0058270963,-0.15578169,-0.64582115,-0.4785814,0.20445852,-0.15909849,0.78548855,-0.0035808221,-1.5851563,0.5039553,0.033695407,0.62782985,-0.089429215,-0.053709507,-0.11402059,0.122882284,-0.030185584,0.04214884,0.07427558,0.0,0.0,0.0,0.0,0.0,0.0
-2.3489132,-0.22396967,2.04451,0.24168976,0.22062957,0.32106972,-1.2703806,0.14968315,-0.22417772,0.3494104,-0.19182116,0.019080658,0.63553923,-0.2925535,-0.036800817,1.6355238,-0.10787325,0.29982737,-0.015516989,-0.018262625,0.039343245,-0.07632971,0.1873772,-0.08750841,-0.064341865,-0.1787938,0.250793,0.027581142,-0.15095367,0.01813335,-0.3719239,0.1259194,0.15702188,-0.20014404,0.044451,-0.42397913,-0.10420239,0.11092364,-0.060203794,-0.059101023,-0.22530147,-0.09805239,0.012027958,-0.10049592,0.21041285,0.045942977,0.06478611,0.008770123,-0.14819519,-0.75721943,-0.5275706,0.22330326,-0.2626424,0.81047434,0.065646015,-1.7612334,0.5554157,0.08592136,0.70645934,-0.09769881,-0.0594092,-0.14215337,0.1738991,-0.04359713,0.057356127,0.06364978,0.0,0.0,0.0,0.0,0.0,0.0
-2.3247461,-0.24726205,2.0412776,0.27612752,0.22525051,0.30938396,-1.205994,0.13979506,-0.18166316,0.33337426,-0.20492183,0.014493935,0.6333068,-0.30189553,-0.02916605,1.4187623,-0.11881052,0.24810596,-0.006319739,-0.03030369,0.04195032,-0.07915418,0.18144938,-0.09508385,-0.035273843,-0.16956902,0.25585744,0.022606762,-0.16206992,0.022502959,-0.3689782,0.115310036,0.14199203,-0.17625643,0.037580013,-0.44356433,-0.09860025,0.10065645,-0.06539069,-0.04273101,-0.23761682,-0.11253259,0.011386168,-0.11090768,0.22839113,0.054833986,0.06395125,0.018574394,-0.10249849,-0.7888799,-0.5654172,0.23293324,-0.28294623,0.83806664,0.13545811,-1.7945648,0.5184167,0.08714259,0.6710436,-0.07926128,-0.07146428,-0.15714236,0.16959314,-0.053352796,0.05949746,0.06459729,0.0,0.0,0.0,0.0,0.0,0.0
-2.176961,-0.23987508,2.1913788,0.34893027,0.17445357,0.19004068,-1.1050841,0.07695573,-0.049961336,0.29702187,-0.19413598,0.021908456,0.77616894,-0.27031827,-0.013349842,1.0058007,-0.15691519,0.18526503,-0.01706485,-0.020031817,0.071437076,-0.064640805,0.19600937,-0.098152086,0.014966757,-0.1755794,0.22922754,0.031552855,-0.15132512,0.050938647,-0.36380115,0.05736636,0.113862075,-0.13376988,0.020042952,-0.43170545,-0.12903577,0.08065241,-0.05856792,-0.02536556,-0.17921293,-0.10884983,-0.0048085176,-0.11968746,0.2884076,0.06630322,0.02479151,0.013729111,-0.027203606,-0.74176687,-0.60468477,0.20346987,-0.22660036,0.869468,0.23396866,-1.727521,0.4207562,-0.027985374,0.43835694,-0.063575655,-0.043904282,-0.165646,0.13676445,-0.0079360055,0.047096584,0.061406914,0.0,0.0,0.0,0.0,0.0,0.0
-2.0956461,-0.20409495,2.315073,0.22109242,0.090827554,0.12602384,-0.9309019,0.035491634,0.038386207,0.33268028,-0.15337777,0.027854681,1.161488,-0.18961844,-0.034212746,0.7079234,-0.14365876,0.13589266,-0.028021093,-0.013972798,0.058994878,-0.059404787,0.19393076,-0.09984311,0.026924651,-0.1858073,0.17401925,0.046368208,-0.11523156,0.05177717,-0.37198928,0.036549017,0.09905767,-0.114841565,-0.0027540151,-0.3893935,-0.11995436,0.032849092,-0.057054393,-0.02898643,-0.1501206,-0.14446874,-0.014457564,-0.08485686,0.29408732,0.097296834,0.020739328,0.020284528,0.004678529,-0.7004068,-0.68149537,0.13796376,-0.1607144,0.8290311,0.18566398,-1.707049,0.46300748,-0.10836524,0.3989009,-0.10848609,-0.06322791,-0.15629534,0.1458819,0.020289512,0.03772634,0.025662014,0.0,0.0,0.0,0.0,0.0,0.0
-2.1291215,-0.21191329,2.2837384,0.24962138,0.04959413,0.034221437,-0.8957258,0.048190568,0.078556925,0.33572224,-0.15303364,0.04770501,1.3118119,-0.17275424,-0.040310446,0.7050548,-0.15257463,0.118159786,-0.019729614,-0.011573443,0.07477455,-0.061612703,0.184683,-0.07393247,0.04924069,-0.1924826,0.16230617,0.054469585,-0.10446947,0.059412193,-0.3970715,0.048767157,0.06795117,-0.12336971,0.0061118063,-0.36667767,-0.11794464,0.009291014,-0.03670786,0.01210271,-0.104507945,-0.20505355,-0.017705237,-0.073917106,0.3035124,0.10609364,0.017389731,0.015072687,0.07628953,-0.6055811,-0.8099262,0.16666523,-0.11537808,0.8787675,0.25499806,-1.5525597,0.39454433,-0.062123433,0.47513968,-0.12354249,-0.07960182,-0.14925474,0.12119124,0.014244736,0.048609696,0.017228467,0.0,0.0,0.0,0.0,0.0,0.0
2.082038,0.23148467,-2.3040755,0.090533786,0.018417355,-0.008552957,-0.655745,0.06333911,0.11579406,0.34718397,-0.113217376,0.04565841,1.538414,-0.095400706,-0.09303137,0.46648526,-0.09708307,0.07638694,-0.017983701,-0.031334884,0.08278143,-0.061682764,0.17462364,-0.06922524,0.046662785,-0.18570356,0.11821947,0.056554746,-0.08537824,0.06170353,-0.37281147,0.029610435,0.05421617,-0.12426684,-0.012999462,-0.30764973,-0.130368,0.0040558795,-0.03322689,0.046159178,-0.08439058,-0.27264413,-0.0072645247,-0.05886358,0.36500356,0.11198309,0.0132884635,0.008380439,0.15404393,-0.49696025,-0.85528183,0.18664908,-0.05631744,0.90611506,0.33174804,-1.2136805,0.21037187,-0.019702947,0.49988753,-0.1213065,-0.0181388,-0.13134205,0.07289985,0.04034246,0.048198286,0.006099413,0.0,0.0,0.0,0.0,0.0,0.0
2.0597324,0.24248125,-2.3440793,-0.049171593,0.0006271108,0.01429611,-0.39348435,0.03443536,0.066532426,0.2512894,-0.06802884,0.0410589,1.7779843,-0.08014012,-0.14160031,0.33774796,-0.06277725,0.06202114,-0.015164232,-0.01940685,0.048185516,-0.073466964,0.17293535,-0.07289138,0.0041523185,-0.20662294,0.07507693,0.06878981,-0.038201086,0.04098607,-0.3713936,0.027958961,0.08064258,-0.1421401,-0.016584035,-0.25713515,-0.0589644,-0.031756602,-0.022946846,0.043040883,-0.09436787,-0.20551959,-0.024356045,0.06741769,0.1930599,0.15413198,0.029545536,-0.010161347,0.17217799,-0.35765067,-0.8935624,0.12384046,0.16818321,0.7842256,0.3144779,-0.9339112,0.09886979,0.124624014,0.84978753,-0.16926968,-0.047065776,-0.11765193,0.0073046368,0.0053530685,0.08148981,-0.009110035,0.0,0.0,0.0,0.0,0.0,0.0
-1.9106983,-0.2829709,2.457508,-0.08594035,0.048891917,0.08496514,-0.48808897,0.010997226,-0.10329963,0.2581661,-0.06052141,0.05029712,1.6682589,-0.11842513,-0.14987569,0.9773305,-0.021170413,0.10994139,-0.016285375,0.008233119,0.053170756,-0.119901456,0.1707418,-0.047203008,-0.0831172,-0.18103413,0.0880569,0.057734396,-0.021440037,0.036587022,-0.35838315,0.052221414,0.116879255,-0.21493724,-0.035189204,-0.23709089,-0.08843961,-0.024568135,0.0037984105,0.060114518,-0.024733856,-0.2980029,-0.0010190635,0.02695575,0.30276012,0.186191,0.021415513,-0.016241211,0.15113331,-0.29043522,-0.93378234,0.12724563,0.17218259,0.86091757,0.21345614,-0.64039814,0.03640842,0.0017852306,0.47559932,-0.084291786,-0.03247961,-0.05229595,-0.036735885,0.02687818,0.025073025,0.057958815,0.0,0.0,0.0,0.0,0.0,0.0
1.9204572,0.17734411,-2.44014,-0.32335314,0.00731357,0.09573045,-0.1922939,-0.008045794,-0.06808295,0.28855067,-0.0089630615,0.041985456,1.642449,-0.04802018,-0.17731823,0.43434176,0.035811868,0.05905412,-0.010568699,-0.0047506075,0.039787635,-0.07884483,0.1692001,-0.08297593,-0.06430527,-0.18392566,0.05930095,0.05655973,0.0033720743,0.031801272,-0.2991149,0.0263588,0.129544,-0.16885348,-0.039976217,-0.19446252,-0.11820463,-0.022831455,-0.013710038,0.058855932,-0.038912613,-0.3741531,0.007866131,0.09301227,0.3809778,0.15782852,0.018314091,-0.017433802,0.16439326,-0.23586954,-0.93140477,0.10112065,0.23557343,0.8464982,0.15281284,-0.38202426,-0.012290011,-0.048237268,0.3041088,-0.060949706,0.007620796,-0.045958214,-0.054550126,0.06189728,0.017999658,0.05237512,0.0,0.0,0.0,0.0,0.0,0.0
1.9359897,0.1767408,-2.3994806,-0.54787904,0.011476238,0.13768727,-0.014703055,-0.042949367,-0.114764206,0.30534014,0.034242675,0.031527527,1.4891759,0.01927095,-0.21058308,0.3378477,0.1067646,0.046184476,0.008759589,-0.024056986,0.027208615,-0.028359279,0.1610823,-0.13160431,-0.04707561,-0.17899211,0.08425669,0.08087744,0.02230479,0.020639714,-0.27916777,0.038564924,0.20747955,-0.20895877,-0.052559253,-0.20610827,-0.07336639,0.020329267,-0.01713407,0.06597536,-0.02239606,-0.3237196,0.016547658,0.09787218,0.27922204,0.1369837,0.055938423,-0.03104911,0.16874829,-0.15148102,-0.93936175,0.12467574,0.31044134,0.84361404,0.18968935,-0.3870246,-0.0396342,0.1031745,0.6956052,-0.08805928,0.015205022,-0.053918846,-0.0439317,0.0036928928,0.059467386,0.0015934937,0.0,0.0,0.0,0.0,0.0,0.0
1.6619582,0.22629511,-2.5494807,-0.8166617,-0.083656505,0.18496525,0.09907814,-0.066010185,-0.09503388,0.3516113,0.08294245,0.0027292927,1.95556,-0.005683471,-0.28597507,0.30611,0.10072812,0.04636141,0.018190973,-0.007584198,-0.020632092,-0.07024131,0.15130448,-0.13981935,-0.14848651,-0.17022279,0.0042941826,0.08188073,0.053070966,-0.00998418,-0.31731126,0.031635623,0.2352163,-0.22233532,-0.095101416,-0.1650668,-0.11050187,0.025912138,-0.03511984,0.05854003,-0.022762517,-0.32923266,0.021800464,0.1675581,0.24406987,0.094266176,0.06831055,-0.049699113,0.18321836,-0.056392297,-0.88701403,0.099362224,0.39652175,0.74217993,0.22821563,-0.5136898,-0.0074621043,0.2824856,1.0825881,-0.1637072,0.0409017,-0.065516226,-0.016428351,0.032430645,0.08863125,-0.04233692,0.0,0.0,0.0,0.0,0.0,0.0
1.8123776,0.23218101,-2.464275,-0.8653585,-0.087842815,0.24262251,0.05568467,-0.10848498,-0.18913044,0.35537687,0.076623365,0.0071358606,2.037701,-0.03386937,-0.31897175,0.6884392,0.13018127,0.029656282,0.008076639,-0.0059349122,-0.017391933,-0.10633015,0.15877868,-0.116509065,-0.20464422,-0.17066611,0.015655272,0.08079945,0.046134587,-0.012602334,-0.34521216,0.055714775,0.24186169,-0.28384668,-0.08646259,-0.18247648,-0.13234495,0.026357163,-0.020555928,0.07397875,0.027445192,-0.3784746,0.052428655,0.088336,0.2993104,0.10469707,0.079073615,-0.041161392,0.17410831,-0.02783286,-0.8937891,0.16020481,0.28455713,0.7829373,0.20749432,-0.4382571,-0.028217953,0.29555914,0.90400326,-0.0747669,0.06568705,-0.038428314,-0.055588633,0.06339866,0.06219248,0.016162984,0.0,0.0,0.0,0.0,0.0,0.0
1.426018,0.17363964,-2.6482973,-1.0127721,-0.16927451,0.19442795,0.08019981,-0.2420366,-0.2744583,0.41350773,0.1146758,0.041926876,1.9892837,-0.06139096,-0.28895077,0.57881033,0.06523547,0.012794643,0.02203488,0.087308936,-0.04246102,-0.09676902,0.1410711,-0.16693549,-0.20664547,-0.15949851,0.023444995,0.08754242,0.14654654,-0.016534472,-0.32909158,0.07272211,0.33656406,-0.271607,-0.13891083,-0.18248922,-0.13480082,-0.05334099,0.02350873,0.100333646,0.13343295,-0.32902738,-0.010427043,0.2734071,0.14838123,0.057527374,0.008985705,-0.06561535,0.23717307,0.1437401,-0.97084856,-0.08017918,0.64836466,0.6089721,0.2782657,-0.7027531,0.090969235,0.22269529,1.2903545,-0.27790186,-0.023485081,-0.060736477,0.019867351,0.08268758,0.09597476,-0.12221786,0.0,0.0,0.0,0.0,0.0,0.0
1.7042714,0.2527276,-2.5195932,-1.0086166,-0.14498597,0.2032837,0.18264434,-0.29085913,-0.3727232,0.34624106,0.1302221,0.061671738,1.8016946,-0.029870396,-0.31951812,0.6668504,0.17039673,-0.009734716,0.03267126,0.09052193,-0.015145333,-0.08491623,0.13113967,-0.18619016,-0.20191787,-0.14906947,0.07813976,0.08971486,0.1620325,0.0030512821,-0.32955343,0.09713781,0.38576612,-0.32544085,-0.14172736,-0.21299623,-0.13018009,-0.061016988,0.053028293,0.12337517,0.20692895,-0.31385037,-0.010047271,0.18226293,0.15131596,0.074860595,0.008223508,-0.07043683,0.26096147,0.18577869,-1.0049219,-0.035564147,0.63581496,0.6536931,0.381294,-0.8488216,0.117797405,0.24197271,1.6014259,-0.393561,-0.096280314,-0.07266527,-0.007871889,0.021112978,0.121723734,-0.11356451,0.0,0.0,0.0,0.0,0.0,0.0
1.5630308,0.1574086,-2.6144235,-1.0424335,-0.16102931,0.2083846,0.2048919,-0.34386867,-0.39074755,0.34362188,0.14316231,0.06449932,1.6218879,-0.048943534,-0.25998104,0.7462091,0.1512044,-0.016695945,0.03682213,0.13246156,-0.047113907,-0.037972104,0.12568112,-0.22935425,-0.1814714,-0.14833419,0.0954321,0.116327204,0.20362954,-0.01570599,-0.32220176,0.093155086,0.4473912,-0.3395012,-0.15525118,-0.21405752,-0.12498285,-0.0661129,0.045648817,0.13876222,0.24114306,-0.29031497,-0.020816775,0.23565689,0.05466388,0.03563644,0.01114386,-0.08454148,0.29491973,0.21952932,-1.0560688,-0.09480891,0.75438815,0.64258724,0.40208712,-0.83801484,0.14285211,0.23977186,1.6045734,-0.38826886,-0.12246833,-0.0640179,0.0011495058,0.013970939,0.123057485,-0.11733423,0.0,0.0,0.0,0.0,0.0,0.0
1.6197609,0.25825727,-2.5531316,-1.03148,-0.15270942,0.25836405,0.25600064,-0.3387147,-0.4319871,0.32120863,0.15578592,0.06165931,1.5736703,-0.049335357,-0.27712122,0.65996253,0.23889053,-0.022276571,0.04473848,0.10672464,-0.026391229,-0.022412052,0.12638299,-0.25577193,-0.17204149,-0.1478583,0.121355034,0.11335019,0.19003543,-0.0064248927,-0.30435273,0.086658336,0.48267165,-0.35707986,-0.15612169,-0.23287393,-0.090647236,-0.027802842,0.045753263,0.12673983,0.24419957,-0.28007776,-0.010440178,0.17436415,0.10567519,0.072751075,0.016713848,-0.09547264,0.24645275,0.2596786,-0.98851347,-0.039111685,0.71121824,0.692336,0.34790412,-0.6513481,0.042143863,0.27138203,1.7006673,-0.4018281,-0.12063235,-0.06382356,-0.021036895,-0.03464152,0.13349296,-0.1010582,0.0,0.0,0.0,0.0,0.0,0.0
1.7051246,0.20043913,-2.5044165,-1.0120174,-0.12106398,0.22132117,0.36690694,-0.35616133,-0.4054075,0.28801215,0.1507925,0.058691632,1.2388288,0.021204984,-0.24249923,0.78860945,0.27862203,-0.055316556,0.052416258,0.081907466,-0.0028488743,0.0075432863,0.12726168,-0.25619203,-0.17954409,-0.14857629,0.15230122,0.105044916,0.17279027,0.0030855224,-0.28555888,0.09847841,0.49593785,-0.38305834,-0.12425347,-0.23380187,-0.10770182,-0.013423549,0.059865657,0.14591162,0.24773157,-0.31873003,-0.0023700753,0.11827214,0.18113501,0.06813186,-0.0015052943,-0.09396851,0.29991344,0.23943672,-0.9708168,0.022361454,0.611202,0.6949978,0.47735855,-0.8265843,0.03658338,0.2534697,1.7842237,-0.42546448,-0.11408613,-0.08944595,-0.018549683,-0.02829775,0.15226123,-0.11282775,0.0,0.0,0.0,0.0,0.0,0.0
1.7018244,0.19211417,-2.526206,-0.93683535,-0.08908579,0.21091893,0.3681743,-0.34581766,-0.3334262,0.26436752,0.14235587,0.038640875,0.8792511,0.024361279,-0.17902908,0.906164,0.24380854,-0.047409292,0.04178806,0.08069402,-0.031207284,0.024152823,0.13107377,-0.25907758,-0.18777943,-0.15612662,0.15574579,0.1272507,0.15023455,-0.019656114,-0.2735818,0.10945984,0.5106317,-0.37790745,-0.10014787,-0.22493502,-0.102070756,-0.007486718,0.048946682,0.15749116,0.31010965,-0.35799566,0.027992658,-0.00031030213,0.1956643,0.050344545,0.0133546805,-0.08128239,0.3080505,0.2794113,-0.9786255,0.12987614,0.4678574,0.7363587,0.45354244,-0.93053555,0.09714228,0.3075968,1.7731079,-0.38638842,-0.12746836,-0.091090605,-0.006528474,-0.020190174,0.16045532,-0.08667512,0.0,0.0,0.0,0.0,0.0,0.0
1.6944233,0.24413352,-2.5465922,-0.85436136,-0.07938727,0.16153072,0.40615013,-0.33286068,-0.34770888,0.22689655,0.15129095,0.046801925,0.608426,0.012287859,-0.13778846,0.94509035,0.2372596,-0.052736297,0.046161413,0.103207804,-0.027991207,0.044952467,0.122960515,-0.26274234,-0.17906584,-0.15071385,0.16100037,0.11829194,0.16653924,-0.019900423,-0.23987511,0.11054475,0.5271522,-0.3781584,-0.08133193,-0.21072917,-0.124256015,0.01820571,0.049187213,0.13026409,0.30559862,-0.34554297,0.032163482,0.04988343,0.2307961,0.057137012,0.0048925504,-0.09489891,0.26767588,0.27009258,-0.93056226,0.14724092,0.5243063,0.735758,0.37939838,-0.8977216,0.13318676,0.33442017,1.5932934,-0.28362495,-0.13933906,-0.08518338,0.0011271478,-0.026090197,0.14289849,-0.06354628,0.0,0.0,0.0,0.0,0.0,0.0
1.8748459,0.25652024,-2.4768949,-0.7887148,-0.018098379,0.15842582,0.42449424,-0.2584622,-0.23397061,0.21461442,0.13444555,0.0106582865,0.36984953,0.05622902,-0.106581464,1.0326484,0.26280618,-0.05836717,0.03466014,0.048020314,-0.03790016,0.09283538,0.14403035,-0.25249165,-0.17713352,-0.16061755,0.17810799,0.12988894,0.101599455,-0.029349275,-0.23025185,0.102243125,0.51137465,-0.37828034,-0.03599264,-0.22547881,-0.092729464,0.04478121,0.01859421,0.12971656,0.29382095,-0.34310612,0.077095725,-0.10351174,0.22625303,0.012267603,0.056273706,-0.056719303,0.29985133,0.20435947,-0.9229434,0.33143613,0.21194841,0.7928319,0.51151913,-1.100916,0.10963877,0.44436303,1.5768288,-0.22752436,-0.10617251,-0.11239834,0.010861476,-0.016466858,0.16234678,-0.026160724,0.0,0.0,0.0,0.0,0.0,0.0
1.7647527,0.2563414,-2.4867258,-0.71188676,-0.014560554,0.073183656,0.3889373,-0.20536113,-0.20106894,0.24860482,0.1319672,0.0230298,0.33968684,0.06443233,-0.10080996,1.0700569,0.20069239,-0.038842652,0.044370748,0.06582904,-0.025150046,0.08432014,0.1300618,-0.19670966,-0.17989762,-0.13977784,0.12929834,0.09922809,0.11990963,-0.02267281,-0.20640631,0.11011925,0.447982,-0.34045395,-0.045741744,-0.1591051,-0.08541116,0.054503575,0.018328812,0.09314159,0.2297632,-0.36750862,0.04948593,0.02763117,0.277616,0.084099516,0.034139864,-0.077312395,0.24970171,0.14378685,-0.93497807,0.23587678,0.38332883,0.80703825,0.376637,-0.8730263,0.11304864,0.35279855,1.3188145,-0.17736143,-0.1080043,-0.08311584,0.0153139625,-0.026535552,0.1251812,-0.026630888,0.0,0.0,0.0,0.0,0.0,0.0
1.8488665,0.31098023,-2.4543495,-0.5678837,0.011848388,0.04395061,0.32292894,-0.1663625,-0.15617937,0.24046046,0.10291589,0.0123068355,0.30338898,0.06678293,-0.09165637,1.347914,0.16987604,-0.0306345,0.026954364,0.05456328,-0.016777944,0.056962278,0.13994527,-0.13965096,-0.17984553,-0.12731965,0.120680965,0.1053326,0.086201794,-0.018535217,-0.23128727,0.11125668,0.3964331,-0.38142073,-0.04372261,-0.16020148,-0.08258274,0.058939207,0.01844477,0.09083478,0.25572512,-0.35335112,0.06646731,-0.07020268,0.283259,0.058622412,0.05495294,-0.056885395,0.24039215,0.10858495,-0.96169734,0.30037424,0.24261414,0.8999567,0.38374218,-1.0016181,0.17957507,0.37605712,1.2465119,-0.17835364,-0.10499014,-0.07120453,0.015568428,-0.027017405,0.10376434,0.014202511,0.0,0.0,0.0,0.0,0.0,0.0
2.0178757,0.22611685,-2.3515627,-0.49304584,0.01656774,0.02834423,0.2308767,-0.11815693,-0.18054432,0.24217263,0.08079477,0.029147225,0.33847353,0.05643524,-0.10374899,1.2243437,0.18108612,-0.030328602,0.032169804,0.042819355,-0.0007409436,0.068181515,0.14060137,-0.13638495,-0.14441964,-0.14071697,0.14877786,0.099230714,0.07328936,-0.008294428,-0.2395025,0.11330771,0.3570491,-0.36322933,-0.016874917,-0.19170085,-0.042121,0.042232674,0.0187919,0.10291162,0.23042406,-0.3592451,0.06957119,-0.07164679,0.27955204,0.09359028,0.0517205,-0.04400282,0.2534312,0.0525056,-0.9905086,0.3215797,0.17807613,0.8954819,0.42200905,-1.0946947,0.18841733,0.39569578,1.2338592,-0.1505788,-0.12761511,-0.08992898,0.036824208,-0.025210682,0.115393296,-0.010297674,0.0,0.0,0.0,0.0,0.0,0.0
2.0925653,0.24651636,-2.2718623,-0.46711382,0.03014068,0.08928297,0.04522864,-0.106711894,-0.21398385,0.2591183,0.051308863,0.023163032,0.49637535,0.042970214,-0.12856907,1.4739281,0.14297187,0.022034312,0.033061624,0.03511895,0.0030047027,0.0062889205,0.14374608,-0.10839482,-0.1524526,-0.13529822,0.13363464,0.10295896,0.049309928,-0.0052320603,-0.27602395,0.110854715,0.32097954,-0.37793806,-0.042114265,-0.20064606,-0.005860045,0.03666996,0.0140247075,0.10542736,0.18316932,-0.32956174,0.070683196,-0.07242868,0.24848105,0.15172131,0.055090506,-0.04063963,0.2535049,-0.02712033,-1.0018032,0.3010019,0.18483424,0.9091536,0.44193706,-1.185071,0.20336251,0.39268878,1.292148,-0.18422572,-0.08540258,-0.07391626,0.037472356,-0.01780636,0.0977573,-0.008555871,0.0,0.0,0.0,0.0,0.0,0.0
2.1101346,0.37559035,-2.2843356,-0.36746585,0.047705602,0.112116694,-0.10833711,-0.08633478,-0.23541225,0.2628893,0.031186791,0.020600682,0.54930305,0.01354659,-0.13486344,1.529329,0.12451095,0.05916944,0.0310549,0.024846656,0.009292654,-0.043737482,0.14213017,-0.080848746,-0.14434253,-0.13288383,0.12810135,0.07027098,0.027489316,-0.0011121463,-0.26363355,0.1025964,0.2716746,-0.34406167,-0.03706746,-0.1959084,-0.03914077,0.032363016,0.020396292,0.06684034,0.0740368,-0.35105243,0.05346972,0.006519376,0.2896712,0.17414208,0.047662653,-0.03177549,0.18817435,-0.12930118,-0.9556176,0.24876633,0.24246185,0.8839253,0.29986066,-0.8001179,0.074736685,0.29352915,0.9283669,-0.069535755,-0.040574808,-0.04544282,0.0063696527,-0.0005935642,0.06558514,0.023177166,0.0,0.0,0.0,0.0,0.0,0.0
1.9121126,0.32202876,-2.4478831,-0.31452945,0.0026761189,0.12511833,-0.33344,-0.034755617,-0.15976581,0.33839065,0.0010428599,0.031850673,0.8802359,-0.051767003,-0.12522668,0.8721796,0.0135178855,0.080423936,0.01392864,0.03206541,0.006991804,-0.04583971,0.14151432,-0.10125439,-0.084787935,-0.14265095,0.105350584,0.05308952,0.019912047,0.00976044,-0.2679015,0.068370506,0.2016237,-0.20371409,-0.06296487,-0.20080294,-0.09646993,0.00064990594,-0.002627087,0.044456836,0.012616516,-0.36770788,0.007837773,0.064073585,0.3464733,0.18736248,0.018034112,-0.035359576,0.160371,-0.23631534,-0.96393925,0.09132571,0.26465195,0.865601,0.16803887,-0.9253865,0.21488003,-0.02646512,0.69927883,-0.19766666,-0.0811504,-0.069057226,0.056875568,-0.0051657115,0.0489091,-0.03852013,0.0,0.0,0.0,0.0,0.0,0.0
-2.0081706,-0.17367266,2.3938131,-0.38909185,0.0027552394,0.10460346,-0.36595833,-0.013022788,-0.13142934,0.3733342,-0.002417264,0.02656017,0.9904595,-0.021117521,-0.14524576,1.0057597,0.01637218,0.090361565,0.005883325,0.015073984,0.019740252,-0.04224916,0.14911222,-0.08805808,-0.084561415,-0.14123061,0.09904002,0.044183385,0.008977503,0.0149156805,-0.26813266,0.06883956,0.19229756,-0.2155955,-0.055019803,-0.2004651,-0.090614356,0.026153736,-0.01489116,0.009531903,-0.09904658,-0.31661874,0.0006703384,0.12234785,0.3287261,0.2009598,0.02589981,-0.028880943,0.10065777,-0.36366144,-0.8999352,0.0865995,0.2907795,0.869548,0.117391974,-0.9720756,0.25428617,-0.053485066,0.6734098,-0.21443754,-0.06580891,-0.06194835,0.08153264,-0.011252066,0.03600777,-0.04735922,0.0,0.0,0.0,0.0,0.0,0.0
-2.1965656,-0.27355853,2.139419,0.041394535,0.10676857,0.14892322,-0.4952842,0.025969641,-0.2753958,0.23267674,-0.0597851,0.03317375,0.56635,-0.10533935,-0.104070544,1.5068959,0.05052642,0.106509276,0.02955132,0.0040879203,0.059962604,-0.1266928,0.13521561,-0.04578262,-0.12411808,-0.13233943,0.1561676,0.013910925,-0.03927517,0.026825843,-0.27683985,0.10867534,0.1707733,-0.2711972,-0.027643975,-0.23071927,-0.093790896,0.04729503,0.023809742,0.028751353,-0.09643852,-0.34926954,-0.0013647318,0.0351121,0.38611177,0.20991728,0.012543002,-0.03583866,0.10214531,-0.38735995,-0.8311176,0.17491125,0.1578661,0.8801384,0.20599775,-1.0309544,0.18966702,0.01784127,0.79246753,-0.19636191,-0.07591791,-0.0654763,0.022914408,-0.049698494,0.043177564,0.02272245,0.0,0.0,0.0,0.0,0.0,0.0
-2.1163077,-0.19167374,2.2490332,0.1804939,0.15926543,0.20914026,-0.6878512,0.058500055,-0.32069686,0.18002807,-0.097840115,0.025757343,0.4279596,-0.16944762,-0.08841442,1.7375814,0.04602484,0.14611353,0.014129406,0.010350458,0.041132625,-0.12551706,0.14327216,-0.057611365,-0.14426295,-0.14149207,0.18641159,0.02555158,-0.060106497,0.015791534,-0.31866542,0.113364205,0.19605456,-0.28283486,-0.019681793,-0.27532724,-0.11364181,0.048973285,0.0030443838,0.034700774,-0.06831931,-0.29608023,-0.006362927,-0.029257547,0.2828816,0.1594491,0.039412316,-0.044792503,0.099053614,-0.4144974,-0.835724,0.16618167,0.06680443,0.8261161,0.27146196,-1.2562512,0.26777154,0.044259775,0.83403987,-0.19579141,-0.09656347,-0.080084376,0.02348513,-0.039444245,0.048892267,0.051084667,0.0,0.0,0.0,0.0,0.0,0.0
-2.033981,-0.16997387,2.3485758,0.2543848,0.20707963,0.2450886,-1.0024242,0.12793219,-0.33936128,0.22232422,-0.14310205,0.03186289,0.54688233,-0.23620582,-0.06684535,1.8047856,-0.026915435,0.22545727,0.009549951,0.012511211,0.05067468,-0.15837087,0.14094287,-0.04435661,-0.1398322,-0.14875244,0.1967894,0.015126335,-0.08728392,0.017220307,-0.34002563,0.13576798,0.16973013,-0.26982817,-0.02272294,-0.30012816,-0.13107835,0.04556896,0.007524711,0.035009284,-0.090803415,-0.3052897,-0.0049904147,-0.03755878,0.3004343,0.1542909,0.02349462,-0.039043985,0.055308577,-0.44213152,-0.8243431,0.19566298,0.051664703,0.8716927,0.19611894,-1.1986219,0.27661237,0.070690036,0.94077533,-0.2359285,-0.07997467,-0.07485255,0.03537167,-0.04933098,0.051268265,0.05305806,0.0,0.0,0.0,0.0,0.0,0.0
-2.133201,-0.17739466,2.2486951,0.35603303,0.19672978,0.19674827,-1.1441443,0.16234931,-0.25898144,0.21169722,-0.18910192,0.03181739,0.5109466,-0.27959043,-0.046811968,1.7431531,-0.09090564,0.25215897,0.01462154,-0.002600525,0.06704643,-0.11825673,0.15794349,-0.043916978,-0.08366551,-0.15833914,0.22223283,0.025910493,-0.124685995,0.027771909,-0.3662034,0.12867644,0.15671754,-0.27128688,-0.001529125,-0.33891013,-0.074669,0.0679133,0.0060874936,0.053114925,-0.13943145,-0.19708294,0.0051743607,-0.032241095,0.20614111,0.12878919,0.03135402,-0.029414533,0.076941,-0.4935682,-0.8495393,0.2843759,0.058694422,0.97053134,0.3319486,-1.2031667,0.18809637,0.28339496,1.2385788,-0.26197264,-0.06037545,-0.09910092,0.050914906,-0.060684416,0.08598662,0.040361565,0.0,0.0,0.0,0.0,0.0,0.0
-2.0797567,-0.14971744,2.3008914,0.37027425,0.15975024,0.13773958,-1.0184146,0.10371952,-0.15382142,0.19940536,-0.17988567,0.029243706,0.5643532,-0.26145202,-0.03802267,1.439617,-0.11326958,0.21682148,0.01427275,0.0024979338,0.071567014,-0.08973951,0.17000799,-0.06286578,-0.04808009,-0.16601174,0.20836835,0.032084487,-0.11931751,0.03548624,-0.34731206,0.09236937,0.14521767,-0.22455376,0.00071625126,-0.34009418,-0.10055987,0.060785618,-0.0013855227,0.04768031,-0.102848165,-0.2077445,0.009367103,-0.06465105,0.26456696,0.11446237,0.018485682,-0.026221834,0.094715044,-0.47886765,-0.80501366,0.29521915,0.0016800283,0.9553655,0.32651946,-1.3424625,0.23353744,0.25554958,1.0688117,-0.1819437,-0.048659895,-0.11942785,0.058610145,-0.042274658,0.084694244,0.046446927,0.0,0.0,0.0,0.0,0.0,0.0
-2.170726,-0.08502088,2.2390413,0.39396244,0.15757754,0.11604452,-1.018231,0.08323993,-0.1057991,0.18878415,-0.19177973,0.03141772,0.6961135,-0.2598496,-0.029609324,1.3339198,-0.14192674,0.22207043,0.017531002,-0.0018108761,0.07479683,-0.08665179,0.17788374,-0.069776475,-0.035807475,-0.17734176,0.20762825,0.039644223,-0.12644257,0.0408489,-0.37331644,0.08538915,0.14224721,-0.21436875,0.0032158413,-0.36047032,-0.07432491,0.06348829,-0.011837046,0.04833317,-0.120972954,-0.15007949,0.009341641,-0.05353671,0.19902356,0.10443307,0.02898722,-0.024726639,0.11097881,-0.49709645,-0.7933507,0.32875824,0.0024918441,0.9423031,0.3998993,-1.4409002,0.23273346,0.36388904,1.2506564,-0.19758804,-0.045572944,-0.1428526,0.056781415,-0.04150094,0.10841552,0.050113045,0.0,0.0,0.0,0.0,0.0,0.0
-2.168479,-0.094120055,2.2161443,0.3953367,0.1620239,0.11070896,-0.9655555,0.06964181,-0.05257861,0.1916942,-0.19624382,0.019594682,0.7126268,-0.25538397,-0.027792208,1.0737234,-0.14734921,0.18829997,0.012326196,-0.023599403,0.076440595,-0.07287802,0.18582822,-0.0891217,-0.009401061,-0.18793705,0.21626636,0.045340084,-0.1460867,0.04301223,-0.36085862,0.07407501,0.14292598,-0.18782094,0.009608758,-0.38581806,-0.07200021,0.061258458,-0.01091991,0.048957076,-0.1086016,-0.14568464,0.012873424,-0.09879505,0.20602648,0.09803057,0.027777297,-0.010985379,0.112652704,-0.50037444,-0.7608281,0.36175033,-0.06480219,0.9455289,0.40561703,-1.469001,0.21962658,0.39163348,1.3274213,-0.21273135,-0.033562005,-0.1573062,0.06681124,-0.048651062,0.12251316,0.044335134,0.0,0.0,0.0,0.0,0.0,0.0
-2.1395552,-0.087780945,2.206177,0.4356956,0.15408427,0.070767894,-0.8839588,0.04977857,0.0068935016,0.16894798,-0.21086466,0.012164612,0.67593133,-0.25238544,-0.024334097,0.8003159,-0.16926333,0.15214075,0.019692088,-0.03630616,0.08353405,-0.06637267,0.19270843,-0.09222315,0.019916473,-0.2026139,0.21738662,0.035133734,-0.1583917,0.047596462,-0.33111978,0.06463995,0.11978193,-0.14262593,0.029839557,-0.39197975,-0.058107175,0.061363697,-0.011863769,0.035846006,-0.16620934,-0.11563622,0.008449605,-0.06832971,0.20065682,0.099520884,0.014381586,0.00076162245,0.1074708,-0.54380167,-0.6886052,0.39104682,-0.06728945,0.93207854,0.42960352,-1.4441881,0.16454592,0.44675055,1.3341684,-0.16827406,-0.023797533,-0.18231168,0.061535418,-0.055626858,0.14228578,0.055060152,0.0,0.0,0.0,0.0,0.0,0.0
-2.1770458,-0.052418213,2.168246,0.49437967,0.17180938,0.071442604,-0.8131243,0.03343853,0.031686544,0.13796197,-0.21951418,0.008533399,0.692377,-0.27079484,0.0059175217,0.5394809,-0.18238796,0.10138382,0.015280637,-0.038999952,0.08255406,-0.051432967,0.19037917,-0.11644682,0.057944067,-0.20139956,0.22810046,0.029964186,-0.16743739,0.053694177,-0.3416015,0.05822533,0.11681001,-0.12026594,0.009513229,-0.40531585,-0.07933519,0.045861203,-0.0071226545,0.04906447,-0.12813161,-0.1386971,-0.008535125,-0.092482656,0.20102176,0.06256497,0.011753376,-0.00034231364,0.124221794,-0.53570783,-0.7634683,0.35860193,-0.06474032,0.95026594,0.42535958,-1.4209095,0.16961084,0.37476546,1.3064297,-0.21971978,-0.05832222,-0.18086408,0.05096305,-0.07346101,0.13633853,0.055972666,0.0,0.0,0.0,0.0,0.0,0.0
-2.1780322,-0.046600707,2.1575649,0.47525486,0.14203405,0.045773767,-0.7379439,0.033878095,0.07007054,0.13402167,-0.20646626,0.011711353,0.8994959,-0.22863843,0.0055088135,0.42448932,-0.16451895,0.085366726,0.007693096,-0.04493407,0.081879005,-0.060297254,0.18464321,-0.10829144,0.06635855,-0.20367141,0.20153464,0.038618036,-0.15749618,0.058139052,-0.36589348,0.055246156,0.103316665,-0.12076257,-0.00033808014,-0.38751033,-0.07034754,0.040225897,-0.009960445,0.051659018,-0.12091356,-0.1398337,-0.012116573,-0.08004192,0.18053065,0.06485002,0.025623174,-0.0009302376,0.12541254,-0.5218721,-0.81888336,0.34385002,-0.017388772,0.9571561,0.41282058,-1.3156034,0.15080778,0.36131924,1.3065631,-0.24332477,-0.071346305,-0.1723278,0.041386437,-0.07601417,0.13278411,0.04774048,0.0,0.0,0.0,0.0,0.0,0.0
-1.9976045,-0.08699773,2.3312101,0.4213426,0.09159552,0.0125474045,-0.6701753,0.0331717,0.09947365,0.14899929,-0.17313725,0.014880074,1.0842153,-0.19470634,-0.0106479395,0.4504614,-0.15648401,0.08791728,0.0030235595,-0.03152783,0.07588938,-0.07233581,0.1835921,-0.09188286,0.03968526,-0.20908125,0.16201827,0.044866834,-0.12958981,0.05295823,-0.3597888,0.047966767,0.09196975,-0.1187143,-0.003660516,-0.34859595,-0.09260117,0.016796004,0.00097409525,0.05710017,-0.087566815,-0.20598118,-0.014714179,-0.07198586,0.246987,0.10334587,0.008930809,-0.003139045,0.16007589,-0.4678273,-0.83372825,0.3161535,0.01648437,0.9375995,0.380546,-1.2921144,0.16621028,0.29604882,1.222442,-0.24427344,-0.059266232,-0.16135421,0.039133057,-0.054406244,0.12243064,0.033711296,0.0,0.0,0.0,0.0,0.0,0.0
-1.9613675,-0.13068014,2.3876975,0.37385708,0.081792526,-0.0014808684,-0.5755846,0.032417573,0.11157396,0.15804505,-0.15082526,0.012496914,1.2019709,-0.16002314,-0.027657365,0.3877206,-0.13766092,0.08349105,-0.0035749848,-0.035506226,0.073487304,-0.075754106,0.17983909,-0.08895033,0.03575556,-0.20937131,0.13662128,0.045977835,-0.11682685,0.047846384,-0.33862275,0.03935649,0.086167775,-0.12175588,-0.011581571,-0.31966054,-0.10339364,0.014494306,0.0069181747,0.051469833,-0.0635459,-0.2365711,-0.014802794,-0.078293845,0.27816927,0.1101082,0.008418003,-0.0067130476,0.14364946,-0.40369138,-0.81319946,0.30100998,0.03983753,0.9142908,0.2932565,-1.1242515,0.13448107,0.26052207,1.1988379,-0.25154608,-0.02448946,-0.13881022,0.027797526,-0.044140562,0.11310566,0.026570614,0.0,0.0,0.0,0.0,0.0,0.0
-2.0339851,-0.17083824,2.3353858,0.31142414,0.05826049,0.0012620257,-0.5423033,0.042541638,0.0998669,0.18652718,-0.13555971,0.019570045,1.3168628,-0.13735583,-0.035508774,0.39277104,-0.12252053,0.06068228,0.0049549295,-0.038562138,0.0712725,-0.08109075,0.17171016,-0.070860885,0.03049341,-0.20927641,0.11788523,0.04028803,-0.101124965,0.047358822,-0.35207734,0.05848803,0.066115305,-0.12783636,-0.0016285871,-0.28747603,-0.062480774,0.028008772,0.002694813,0.053507186,-0.106558695,-0.23710144,-0.009996039,-0.0058787144,0.25965023,0.12435636,0.016529392,-0.004268998,0.13204594,-0.39686203,-0.8697678,0.30484077,0.10768169,0.961223,0.27254015,-0.9100401,0.0721172,0.3166075,1.2676301,-0.2777078,-0.046113834,-0.13406983,0.022139315,-0.07003386,0.12073987,0.016577166,0.0,0.0,0.0,0.0,0.0,0.0
-1.9999954,-0.19802022,2.376832,0.13209487,0.027449213,-0.025863724,-0.547906,0.057248667,0.10004906,0.24685942,-0.10379006,0.029803414,1.6257178,-0.097424224,-0.10354644,0.59642935,-0.102713846,0.08547634,-0.015220082,-0.035769448,0.07302519,-0.09523177,0.1743146,-0.042010807,-0.015045341,-0.20243749,0.08642139,0.052410074,-0.07923271,0.043705355,-0.36263728,0.047851548,0.05895771,-0.16283475,-0.0027337878,-0.25815183,-0.08349522,0.023675598,-0.0043711374,0.059471097,-0.06794262,-0.25137404,-0.0051898267,-0.032544937,0.28513864,0.1490696,0.02157992,-0.014492667,0.15580563,-0.3338434,-0.85640186,0.26311707,0.06520411,0.9201841,0.28848305,-0.90073085,0.067562126,0.25825885,1.1687138,-0.2667,-1.999317e-05,-0.11566836,0.0024758305,-0.025168145,0.09864585,0.012289922,0.0,0.0,0.0,0.0,0.0,0.0
-2.0801764,-0.17131867,2.314602,-0.02885814,0.027977435,0.03725143,-0.4268166,0.03071726,0.018616142,0.23321699,-0.06749066,0.033768117,1.8162067,-0.0959102,-0.14846565,0.68145674,-0.060978454,0.09400987,-0.016861679,-0.021006253,0.050708752,-0.10415366,0.17768167,-0.04245375,-0.058878954,-0.20502032,0.058825634,0.061087076,-0.041425545,0.034449015,-0.36984888,0.04136183,0.087017626,-0.18903701,-0.012144705,-0.2217941,-0.052176815,0.009710106,-0.012410681,0.046830863,-0.10653208,-0.22406878,-0.013217563,0.07999095,0.21577324,0.17831437,0.03392625,-0.02091506,0.13972402,-0.31100258,-0.8781341,0.1576299,0.21449512,0.8363024,0.23059413,-0.6220745,-0.0030350487,0.15378584,0.77948207,-0.12078244,-0.008234759,-0.07841841,-0.04478448,-1.889099e-05,0.0629278,0.046045735,0.0,0.0,0.0,0.0,0.0,0.0
1.8497852,0.14595534,-2.50987,-0.11119083,0.058028806,0.04112076,-0.42139745,0.015122868,-0.1381308,0.2577295,-0.03866299,0.035971433,0.79492265,-0.014963743,-0.13468578,1.7266511,0.032372504,0.13483728,-0.0043317964,0.006991186,0.038245533,-0.08526797,0.15694767,-0.0141242985,-0.15610054,-0.15298991,0.09239713,0.05406242,-0.010364017,0.011027229,-0.3110394,0.09711804,0.16003506,-0.30421808,-0.019628504,-0.17536674,-0.07007862,0.028154185,0.014444271,0.050703585,-0.026128797,-0.31511512,-0.010308087,0.035547942,0.25501862,0.18759601,0.03141534,-0.05137794,0.12400764,-0.24669492,-0.93211126,0.121741936,0.24063201,0.8542269,0.19406784,-0.67718863,0.09707646,0.054500524,0.84207237,-0.24205093,-0.04204037,-0.04116233,-0.016365543,-0.019214403,0.045942556,0.035343632,0.0,0.0,0.0,0.0,0.0,0.0
1.8681109,0.16733602,-2.4839363,-0.20838366,0.0180656,0.0023993372,-0.22922951,0.0030853646,-0.01387507,0.2302493,-0.01281589,0.027215311,1.3249348,-0.013151419,-0.1734718,1.1537262,0.00027797776,0.10711445,-0.014745485,-0.004047025,0.032304395,-0.061597154,0.17814049,-0.048641164,-0.11173639,-0.18170588,0.060758248,0.07864461,0.001009895,0.012491437,-0.3130915,0.051362775,0.16141632,-0.25127977,-0.020525368,-0.18052378,-0.06228187,0.010372562,0.009100536,0.050812792,-0.03258015,-0.25729716,-0.027725767,0.084428966,0.19375755,0.19951484,0.025331073,-0.04729378,0.17632657,-0.20367281,-0.92293435,0.114417784,0.33807617,0.8145672,0.25013188,-0.6668582,0.021454887,0.13129358,1.0479608,-0.25417635,-0.028720103,-0.06092266,-0.03877302,-0.028051086,0.07112954,0.017114505,0.0,0.0,0.0,0.0,0.0,0.0
1.6761296,0.20171402,-2.5940871,-0.5016979,-0.044120494,0.07620015,0.017045893,-0.004067408,-0.020604463,0.26035386,0.046843342,0.02200638,1.8989125,-0.008082837,-0.234039,0.29325166,0.034387607,0.044486232,0.019290147,-0.0016099658,0.014001422,-0.062462974,0.1515888,-0.10813235,-0.08560633,-0.17312932,0.013519446,0.08818159,0.043175835,0.014338111,-0.34346196,0.0380195,0.18565615,-0.22220145,-0.0753922,-0.16638455,-0.063759014,0.020279352,-0.021724598,0.055172242,-0.0733724,-0.21770489,-0.004201325,0.23159704,0.16251722,0.12460411,0.037704147,-0.04532886,0.21501485,-0.15121204,-0.941732,0.14960253,0.49630904,0.8182217,0.38713458,-0.7647486,0.01456729,0.3751739,1.3634174,-0.24998799,-0.023654252,-0.10129583,-0.006317608,-0.024267605,0.117427625,-0.043274075,0.0,0.0,0.0,0.0,0.0,0.0
1.6597549,0.2024633,-2.5979512,-0.58554304,-0.058152884,0.12235142,0.12721536,-0.060034197,-0.08363541,0.23972552,0.06906345,0.02903774,1.7965406,0.0051890095,-0.23163965,0.21872212,0.0906487,0.028971003,0.020979498,0.018856376,0.006840731,-0.05833002,0.14204568,-0.1379086,-0.10299274,-0.15466441,0.02554185,0.08863744,0.06957686,0.014920969,-0.33626792,0.053397436,0.2307949,-0.22394621,-0.11996563,-0.17783265,-0.058419295,-0.0033967781,-0.0070251673,0.07882702,0.045299493,-0.2607196,0.011123021,0.14671727,0.2070862,0.14811654,0.037546016,-0.045282718,0.23573852,-0.101861626,-1.012919,0.1253905,0.4648611,0.8658867,0.38001436,-1.0109677,0.17620288,0.2868643,1.3787911,-0.3284221,-0.08551528,-0.0910603,0.011296283,-0.039733853,0.099347174,-0.056227215,0.0,0.0,0.0,0.0,0.0,0.0
1.7273742,0.17128646,-2.5457208,-0.57400274,-0.054349136,0.09349643,0.16726054,-0.10075923,-0.12791143,0.21725628,0.07679334,0.04212245,1.4982548,0.023596818,-0.21312732,0.42381877,0.10763307,0.019607076,0.031159451,0.033690806,0.015722949,-0.040353596,0.1447963,-0.13440555,-0.11249728,-0.14505045,0.057470024,0.085377224,0.09150698,0.01947999,-0.31848416,0.07207937,0.26145726,-0.25342193,-0.109560914,-0.18087386,-0.03919121,-0.004759343,0.015700467,0.08735887,0.06328153,-0.2523208,0.0063327174,0.15576383,0.20127217,0.18188725,0.022234395,-0.048964534,0.26492023,-0.10966018,-1.0398961,0.111434326,0.50421137,0.8732256,0.4324608,-1.1339498,0.20444082,0.25903213,1.3974833,-0.3409254,-0.11428717,-0.095564015,0.011094523,-0.04251139,0.1005671,-0.05880957,0.0,0.0,0.0,0.0,0.0,0.0
1.6505667,0.19976363,-2.6140015,-0.51066685,-0.03322414,0.12881193,0.20535941,-0.17752287,-0.2127528,0.18085901,0.091150604,0.044560764,1.0213175,0.0073651937,-0.14127517,0.5784618,0.11988016,-0.0017514579,0.033590857,0.07384579,-0.0063241953,-0.0244443,0.12345165,-0.16882935,-0.1294049,-0.12034941,0.09983005,0.088600785,0.1200564,0.002483638,-0.30136156,0.102208436,0.334968,-0.28278,-0.12200532,-0.19703786,-0.09042378,0.023917738,0.014679784,0.10399231,0.17103139,-0.2808491,0.02699005,0.097840905,0.21151371,0.11226585,0.037388775,-0.07063107,0.26534113,-0.0030160726,-1.0646346,0.15337925,0.50846285,0.92020625,0.37946734,-1.2204629,0.30710596,0.2771171,1.5008014,-0.3597757,-0.16528907,-0.088782474,0.010828143,-0.07493061,0.10800299,-0.04020148,0.0,0.0,0.0,0.0,0.0,0.0
1.5502295,0.19284336,-2.6827435,-0.5402427,-0.03731843,0.14764065,0.2437477,-0.240297,-0.28707877,0.1761267,0.104322195,0.057997484,0.76157767,-0.0045529045,-0.12249056,0.5927937,0.14821477,-0.01038556,0.047338385,0.09758498,-0.008552442,-0.013290498,0.11665468,-0.19910981,-0.12922436,-0.11645259,0.13275142,0.08828928,0.1485508,0.003043582,-0.27076942,0.109179825,0.38515005,-0.2784415,-0.12558994,-0.20501351,-0.0931104,-0.00071523443,0.03210557,0.11440539,0.19480056,-0.29127115,0.016294327,0.1359191,0.21305938,0.1094851,0.008900235,-0.075509354,0.2844735,0.032573693,-1.0517653,0.094616435,0.5660418,0.84710133,0.38109544,-1.2897074,0.33495918,0.23689152,1.4608755,-0.33430538,-0.18997124,-0.09680099,0.024658188,-0.05948287,0.11340253,-0.0658481,0.0,0.0,0.0,0.0,0.0,0.0
