0.17046319,-1.1793481,0.0004943363,-0.3236709,-0.06524231,-0.07113262,-0.28451297,0.056526653,-0.016343234,0.21592608,0.0115620205,0.031070277,0.8226213,-0.02020234,-0.046934403,1.2016505,-0.0056221234,0.033417452,0.0451847,0.013515498,0.038132977,-0.10521977,0.12072225,-0.09799358,-0.03506929,-0.12536576,0.15721156,0.014329003,0.015955953,0.019388614,-0.1622189,-0.1310617,0.20381665,-0.16219187,0.0785062,-0.15317038,-0.1861999,-0.06406369,0.021883098,0.11624962,-0.011651333,-0.307163,0.09306326,0.030291928,0.31401277,-0.04285623,-0.062847495,-0.011405052,0.2189428,-0.13324423,-1.0350846,0.23435149,0.17405711,0.9870025,0.37286326,-1.7966774,0.38539016,0.40884614,1.7775629,-0.35694188,-0.11955374,-0.15133949,0.12960428,-0.14277826,0.16869542,-0.11646563,-0.0693982,0.018530084,-0.18679067,-0.073123395,-0.018535249,0.1832372
0.16566572,-1.2011029,0.0011043025,-0.36119685,-0.090310305,-0.084087566,-0.34074742,0.075229764,0.008562968,0.2689607,-0.0055777575,0.033642575,0.8713102,-0.022071237,-0.062183328,1.428657,0.00603371,0.06138703,0.041312926,-0.00043344527,0.04411191,-0.21349292,0.13064797,-0.030447682,-0.11423061,-0.12733905,0.11109834,0.039010853,0.0033507922,0.019742502,-0.14964908,-0.11597935,0.18479218,-0.1668283,0.06781869,-0.17720465,-0.23131092,-0.069266,0.024625277,0.079024576,-0.04367813,-0.31286922,0.07622839,0.02151106,0.32236183,-0.038158465,-0.07688699,0.0011066128,0.1937858,-0.20121925,-1.0070834,0.24839011,0.1632029,1.005943,0.32987112,-1.7622402,0.39536136,0.38728163,1.7363058,-0.3487652,-0.11498752,-0.14814034,0.17706075,-0.14650437,0.16063683,-0.16450793,-0.038094047,0.008098907,-0.1679847,-0.041619103,-0.0067063426,0.15429032
0.16330463,-1.2089008,-0.00057704287,-0.32986307,-0.08824656,-0.08714163,-0.4685899,0.096726716,-0.0005896826,0.31332964,-0.03601875,0.03818516,0.8448823,-0.04340078,-0.060836136,1.6011801,-0.012259366,0.09381563,0.0319158,0.00012710008,0.04521043,-0.26855576,0.13155362,-0.0018800751,-0.15066712,-0.11824935,0.093208514,0.051504936,-0.0076672337,0.016600925,-0.1525612,-0.10472318,0.1649439,-0.17368399,0.07442855,-0.1946191,-0.26119053,-0.060835656,0.019560799,0.048146866,-0.076956846,-0.30594474,0.072578266,0.016178567,0.31538424,-0.05070373,-0.07001402,0.006872819,0.16264592,-0.2652699,-0.99059546,0.25464028,0.13998514,1.0192448,0.29230648,-1.7804654,0.4354112,0.38087854,1.7141676,-0.33130848,-0.10983173,-0.14345315,0.21074018,-0.14809455,0.16385356,-0.1921696,-0.027451085,0.0057544033,-0.15785344,-0.032946322,-0.0014907568,0.1426593
0.16370676,-1.20725,-0.003686313,-0.2515181,-0.06805529,-0.080413535,-0.6313008,0.11821442,-0.028917039,0.34643152,-0.07372964,0.04499979,0.7652867,-0.075004935,-0.048176218,1.7113758,-0.04919092,0.12444697,0.020261394,0.009400074,0.04369674,-0.27352,0.12504737,-0.0061665606,-0.15430607,-0.1015736,0.09528531,0.054375153,-0.017420305,0.012199023,-0.16762269,-0.09768124,0.14741692,-0.1817987,0.09014201,-0.20729402,-0.27792886,-0.043247525,0.009440898,0.024137786,-0.1089965,-0.28993133,0.0778618,0.0136846285,0.29755503,-0.07308429,-0.049672514,0.0076874783,0.12997997,-0.3240142,-0.98257875,0.2552911,0.11193017,1.0275121,0.26082093,-1.8273798,0.48829365,0.3839962,1.7086259,-0.30773386,-0.105688654,-0.13874473,0.23322012,-0.15064898,0.1751312,-0.20409621,-0.02938933,0.008178456,-0.1538519,-0.038143855,-0.00046743522,0.14251871
0.1677573,-1.2017534,-0.0077904444,-0.14711623,-0.039055936,-0.062372975,-0.78441834,0.135869,-0.05820255,0.36301273,-0.1120621,0.05472329,0.65014887,-0.105522715,-0.02948937,1.7429099,-0.0931142,0.14447784,0.010467322,0.020570897,0.042219054,-0.2255909,0.111887686,-0.040070575,-0.13472874,-0.08042606,0.108605236,0.05029362,-0.026600666,0.009320189,-0.1919109,-0.09674706,0.1364021,-0.19049282,0.10450325,-0.21636009,-0.28250325,-0.02023118,-0.0022746846,0.008350416,-0.13608313,-0.267758,0.08667607,0.014096342,0.27263114,-0.09701045,-0.02418433,0.005530565,0.1015449,-0.37358055,-0.9794868,0.25263476,0.090428896,1.0305778,0.23741962,-1.8733611,0.53140795,0.38919553,1.7323084,-0.28375193,-0.104298875,-0.13619024,0.24626581,-0.16154861,0.19314486,-0.2044326,-0.03511169,0.011810768,-0.15355512,-0.04736834,-0.0012391768,0.14778934
0.1749689,-1.1944637,-0.010888622,-0.050471816,-0.01345245,-0.035678405,-0.8990015,0.14760824,-0.07711245,0.36673805,-0.14349598,0.068193875,0.54100907,-0.12738422,-0.011730594,1.7059097,-0.12933503,0.15225963,0.004332466,0.028649144,0.044043083,-0.13738,0.09556008,-0.09019091,-0.10690947,-0.058255836,0.123026356,0.040516872,-0.03353233,0.010543079,-0.22291262,-0.09965114,0.13459426,-0.19624521,0.1098747,-0.2285723,-0.2818264,0.00088985567,-0.014116943,-0.000819863,-0.16083278,-0.24587041,0.09548771,0.01950375,0.25048175,-0.1119205,-0.0016948081,0.00079262163,0.0791309,-0.423012,-0.9799016,0.24753512,0.08370637,1.035069,0.21754336,-1.8923272,0.5567497,0.39386332,1.7252117,-0.25573635,-0.10708786,-0.13470471,0.25711358,-0.1727556,0.20584308,-0.2017731,-0.03274329,0.011197089,-0.15237655,-0.048211988,0.00089108787,0.15004963
0.18398571,-1.189933,-0.010181241,0.03609878,0.009360911,-0.0058611576,-0.9680615,0.15744917,-0.08425032,0.35906884,-0.16834284,0.08019135,0.45129803,-0.14135845,0.0023961358,1.6075294,-0.15630111,0.14629987,0.003943418,0.03367666,0.04517714,-0.034757853,0.0788676,-0.14558357,-0.06983417,-0.043824773,0.13791575,0.03057036,-0.04100264,0.013050187,-0.24550954,-0.10033366,0.13879013,-0.20332584,0.1153184,-0.2359726,-0.27514642,0.014911351,-0.024067903,-0.0028250164,-0.17655699,-0.22644278,0.106659725,0.018604102,0.23062396,-0.12577476,0.015397584,-0.0012479315,0.066932224,-0.46168533,-0.9807813,0.24411999,0.06821078,1.0311211,0.21055904,-1.9089013,0.5575415,0.39960733,1.7070502,-0.22465087,-0.11489139,-0.13796599,0.258012,-0.18006222,0.2171392,-0.19266537,-0.031807452,0.011277297,-0.15330516,-0.049564008,0.0017486152,0.15216346
0.19258805,-1.1894708,-0.006361001,0.11202407,0.029098192,0.021249296,-0.9932254,0.16766681,-0.07834184,0.34203678,-0.1896888,0.08984027,0.38259202,-0.14836948,0.012533735,1.4567151,-0.1714737,0.12952729,0.00932391,0.03292075,0.045533817,0.064510874,0.06621828,-0.19862247,-0.025458004,-0.04079191,0.15132797,0.024113078,-0.050550878,0.015815351,-0.2591037,-0.0972164,0.14635678,-0.21087334,0.12350438,-0.23939529,-0.26043242,0.021897951,-0.032986015,0.0005572538,-0.17818792,-0.21206631,0.12192766,-0.0019537148,0.2107695,-0.14001253,0.030865207,0.00023832131,0.06143249,-0.48417848,-0.9783803,0.24659587,0.026059687,1.0144409,0.20966461,-1.9333024,0.54104346,0.39960322,1.7065045,-0.19986519,-0.12646714,-0.14649522,0.25431114,-0.18476067,0.22928548,-0.18212418,-0.031727117,0.012600548,-0.15438294,-0.05089964,0.00080100365,0.15345989
0.19965182,-1.1910605,-0.0002618007,0.17620513,0.044544883,0.040727068,-0.9745147,0.17554905,-0.06270496,0.31728095,-0.20659758,0.097270325,0.3299426,-0.14818154,0.02024253,1.2661339,-0.17511,0.104168475,0.019643037,0.02691693,0.045793742,0.1535146,0.059356898,-0.24516411,0.023726221,-0.04589522,0.16402791,0.021697551,-0.060004298,0.017823078,-0.26804808,-0.09119371,0.1559379,-0.21811068,0.13237816,-0.23938781,-0.23768307,0.020690262,-0.040474385,0.0072781867,-0.16711912,-0.20317507,0.1370316,-0.037730135,0.18907411,-0.15326771,0.0451462,0.0046777637,0.06345061,-0.4890615,-0.97534275,0.2540215,-0.03274891,0.98811924,0.21399413,-1.9601215,0.5102569,0.3932041,1.732938,-0.1835431,-0.13945898,-0.15869446,0.24894133,-0.19023088,0.24201965,-0.17264394,-0.033084687,0.014377789,-0.15524769,-0.052039906,-0.0014031811,0.15427354
0.20464003,-1.1948329,0.0062318016,0.2269629,0.05670263,0.05279179,-0.9264818,0.17992686,-0.04135718,0.2881943,-0.21966434,0.10298432,0.2910449,-0.14361809,0.02580908,1.055639,-0.17129457,0.07369411,0.032431282,0.01641777,0.046128463,0.2290971,0.056417067,-0.28463253,0.07258316,-0.054931942,0.17501909,0.022972897,-0.06950034,0.019015802,-0.2748871,-0.08514607,0.16447766,-0.22290064,0.13952173,-0.23730275,-0.21076047,0.0172637,-0.04809702,0.015248022,-0.15083838,-0.19698288,0.15247713,-0.08246064,0.16632594,-0.16589098,0.059771188,0.010368281,0.07199341,-0.48496902,-0.97335404,0.2680348,-0.10052342,0.96160746,0.22584015,-1.9870354,0.46787718,0.3872619,1.7869359,-0.17014162,-0.15199971,-0.1725884,0.24272598,-0.20012395,0.25579238,-0.16406034,-0.036109023,0.016585462,-0.15617253,-0.05354563,-0.004493728,0.15512088
0.20766525,-1.2004491,0.012173798,0.2620784,0.065698184,0.059880156,-0.85611,0.17756894,-0.01730952,0.2561222,-0.22674534,0.10749187,0.26993635,-0.13262005,0.02944393,0.84254915,-0.1654079,0.042092282,0.046133243,0.0041611977,0.047397524,0.29240122,0.055869527,-0.3166979,0.11718497,-0.0630982,0.18294546,0.025784919,-0.076183446,0.020302437,-0.28209034,-0.082049094,0.17276539,-0.22370778,0.14197789,-0.23208505,-0.1834607,0.014570275,-0.05363475,0.023775572,-0.13377188,-0.19291304,0.1626799,-0.12030121,0.14707328,-0.17444739,0.07260652,0.014013639,0.08622363,-0.47234964,-0.9759734,0.28214967,-0.1494781,0.94433063,0.24466899,-2.0023675,0.42065898,0.3792454,1.8660798,-0.16609679,-0.16100904,-0.18569532,0.234692,-0.21622351,0.26927555,-0.15624166,-0.040856447,0.018354343,-0.15748008,-0.05527881,-0.007867718,0.15651849
0.20819691,-1.2078592,0.017646756,0.26611394,0.0689759,0.06264825,-0.78483987,0.17170721,0.004510982,0.2309894,-0.2255536,0.111045964,0.3021126,-0.11642251,0.028708935,0.6712647,-0.15766752,0.01699469,0.057605814,-0.006281958,0.05010868,0.33161366,0.05673256,-0.33295307,0.14503114,-0.06848077,0.18180616,0.027248153,-0.077980705,0.022346335,-0.28559202,-0.08041943,0.17978182,-0.21701771,0.14013499,-0.22618744,-0.16584142,0.0133435195,-0.056968104,0.030580856,-0.12669824,-0.19334549,0.16578296,-0.13608812,0.14174126,-0.17476167,0.080541424,0.0124511765,0.10337468,-0.46381512,-0.9870935,0.2894692,-0.16265392,0.9456816,0.26855043,-1.9978312,0.3800022,0.3749399,1.8969628,-0.16581614,-0.1637747,-0.19440222,0.22530183,-0.225113,0.2720595,-0.15143289,-0.044811033,0.017907424,-0.15870406,-0.05570481,-0.009605067,0.15696733
0.20542209,-1.2199179,0.021478137,0.24207078,0.06805648,0.06359132,-0.72953236,0.16547497,0.022509448,0.2126948,-0.21925345,0.11298548,0.40050945,-0.10059482,0.021786198,0.5696683,-0.14920802,0.0033450576,0.064714275,-0.013590973,0.052119467,0.34165844,0.059806935,-0.33250198,0.14645691,-0.07305193,0.16635793,0.029390065,-0.0773515,0.023884458,-0.28497553,-0.0804142,0.1854867,-0.20637944,0.13610794,-0.21735811,-0.1569926,0.014273328,-0.057715457,0.038749762,-0.12179177,-0.19713609,0.16462676,-0.13772435,0.14558497,-0.16977742,0.084071234,0.0075458484,0.12292406,-0.4495378,-1.0037634,0.2903623,-0.15248662,0.95692354,0.29436612,-1.9913516,0.35035497,0.37157628,1.9102039,-0.16995421,-0.16518682,-0.19986889,0.2140202,-0.229324,0.27018067,-0.14793628,-0.049386658,0.01779113,-0.1606195,-0.05633721,-0.011666481,0.1585041
0.19802986,-1.2398643,0.021871245,0.19733468,0.06306363,0.061536252,-0.6936524,0.16359527,0.039731786,0.20326833,-0.20966764,0.1129088,0.5558396,-0.087469555,0.010132874,0.5444351,-0.13854988,0.0021332751,0.06723703,-0.017073438,0.052688006,0.32420242,0.06700588,-0.3171683,0.116036564,-0.07883933,0.13355373,0.03278741,-0.075061366,0.025112879,-0.27950644,-0.080746345,0.18967752,-0.19217978,0.13071555,-0.2032467,-0.1567115,0.01764875,-0.05617834,0.04676221,-0.117691666,-0.20343563,0.15959394,-0.12739165,0.15565245,-0.16042039,0.08386158,0.00010052298,0.14259675,-0.42778158,-1.0188636,0.2869376,-0.12417649,0.96713877,0.31800705,-1.9828383,0.33122414,0.37155452,1.9173797,-0.17814857,-0.16331472,-0.20228352,0.20319887,-0.22812943,0.26567236,-0.14661868,-0.053239517,0.018239977,-0.16265869,-0.0566174,-0.014261711,0.16148418
0.18547438,-1.2667948,0.018826364,0.13797005,0.053573046,0.057609614,-0.6688578,0.16512057,0.05683216,0.20156369,-0.19541547,0.1113712,0.7454301,-0.07666288,-0.0064414274,0.58388525,-0.12342854,0.010311507,0.06705629,-0.015850805,0.05190191,0.28750622,0.0774302,-0.29241768,0.05413583,-0.0862503,0.08589699,0.036100354,-0.06989779,0.026417682,-0.26917586,-0.08067179,0.19241056,-0.174958,0.122168235,-0.18560198,-0.16498598,0.020877803,-0.052667227,0.055101335,-0.1089814,-0.21657385,0.15153022,-0.10925199,0.17457612,-0.14545783,0.07829229,-0.0087750815,0.16192444,-0.39518365,-1.0313374,0.27643946,-0.08262256,0.97219205,0.33646354,-1.9627224,0.32231212,0.37184706,1.9037629,-0.19407925,-0.15738347,-0.20053189,0.19492605,-0.21888281,0.25572175,-0.1492954,-0.055081602,0.018039992,-0.16376494,-0.05563572,-0.016062384,0.16386126
0.16913413,-1.2953593,0.0144592505,0.06341553,0.03858494,0.05362675,-0.64160407,0.16593753,0.07453044,0.2070658,-0.1733956,0.107888095,0.95182836,-0.067401044,-0.026865674,0.6570209,-0.10268763,0.0226313,0.064776,-0.009670312,0.049267154,0.24032806,0.090420835,-0.26362324,-0.03155666,-0.097235456,0.029448025,0.039176878,-0.06080995,0.027891323,-0.2559403,-0.08027209,0.19344299,-0.15555134,0.11005608,-0.1662781,-0.18257833,0.02275218,-0.047028977,0.062356155,-0.09548367,-0.23527229,0.14004429,-0.082356974,0.20133518,-0.12785174,0.06694987,-0.018342739,0.18113701,-0.35367316,-1.0397722,0.26064363,-0.029321404,0.97014123,0.3489727,-1.9304118,0.31898442,0.3731302,1.8668882,-0.21332656,-0.14787972,-0.19453646,0.18967211,-0.20109335,0.24039273,-0.15469925,-0.05474171,0.016987916,-0.16333558,-0.05301177,-0.01659845,0.16485189
0.15111631,-1.3206123,0.010953764,-0.02505294,0.018810188,0.049466204,-0.5979748,0.16111483,0.09167107,0.21708426,-0.14321476,0.10102836,1.1473871,-0.057103693,-0.048025392,0.723826,-0.07641715,0.033785254,0.060971715,-0.00083455234,0.04512293,0.19067356,0.105043896,-0.23511367,-0.12211996,-0.11217687,-0.023630224,0.042830665,-0.04893069,0.029544024,-0.24293993,-0.079959065,0.19438913,-0.13849306,0.096290976,-0.1477032,-0.20561819,0.020771343,-0.038423866,0.06858721,-0.07838863,-0.25399074,0.12517096,-0.04875793,0.23028825,-0.11242342,0.049732756,-0.026568668,0.20066613,-0.3050342,-1.0429243,0.24208966,0.03099616,0.9618948,0.35864,-1.88842,0.3127164,0.37453982,1.8119543,-0.23033483,-0.13675815,-0.18626876,0.18513583,-0.17707144,0.22147378,-0.16045356,-0.052765127,0.015044354,-0.16176896,-0.04867292,-0.015832925,0.16435987
0.13366295,-1.3410584,0.009971575,-0.12757999,-0.0049484055,0.045540042,-0.5364421,0.15026818,0.1068529,0.23096567,-0.10717191,0.091588885,1.3212194,-0.043370903,-0.06804121,0.76482743,-0.045457248,0.04063655,0.056079697,0.007295021,0.04020547,0.14244273,0.11968098,-0.20933169,-0.2030282,-0.13029692,-0.06492341,0.048071597,-0.036352154,0.030897768,-0.23223697,-0.081048556,0.19559169,-0.12598523,0.08239437,-0.13439788,-0.2283373,0.015903518,-0.027513474,0.07444358,-0.05821507,-0.26929972,0.108739085,-0.015229148,0.2558226,-0.102821,0.030494146,-0.03294125,0.21862002,-0.25083822,-1.0437814,0.22305283,0.08927707,0.9515031,0.36585373,-1.8444688,0.30269954,0.37324688,1.7562205,-0.2458302,-0.12498817,-0.17807011,0.1809525,-0.15245381,0.2024568,-0.16624491,-0.049751088,0.012756514,-0.15926474,-0.04337066,-0.014582067,0.16246426
0.11810766,-1.360407,0.011889657,-0.24197674,-0.030532766,0.043288555,-0.46689132,0.13656801,0.11906434,0.24907781,-0.07009599,0.08045757,1.4740968,-0.02604864,-0.08813959,0.7841724,-0.011707879,0.042957064,0.050370067,0.0120819155,0.035929266,0.0979452,0.13193998,-0.1886041,-0.26535198,-0.14786786,-0.09091857,0.054778237,-0.025318045,0.03159901,-0.22502322,-0.084450506,0.19846334,-0.12076194,0.071148634,-0.12752315,-0.24603714,0.00888642,-0.016626477,0.081033275,-0.037542123,-0.27899972,0.09379332,0.011741644,0.27446583,-0.10094689,0.0122523615,-0.036111347,0.23360851,-0.19716068,-1.0445399,0.20717344,0.13580588,0.94488305,0.37218753,-1.8107759,0.2902883,0.36810154,1.7186223,-0.2614776,-0.114552595,-0.17228821,0.17625031,-0.13231705,0.18714164,-0.17080504,-0.04690078,0.011191492,-0.15610087,-0.038314067,-0.013899529,0.15940283
0.10530976,-1.3842123,0.016663335,-0.3651514,-0.057179116,0.04266708,-0.39515808,0.1212442,0.12538053,0.27364507,-0.033308525,0.06908335,1.6022435,-0.005937231,-0.109001756,0.7840539,0.023296779,0.042635296,0.04362508,0.0134693645,0.031975437,0.057697978,0.1400463,-0.1736352,-0.30296218,-0.16014865,-0.09952491,0.062684625,-0.015318905,0.031581312,-0.22244526,-0.09050579,0.20366876,-0.12407601,0.064463265,-0.12479475,-0.2575539,-0.00045567163,-0.007003542,0.08814126,-0.018488903,-0.28014618,0.080718376,0.03372387,0.28278595,-0.108130515,-0.0038075175,-0.036478486,0.24561763,-0.14663945,-1.045016,0.19560033,0.17313853,0.942115,0.3794952,-1.797594,0.27599776,0.361907,1.7106624,-0.2764697,-0.10699148,-0.17162189,0.17165224,-0.1183324,0.17765298,-0.17452782,-0.045223758,0.010701855,-0.1532748,-0.034776673,-0.014526117,0.15609837
0.09484678,-1.4143689,0.024176382,-0.49981648,-0.08519553,0.04443758,-0.32535902,0.10485226,0.12403395,0.30426872,0.004115892,0.05803007,1.7054085,0.018922277,-0.1340281,0.76950055,0.05796201,0.040596314,0.036660556,0.012819505,0.027681883,0.021595776,0.14021263,-0.16378604,-0.31589884,-0.16350774,-0.09196789,0.06876057,-0.0042160796,0.030798534,-0.22064579,-0.09851671,0.21288231,-0.1356171,0.0618918,-0.124111965,-0.26224366,-0.011716835,-0.0001961722,0.096644886,8.656522e-05,-0.27534357,0.06917071,0.05271298,0.28291088,-0.12114241,-0.01708333,-0.035198916,0.25268576,-0.09745431,-1.0438478,0.18214935,0.20608102,0.9419824,0.3837454,-1.7984194,0.26678717,0.35038406,1.7223617,-0.2986159,-0.10262005,-0.1768088,0.1696779,-0.10997354,0.17233033,-0.17994985,-0.0439704,0.010249558,-0.1497617,-0.031895477,-0.014929808,0.15186997
0.086730964,-1.4476033,0.034778133,-0.643588,-0.11306766,0.050681375,-0.25136828,0.084714256,0.11307624,0.3356125,0.0442809,0.046021692,1.7774947,0.048411023,-0.16142327,0.73210937,0.09147302,0.03640162,0.029156115,0.011571533,0.021733638,-0.008730447,0.13228555,-0.15927021,-0.30198446,-0.15694088,-0.0692304,0.07123475,0.009596017,0.028823625,-0.2184332,-0.10852427,0.22524348,-0.15447335,0.06394304,-0.122191,-0.2622839,-0.028315285,0.005325838,0.10623927,0.017300976,-0.26353332,0.057034004,0.07498605,0.2739599,-0.1377281,-0.031747792,-0.032332815,0.25627875,-0.04876655,-1.03664,0.16227165,0.24444737,0.93733877,0.38473153,-1.8099259,0.2591471,0.33449867,1.7410244,-0.32334337,-0.10396903,-0.18873973,0.16929977,-0.10480506,0.1695765,-0.18701153,-0.043459028,0.009518815,-0.14665899,-0.030144095,-0.014744054,0.1482345
0.081131674,-1.4773684,0.048562337,-0.7919729,-0.1397941,0.060027093,-0.16712604,0.05885315,0.092988506,0.36359105,0.0876068,0.032262005,1.8009225,0.084312886,-0.1848966,0.6672897,0.12214575,0.027708115,0.021481732,0.0093109775,0.013237547,-0.02726839,0.117944345,-0.16007665,-0.2573017,-0.14271949,-0.030908322,0.06949717,0.025943264,0.024986811,-0.21638678,-0.120637596,0.23904654,-0.1795339,0.06924947,-0.11879042,-0.25753346,-0.048779704,0.009087942,0.116175376,0.031262193,-0.24470046,0.04524761,0.1000108,0.2545265,-0.156834,-0.047441427,-0.028237242,0.25746298,-0.003561519,-1.0215731,0.13797258,0.287894,0.9274626,0.3838174,-1.8295584,0.2491707,0.31739363,1.7692653,-0.34457225,-0.110756174,-0.20705284,0.16780867,-0.10397261,0.16996846,-0.19394888,-0.043820478,0.008762558,-0.14449507,-0.02945297,-0.014402856,0.14626554
0.07844085,-1.4983938,0.06511226,-0.9184325,-0.16375099,0.06667566,-0.07136941,0.029169274,0.066561036,0.3793169,0.13013557,0.01841926,1.7527853,0.12128695,-0.19589925,0.5797706,0.14607574,0.014594077,0.01679171,0.007158307,0.0024621761,-0.02841123,0.10234952,-0.16582482,-0.18537405,-0.12526497,0.018860755,0.06348886,0.04291162,0.019385828,-0.21598198,-0.13275327,0.25036192,-0.20555547,0.07448608,-0.11698471,-0.24765259,-0.07079445,0.012604793,0.12659779,0.043214712,-0.22331859,0.036663186,0.12448028,0.22839716,-0.1742125,-0.063867085,-0.023648709,0.25899103,0.03631895,-1.0042607,0.11396807,0.334042,0.91512954,0.38278514,-1.8523995,0.23620066,0.30521837,1.8020756,-0.35341236,-0.12100551,-0.22858895,0.16327344,-0.106561296,0.17452067,-0.19754784,-0.044383075,0.008272877,-0.14339197,-0.029471476,-0.014191983,0.14571051
0.079015575,-1.509868,0.08270469,-0.9964573,-0.18203935,0.06556807,0.026200298,0.0004934529,0.03864022,0.3787416,0.16587251,0.0061039976,1.6277069,0.15173498,-0.1911821,0.48665398,0.15975478,-0.00081310846,0.017863441,0.0063205725,-0.008620712,-0.009274133,0.09046384,-0.17612234,-0.09457863,-0.108628586,0.0740882,0.05420709,0.05759924,0.012688798,-0.2185778,-0.14391312,0.2571922,-0.22840472,0.07744226,-0.119184025,-0.23311654,-0.09000026,0.016302522,0.13659474,0.053928427,-0.20371859,0.033660866,0.1425234,0.20281811,-0.18737137,-0.0797179,-0.01928944,0.2621167,0.066289715,-0.98853177,0.096558034,0.37403128,0.90501434,0.3822731,-1.8769274,0.22262505,0.30009213,1.8336934,-0.3471119,-0.13276689,-0.24907473,0.15557434,-0.11042346,0.18274851,-0.19667126,-0.044426925,0.008212757,-0.14329454,-0.029435959,-0.014261921,0.14550218
0.08330011,-1.514187,0.09977527,-1.0169168,-0.19442287,0.05456265,0.118800834,-0.024460752,0.013697324,0.3637143,0.1934281,-0.0043260157,1.4360023,0.17020176,-0.16966595,0.39758235,0.1637665,-0.015750013,0.025083873,0.0076784366,-0.018923955,0.029322674,0.084175095,-0.18975396,0.001923923,-0.09491997,0.12877022,0.04372868,0.06951109,0.005848616,-0.2240478,-0.1532388,0.25945312,-0.24369894,0.07572554,-0.12570003,-0.2162776,-0.102826916,0.021306839,0.14524263,0.06495999,-0.18838328,0.035121765,0.15320133,0.18341343,-0.19642903,-0.09465648,-0.01640569,0.26755857,0.08858176,-0.9778495,0.087343566,0.4054172,0.8989138,0.3836921,-1.8992192,0.20996489,0.30089033,1.8611268,-0.32860735,-0.14245677,-0.26507804,0.14625978,-0.11510303,0.19349875,-0.19359776,-0.043454286,0.00819172,-0.14367412,-0.029162956,-0.014539401,0.14480186
0.08966161,-1.5131154,0.11448204,-0.98873895,-0.19998197,0.034884404,0.19736178,-0.04390853,-0.005931669,0.3391304,0.21218196,-0.014013212,1.1975265,0.17712732,-0.13630654,0.32643193,0.15973164,-0.027613956,0.03776887,0.0109995315,-0.027096827,0.0831776,0.08289193,-0.2056679,0.09114413,-0.084259205,0.17864975,0.033450045,0.07828845,2.3936473e-06,-0.22792855,-0.16002387,0.2606389,-0.25207195,0.069435656,-0.13280246,-0.19618995,-0.10530693,0.026087796,0.15375523,0.07818896,-0.17812331,0.040536255,0.1553623,0.17343046,-0.20137902,-0.10568976,-0.015437506,0.2742675,0.10811658,-0.9736013,0.08660804,0.42465836,0.90007466,0.38572907,-1.9164958,0.19964302,0.304872,1.8894956,-0.30419025,-0.14853977,-0.2754778,0.13765174,-0.12234584,0.20589043,-0.19046938,-0.04186079,0.008073967,-0.14356253,-0.028839163,-0.014533056,0.14335606
0.09615776,-1.510527,0.12575631,-0.9290359,-0.19766648,0.012623274,0.2575763,-0.057990003,-0.021023061,0.30929917,0.22301506,-0.023540076,0.9448563,0.17557126,-0.097562835,0.28062257,0.15113984,-0.034496102,0.053047575,0.015431276,-0.03235634,0.14061628,0.08457682,-0.22082795,0.16494481,-0.07582419,0.22104357,0.02502482,0.08422341,-0.0041368296,-0.22618295,-0.16410613,0.2613513,-0.2560162,0.061349083,-0.13848002,-0.1754988,-0.100104205,0.030767966,0.16137919,0.0920505,-0.17173824,0.046982344,0.15203334,0.17173462,-0.20280378,-0.11330137,-0.015621956,0.27978244,0.12665188,-0.97261333,0.09038372,0.43418947,0.905887,0.3873614,-1.9236708,0.19066463,0.30963695,1.9101685,-0.27979997,-0.15114976,-0.28070387,0.13070974,-0.13054317,0.21709557,-0.18917702,-0.04018759,0.007650077,-0.1434426,-0.029652731,-0.01397317,0.14213258
0.10103583,-1.5066441,0.1335197,-0.86212194,-0.18975262,-0.008667798,0.29336193,-0.06694945,-0.031493496,0.28026187,0.22695068,-0.032466117,0.7180508,0.17112063,-0.061216254,0.27646473,0.13907112,-0.036949195,0.06772477,0.01915734,-0.034487627,0.18863897,0.0869314,-0.23001593,0.22015159,-0.070738666,0.25358626,0.019969318,0.08739432,-0.0063151093,-0.21816821,-0.16579522,0.26143268,-0.25826994,0.0530477,-0.14175512,-0.15571694,-0.09005542,0.033691492,0.16734424,0.103294626,-0.16859864,0.054127976,0.14418519,0.17531742,-0.20159689,-0.11633762,-0.015677087,0.282309,0.1404251,-0.9737447,0.10062708,0.43173954,0.9185417,0.3877388,-1.922473,0.18373558,0.31663495,1.9337031,-0.25900254,-0.1505287,-0.28297016,0.12681387,-0.14066403,0.22742714,-0.18869361,-0.03958453,0.007871529,-0.14388897,-0.032671113,-0.013655748,0.14238863
0.1027896,-1.4995711,0.13739948,-0.7990332,-0.17869842,-0.027976708,0.30653104,-0.07194036,-0.03964885,0.25262034,0.22486003,-0.039109875,0.5441601,0.16491213,-0.033217065,0.31852245,0.12543145,-0.035224162,0.080250226,0.021701515,-0.033526603,0.21569334,0.08918379,-0.22850886,0.25529775,-0.06921274,0.27429342,0.018291436,0.087803945,-0.006520722,-0.2059807,-0.1654335,0.25818717,-0.25898072,0.046754915,-0.14345665,-0.13942227,-0.07988855,0.034900576,0.17141384,0.11023843,-0.1697837,0.06241873,0.13356647,0.18365425,-0.19642282,-0.11638508,-0.014029765,0.28188604,0.14581725,-0.97712016,0.1175162,0.41791126,0.9373861,0.3873214,-1.9136605,0.17918573,0.328309,1.9518149,-0.24077335,-0.14757827,-0.2830369,0.12611645,-0.14870153,0.2349182,-0.18713285,-0.039674297,0.008715711,-0.14509128,-0.036974665,-0.013349895,0.14352012
0.1001029,-1.4863036,0.13639182,-0.75016576,-0.16865245,-0.04508358,0.29055062,-0.070824854,-0.04654294,0.23041959,0.21576971,-0.043167833,0.45757803,0.15458219,-0.019577231,0.42461786,0.111805126,-0.029205782,0.088943005,0.022461886,-0.03013079,0.20968044,0.09083843,-0.20914368,0.2694988,-0.07244726,0.2807446,0.020171965,0.08429949,-0.005560654,-0.19176272,-0.16306446,0.24794562,-0.25794655,0.044536512,-0.14656179,-0.12965028,-0.07268891,0.03482149,0.17270043,0.112186216,-0.17665185,0.07316736,0.11708598,0.19726275,-0.18727453,-0.114491396,-0.009100734,0.27617168,0.13871412,-0.9791715,0.14065728,0.3866575,0.96063846,0.38406417,-1.9027368,0.18117946,0.34370357,1.9594487,-0.22669813,-0.14337651,-0.27967986,0.13048875,-0.15224783,0.23731476,-0.18539526,-0.04053893,0.010636703,-0.1475382,-0.041746892,-0.013485398,0.14503284
0.09251956,-1.465959,0.13003948,-0.71854556,-0.16281676,-0.05978119,0.24851465,-0.064099364,-0.050594576,0.21915355,0.20078154,-0.04576635,0.46172068,0.13903381,-0.020088315,0.5884432,0.10098777,-0.019222427,0.09353092,0.020566901,-0.025724784,0.1689536,0.091990665,-0.17195863,0.2615521,-0.080295995,0.27193007,0.02524761,0.07724809,-0.0044220653,-0.17849821,-0.15861085,0.22949153,-0.25327113,0.045149837,-0.15210722,-0.12877235,-0.070061654,0.03544268,0.1704569,0.108211905,-0.18984902,0.084614635,0.09594441,0.21516767,-0.17478898,-0.113635294,5.4162156e-05,0.26535887,0.11879673,-0.97741,0.16671152,0.34171465,0.984225,0.37858158,-1.887964,0.19142093,0.36007622,1.9574319,-0.21931435,-0.13533929,-0.27163753,0.13825226,-0.15281796,0.233873,-0.18408701,-0.04178554,0.013201293,-0.15084596,-0.046257023,-0.014027745,0.14636362
0.081285834,-1.4364768,0.11837475,-0.6951968,-0.15945491,-0.07182286,0.18336247,-0.05200929,-0.051289894,0.21967019,0.18060312,-0.04773808,0.5244689,0.11868332,-0.030003507,0.79453474,0.09290286,-0.004190118,0.09433961,0.016823135,-0.021562472,0.10201221,0.09448322,-0.123396195,0.23711632,-0.09002035,0.2514951,0.03206853,0.0680213,-0.0043713567,-0.16621648,-0.15189654,0.20582089,-0.24533455,0.047496077,-0.15618497,-0.13618504,-0.068728104,0.035403848,0.1644637,0.09702665,-0.2088451,0.09493287,0.07331269,0.23534842,-0.15900841,-0.11213964,0.011743705,0.25146192,0.08601886,-0.9724002,0.19286343,0.29119352,1.0058132,0.37288594,-1.8698678,0.20906289,0.37703058,1.9493135,-0.21725649,-0.12282845,-0.25841695,0.14663315,-0.1509816,0.2254283,-0.18282627,-0.043076456,0.015795311,-0.15434651,-0.049783748,-0.014512684,0.14770196
0.06970568,-1.4022454,0.10312254,-0.67413676,-0.15819804,-0.08034311,0.10461755,-0.036103856,-0.047677483,0.23250185,0.15824682,-0.04967873,0.61441255,0.09669362,-0.044311132,1.0124232,0.08711094,0.015461488,0.09224411,0.0121083325,-0.019583605,0.020690834,0.09942748,-0.071926944,0.20008104,-0.09955189,0.22355048,0.039227553,0.058387566,-0.006418845,-0.15535656,-0.14352392,0.18022913,-0.23451626,0.04997996,-0.1589215,-0.15239312,-0.069178775,0.035362635,0.15314403,0.07854249,-0.23299138,0.1009037,0.05431808,0.25602913,-0.14177987,-0.111048125,0.024173915,0.23421131,0.04238608,-0.9662172,0.21381499,0.24615346,1.0226657,0.36437544,-1.8437507,0.23594354,0.391728,1.9267875,-0.22204484,-0.10577392,-0.24010189,0.153937,-0.14666405,0.2128886,-0.18190798,-0.042585343,0.016651858,-0.15645993,-0.05105616,-0.0139247365,0.14832537
0.061170433,-1.3667967,0.08608014,-0.64414054,-0.15619926,-0.089116156,0.00254547,-0.013857306,-0.040082507,0.25545096,0.13056275,-0.05110026,0.7046362,0.072413035,-0.05794715,1.2331471,0.07699497,0.038728856,0.08634305,0.007603035,-0.019205373,-0.06863255,0.10916792,-0.022100274,0.15673272,-0.10877301,0.19246764,0.046575446,0.047478694,-0.009492178,-0.14357433,-0.13190307,0.15820271,-0.22480585,0.05259872,-0.16074982,-0.17497037,-0.069621615,0.0347601,0.13590315,0.052586377,-0.25882006,0.101552404,0.040431704,0.2753177,-0.12625615,-0.10886945,0.035574477,0.21479566,-0.010035706,-0.9597989,0.2289779,0.20916128,1.035516,0.35192624,-1.8142779,0.2701254,0.40240005,1.8938373,-0.23172952,-0.08683804,-0.21838288,0.1612105,-0.14028572,0.19884978,-0.18093948,-0.039635852,0.015853178,-0.15701555,-0.04969724,-0.012093216,0.14801586
0.05782087,-1.3326328,0.068555824,-0.60335875,-0.151056,-0.09673054,-0.11647746,0.011550138,-0.03291556,0.28592387,0.099713236,-0.050278045,0.7745473,0.046873506,-0.069167316,1.4329078,0.061818726,0.06474457,0.07649086,0.00438568,-0.01903001,-0.15126489,0.122068875,0.017277328,0.11083788,-0.11570326,0.16429181,0.05366651,0.036713865,-0.012248287,-0.13415213,-0.121091865,0.14223585,-0.21672642,0.05545144,-0.16122377,-0.20319703,-0.06963711,0.03340339,0.11311226,0.019594232,-0.2809929,0.097371005,0.034319777,0.29057887,-0.11811987,-0.10589169,0.04445935,0.19572824,-0.06905523,-0.9533886,0.23933999,0.18092214,1.0434537,0.33768833,-1.7907188,0.30665687,0.41104564,1.852879,-0.24082138,-0.0674015,-0.19777535,0.16858618,-0.13038932,0.18608552,-0.18056917,-0.035018086,0.013832183,-0.15584981,-0.046616737,-0.009336505,0.14649026
0.05911967,-1.3001674,0.051491797,-0.55595773,-0.14269486,-0.10179639,-0.25962165,0.04096488,-0.028882211,0.32270673,0.06382591,-0.0465009,0.8280801,0.017813113,-0.07721711,1.6150143,0.038340107,0.09260806,0.06272914,0.0030466046,-0.017627591,-0.22136307,0.13374953,0.044463653,0.062677786,-0.11953189,0.14070514,0.059547827,0.02473669,-0.013787433,-0.12797633,-0.112474136,0.13165802,-0.20949425,0.059408247,-0.16496511,-0.23337105,-0.06689021,0.031377155,0.0869982,-0.018109003,-0.2978096,0.09125503,0.032978438,0.30218455,-0.118652314,-0.10014581,0.049734022,0.17498554,-0.13183902,-0.9480431,0.2444651,0.155979,1.0482728,0.3190549,-1.7760872,0.34736982,0.4146494,1.8040812,-0.24948965,-0.049162537,-0.17847753,0.17880175,-0.11710502,0.17561632,-0.18178962,-0.029704751,0.011328987,-0.1530038,-0.042964906,-0.0062079383,0.14349551
0.06379301,-1.2710294,0.035547793,-0.49959308,-0.128634,-0.10011151,-0.4199701,0.070544794,-0.031297557,0.36496383,0.022386042,-0.040126715,0.85824525,-0.015834194,-0.08105763,1.7568465,0.00609456,0.12028054,0.04650499,0.0028037194,-0.013056834,-0.26856238,0.13896985,0.05343356,0.012118308,-0.11955434,0.122353494,0.063663386,0.0102224285,-0.013255368,-0.13021445,-0.107601665,0.12418902,-0.20138799,0.06466447,-0.17328289,-0.2616589,-0.059100393,0.029214634,0.0596014,-0.06328479,-0.30355063,0.08361599,0.03792005,0.30699435,-0.1276798,-0.09120322,0.051144697,0.15149872,-0.20035712,-0.9414435,0.24525939,0.13568944,1.0492203,0.29850435,-1.7669926,0.38739836,0.41146147,1.7650784,-0.25764918,-0.029767249,-0.16140264,0.19296114,-0.10584471,0.17035504,-0.18559006,-0.025941039,0.009112394,-0.14938837,-0.0408343,-0.0036080882,0.14026283
0.07197861,-1.245123,0.021014567,-0.42231372,-0.105144516,-0.09035879,-0.59845614,0.09928626,-0.04440201,0.40538168,-0.02535252,-0.02814718,0.8489403,-0.054817073,-0.07700341,1.8515497,-0.0369381,0.1486519,0.029297339,0.0061606723,-0.0038470363,-0.28478134,0.13552506,0.043339904,-0.034865662,-0.11244205,0.10982215,0.06448035,-0.0060089496,-0.010363704,-0.14278908,-0.10561996,0.1177839,-0.19174416,0.07202947,-0.1841125,-0.28119987,-0.041005455,0.024091644,0.03259489,-0.11525571,-0.29276907,0.07432853,0.0499957,0.30142152,-0.14100404,-0.07458386,0.04596792,0.12219089,-0.27653074,-0.93133366,0.23800215,0.12602344,1.0427331,0.2749324,-1.765327,0.4288,0.3984321,1.7473931,-0.26849958,-0.013384341,-0.14700355,0.21070018,-0.10069544,0.17155622,-0.1902326,-0.024979133,0.0075422204,-0.14634678,-0.040962122,-0.0013889516,0.13798046
0.08391025,-1.2240094,0.008916734,-0.32227027,-0.073634945,-0.070633605,-0.7744221,0.124198794,-0.06516158,0.43658462,-0.0745313,-0.010298568,0.79566514,-0.09399294,-0.06418454,1.8818277,-0.085994825,0.1731659,0.0155314095,0.012681135,0.008024099,-0.26192856,0.12308241,0.0125842495,-0.06954398,-0.096693136,0.10417598,0.06039824,-0.02243674,-0.005952278,-0.16670689,-0.107157715,0.1130107,-0.18057983,0.0784271,-0.19559138,-0.29104728,-0.013343331,0.0146516105,0.009699267,-0.1661794,-0.2703689,0.06768552,0.062886566,0.28838077,-0.15616882,-0.05006163,0.034707632,0.08706473,-0.3519892,-0.9228048,0.22501355,0.12040193,1.0327879,0.24657802,-1.7683597,0.472087,0.38001698,1.7492257,-0.27960342,-0.0040359064,-0.13714503,0.23064339,-0.10510992,0.17967397,-0.193734,-0.025686022,0.005697018,-0.14432341,-0.04252035,0.00077360007,0.13630182
0.0985662,-1.2064706,0.0005724551,-0.20061877,-0.036677055,-0.04532822,-0.93811566,0.14968775,-0.08663854,0.45461792,-0.12398015,0.012409079,0.70748216,-0.13136782,-0.043491926,1.8488984,-0.13567856,0.18661764,0.007105907,0.022189492,0.021359885,-0.20712551,0.105930045,-0.030263295,-0.08269894,-0.07804498,0.105067655,0.05094513,-0.03809408,0.00037914913,-0.19235593,-0.10622194,0.11013598,-0.17284967,0.08562322,-0.20789269,-0.29176798,0.018608268,0.0004914576,-0.008883165,-0.21170053,-0.24171698,0.0678749,0.07075636,0.2732017,-0.16981344,-0.021009872,0.02156138,0.044188756,-0.4264651,-0.9099053,0.21164192,0.10678924,1.0234121,0.21128754,-1.7712207,0.5146757,0.3676982,1.7235385,-0.27767912,-0.0026306135,-0.13073365,0.25008887,-0.10957788,0.18831,-0.19226778,-0.026430663,0.0036388647,-0.14363043,-0.044041798,0.0035913659,0.13448694
0.11433046,-1.1899978,-0.0027742938,-0.06894892,0.0006414601,-0.015507503,-1.061081,0.17005199,-0.10458649,0.45632574,-0.16679773,0.03802701,0.5999764,-0.16240115,-0.020676013,1.7449596,-0.17701261,0.18521926,0.0059252842,0.033696476,0.033107415,-0.12671877,0.0864514,-0.08090851,-0.06989087,-0.05973545,0.11498272,0.03753553,-0.04924141,0.0075061973,-0.21485531,-0.102483585,0.1080178,-0.17058949,0.09460301,-0.21736887,-0.28626308,0.04428145,-0.016023396,-0.01982483,-0.24548788,-0.21357192,0.07688733,0.07261083,0.2585098,-0.1807588,0.006072852,0.010339314,0.0073565086,-0.49506956,-0.9004186,0.2022138,0.08470915,1.0169841,0.18368179,-1.7919279,0.547643,0.37167454,1.6447129,-0.25251117,-0.010660271,-0.13168107,0.26330262,-0.102491386,0.19313808,-0.18339835,-0.02669284,0.002177154,-0.1436654,-0.045595083,0.0066697737,0.13234241
0.12906556,-1.17535,-0.0013841067,0.058178198,0.03241038,0.01597938,-1.1230764,0.18404523,-0.11089803,0.43809205,-0.20032822,0.060252525,0.49473664,-0.18447645,-0.0007967865,1.5762796,-0.20288101,0.16709985,0.012300514,0.041284297,0.040396117,-0.03210252,0.06848819,-0.13573186,-0.03244386,-0.048231438,0.13212423,0.025255106,-0.05837184,0.0134402905,-0.23034738,-0.09580622,0.10957373,-0.17393431,0.10527702,-0.22195403,-0.2720193,0.05659134,-0.031275116,-0.021136153,-0.2569447,-0.19221814,0.09517072,0.05408627,0.24126633,-0.19117828,0.028535543,0.006951281,-0.016106382,-0.5435196,-0.89453226,0.20339589,0.03607242,1.0053517,0.16751753,-1.8353059,0.56241083,0.3876141,1.5631896,-0.21214634,-0.02815798,-0.14089152,0.267838,-0.089462765,0.19848925,-0.16535155,-0.02603203,0.0021222036,-0.14396018,-0.046589024,0.008935051,0.1312246
0.14112216,-1.1652611,0.0029286917,0.16801047,0.05624974,0.045847252,-1.112637,0.18900953,-0.103932716,0.40302157,-0.22398724,0.07489635,0.40344116,-0.1955833,0.014534198,1.3356347,-0.21180868,0.13231216,0.024771772,0.03978855,0.042870898,0.06859496,0.053512678,-0.19343704,0.026445892,-0.047243234,0.1556683,0.017693687,-0.06777767,0.017244324,-0.23983142,-0.087030225,0.113417506,-0.17971595,0.11773708,-0.22106223,-0.24865296,0.0538345,-0.043325733,-0.014620892,-0.25137946,-0.1775839,0.119323894,0.01648135,0.21747234,-0.20256561,0.045480516,0.012757434,-0.021060232,-0.57120323,-0.8911082,0.22029004,-0.035948183,0.9847782,0.16981447,-1.8921092,0.545483,0.41075307,1.5299511,-0.16433336,-0.04817431,-0.15700805,0.2635237,-0.08154638,0.20866862,-0.14133297,-0.02576468,0.0036104245,-0.1443922,-0.04763103,0.009275431,0.13246271
0.15070452,-1.1618972,0.0077204914,0.25442567,0.07246535,0.0687205,-1.0517411,0.18753599,-0.08723109,0.35602778,-0.23974559,0.08343805,0.33627543,-0.19644506,0.025848133,1.0661366,-0.20986553,0.0898868,0.04004317,0.029867355,0.042601205,0.16268861,0.04345955,-0.24570607,0.092031024,-0.053325318,0.17829622,0.015645415,-0.07763128,0.018736543,-0.2457994,-0.07694341,0.11876577,-0.1826862,0.12890713,-0.2154507,-0.21386573,0.044454195,-0.05333474,-0.0049895286,-0.23786855,-0.16717501,0.14150752,-0.029919555,0.1876219,-0.210221,0.060239535,0.022615379,-0.011242356,-0.5846168,-0.8910339,0.24468292,-0.11013086,0.9571363,0.18854111,-1.9484884,0.5032549,0.42603415,1.572601,-0.12844904,-0.06699985,-0.17538045,0.25329468,-0.08832059,0.22468776,-0.116676986,-0.02728933,0.006095242,-0.14553498,-0.04860562,0.0077029495,0.1358994
0.1578047,-1.1662278,0.0108057335,0.3109415,0.08174554,0.08413976,-0.96649116,0.1818669,-0.0644669,0.3048944,-0.24820815,0.087414846,0.3094437,-0.18746062,0.03246284,0.81816596,-0.2020495,0.050687,0.056221895,0.014069848,0.0416108,0.24070847,0.03871244,-0.2878505,0.14795081,-0.061448347,0.19265221,0.018390821,-0.08684781,0.018980322,-0.25205982,-0.069883026,0.12653022,-0.17981547,0.13460772,-0.205774,-0.17228168,0.038790893,-0.0617649,0.0070057623,-0.21877943,-0.16304184,0.1584212,-0.077816926,0.15976046,-0.21165057,0.075531945,0.030214421,0.01074459,-0.5785325,-0.9003735,0.26831666,-0.17260411,0.9329442,0.2192074,-1.9917068,0.44621068,0.42664698,1.68787,-0.115907125,-0.08132757,-0.19434181,0.24057056,-0.11232707,0.24574201,-0.09890806,-0.030676028,0.008259887,-0.14770083,-0.049462363,0.0043487772,0.1401993
0.16149852,-1.1771611,0.011304819,0.33157903,0.08508727,0.09153383,-0.8872803,0.17812486,-0.038094625,0.26221448,-0.2503362,0.089004636,0.34203634,-0.17186476,0.03400536,0.63388574,-0.19250049,0.021929078,0.06987904,-0.0017888435,0.041873496,0.29322803,0.039962348,-0.3118796,0.17872903,-0.06891519,0.19049715,0.022764841,-0.09309574,0.019147016,-0.25679746,-0.0664043,0.13472393,-0.17076649,0.13516547,-0.19521835,-0.13468292,0.038931306,-0.06769837,0.01798372,-0.20330925,-0.16498177,0.16755904,-0.11153602,0.14379407,-0.20431122,0.08767474,0.032413464,0.03541769,-0.5630298,-0.91460407,0.28442782,-0.20623782,0.92284524,0.25220886,-2.0037975,0.39057243,0.42034435,1.7985268,-0.118366726,-0.087277696,-0.20819567,0.22810952,-0.13843292,0.26285124,-0.090972126,-0.03506638,0.009010216,-0.15030791,-0.049638685,0.00090410194,0.14402397
0.16097708,-1.1910006,0.008831727,0.31688362,0.08407164,0.09197409,-0.83576494,0.17721236,-0.013534493,0.23603831,-0.24652624,0.09114966,0.44385946,-0.15432869,0.029633384,0.5461095,-0.18400575,0.009461195,0.078263275,-0.0111762695,0.043453228,0.31167516,0.045861896,-0.31325746,0.17251794,-0.0726062,0.16885512,0.026565665,-0.09312503,0.020013819,-0.25702357,-0.06558043,0.14195973,-0.15831372,0.13268298,-0.18352142,-0.11092143,0.04422487,-0.070685305,0.02893054,-0.19263442,-0.17367321,0.16891862,-0.12091962,0.14547995,-0.1884745,0.09539815,0.026683342,0.0638438,-0.54148155,-0.9390594,0.28629336,-0.19801427,0.9307626,0.28695142,-1.9985735,0.3502262,0.4129146,1.8537751,-0.13074121,-0.088394485,-0.21616232,0.21733947,-0.15123683,0.26906583,-0.09327365,-0.039050873,0.0084573915,-0.15234807,-0.049047336,-0.0017180895,0.1463663
0.15590128,-1.2057596,0.003343607,0.27166972,0.07843959,0.08889054,-0.8107928,0.17964922,0.008551571,0.22805363,-0.2363041,0.09337418,0.61422807,-0.13967855,0.017827975,0.55890954,-0.17203665,0.014172991,0.08045303,-0.013083491,0.0450836,0.29677588,0.056555845,-0.29545656,0.12559989,-0.07508929,0.12771834,0.031283304,-0.087998874,0.021182572,-0.25214273,-0.066871494,0.14858241,-0.14567617,0.12728335,-0.1700832,-0.106510915,0.051103994,-0.06946363,0.040179264,-0.1810686,-0.18809745,0.16343391,-0.11126726,0.16091666,-0.16995044,0.09684139,0.014987068,0.09421461,-0.50671434,-0.9651899,0.27541584,-0.16181834,0.94089127,0.31933504,-1.982459,0.32439587,0.40764016,1.8619559,-0.14964715,-0.08606544,-0.21820661,0.20931365,-0.14908117,0.26507115,-0.103511244,-0.042101417,0.007471469,-0.15401606,-0.047913108,-0.0036223817,0.14871594
0.14592527,-1.2214129,-0.0039911573,0.20255624,0.06669636,0.08040068,-0.79603547,0.18369678,0.030443348,0.23338725,-0.21913666,0.095449485,0.8300036,-0.12946634,0.001007004,0.6370167,-0.15560633,0.030021707,0.078589626,-0.008106344,0.04611383,0.25934738,0.07108771,-0.26531994,0.046146676,-0.08052251,0.07132829,0.03493296,-0.07879764,0.02353833,-0.24086884,-0.06705774,0.15415096,-0.13225067,0.11693279,-0.15453126,-0.11907931,0.055121116,-0.06320153,0.051109068,-0.16676073,-0.21057528,0.15353172,-0.08517574,0.19064587,-0.14714618,0.09023355,-0.0008753689,0.12507282,-0.45846805,-0.98885155,0.25535265,-0.105301544,0.9467896,0.3440524,-1.9435179,0.30821332,0.40391028,1.7978781,-0.16898581,-0.07926117,-0.21141595,0.20495278,-0.12886702,0.24788935,-0.119977616,-0.043471295,0.0059071286,-0.15441899,-0.0457881,-0.004089649,0.15020181
0.13215709,-1.2396169,-0.010429571,0.1094956,0.04676961,0.06663179,-0.7710636,0.18597002,0.054862637,0.24717203,-0.19350842,0.095951416,1.0735892,-0.12166289,-0.021517778,0.7409402,-0.13279475,0.048906986,0.07393212,0.0011078942,0.045861714,0.21416292,0.08777951,-0.23100595,-0.05312913,-0.09308089,0.0065160953,0.038542513,-0.06678565,0.026663365,-0.22805217,-0.0655502,0.15815866,-0.119295,0.10179588,-0.13810582,-0.14189461,0.05703093,-0.0537933,0.05980066,-0.14843027,-0.23771666,0.13967314,-0.048405502,0.2290685,-0.12281907,0.07816989,-0.019234376,0.1549495,-0.39961857,-1.0074875,0.23094614,-0.038092747,0.94637626,0.36261964,-1.8801142,0.2936421,0.39874813,1.6783862,-0.18306686,-0.06637678,-0.19599307,0.20214531,-0.09550273,0.22054489,-0.13715409,-0.044115074,0.0046450193,-0.15345056,-0.043046307,-0.003803037,0.15094976
0.11599929,-1.262784,-0.013294253,-0.006553113,0.018491495,0.0490313,-0.720829,0.18154639,0.080855995,0.26363778,-0.15878697,0.092494614,1.3223324,-0.11082364,-0.048902832,0.8334604,-0.10268131,0.06611957,0.06801698,0.010688779,0.044473626,0.17076582,0.10449329,-0.19961095,-0.15818082,-0.113683626,-0.056430988,0.04344649,-0.05301317,0.030606302,-0.21815445,-0.06343729,0.16261944,-0.10774222,0.083515175,-0.12323617,-0.16585612,0.056443613,-0.04107359,0.06714891,-0.122421995,-0.26462463,0.12097172,-0.008620095,0.26876903,-0.10106009,0.062120236,-0.03720395,0.18347888,-0.326081,-1.0206126,0.2014922,0.032389827,0.9374713,0.37726128,-1.802549,0.2758034,0.38250947,1.5439001,-0.19754504,-0.04905829,-0.17745933,0.19905071,-0.056901578,0.18964186,-0.15527798,-0.044101473,0.0034498782,-0.15153629,-0.03967811,-0.0035030874,0.15054293
0.098242156,-1.2944945,-0.0114694275,-0.14158212,-0.015440509,0.03228958,-0.6421449,0.16875741,0.10518339,0.27985597,-0.11656868,0.08381275,1.552882,-0.09339871,-0.079102725,0.89209694,-0.064358145,0.078872256,0.061609145,0.017362185,0.042713877,0.13099296,0.11993706,-0.1751074,-0.25418666,-0.13820145,-0.106339075,0.050313186,-0.03881616,0.034498896,-0.21288554,-0.064248435,0.16891178,-0.09957038,0.06628675,-0.11164582,-0.186917,0.052282996,-0.025864167,0.075231254,-0.08915204,-0.2842033,0.09962967,0.027721614,0.30080795,-0.08840637,0.043675847,-0.05120517,0.20972411,-0.23929828,-1.0266975,0.17348982,0.09945302,0.9246768,0.39126277,-1.7298291,0.2527085,0.36125785,1.4483241,-0.21245217,-0.030105922,-0.16224751,0.19352368,-0.023399489,0.16392924,-0.17085968,-0.044251285,0.003059428,-0.14946638,-0.03668306,-0.0043694037,0.149958
0.08083872,-1.3334072,-0.0049873604,-0.29470164,-0.051669873,0.02219955,-0.5459054,0.14929618,0.12209467,0.2996043,-0.06907704,0.0702851,1.7574418,-0.06875971,-0.114127,0.91166824,-0.019454213,0.08535983,0.053276006,0.020707143,0.038215093,0.094360456,0.12887853,-0.1597343,-0.32116464,-0.15886965,-0.13230324,0.059636503,-0.023932103,0.036483087,-0.21275693,-0.06844326,0.1784882,-0.102624685,0.05680962,-0.1038329,-0.20145558,0.041398022,-0.011684181,0.083241306,-0.05466517,-0.2886139,0.076781906,0.059901744,0.31232452,-0.090612955,0.025346447,-0.057552613,0.23177874,-0.14987445,-1.0241123,0.14785293,0.15892246,0.9052852,0.40572664,-1.6856182,0.22809888,0.34061584,1.4251143,-0.22921322,-0.015610416,-0.15580039,0.1856578,-0.0012973765,0.14895386,-0.1804563,-0.044244867,0.0033197328,-0.14801812,-0.033883758,-0.0059244833,0.15004335
0.065133534,-1.3732438,0.0063673737,-0.4678833,-0.08844135,0.025259212,-0.4458482,0.123859726,0.1252566,0.33094215,-0.01733931,0.05371379,1.9288366,-0.03794619,-0.15729934,0.9029489,0.030957447,0.08737402,0.041239507,0.022199543,0.029202485,0.054805327,0.12905656,-0.15240556,-0.34990856,-0.16851698,-0.12955654,0.070042275,-0.006971568,0.034815144,-0.21591543,-0.079326965,0.19236986,-0.121390425,0.0568975,-0.099251,-0.21185943,0.022940125,-0.0013902275,0.09075664,-0.025804216,-0.27408305,0.050795168,0.095335275,0.29617083,-0.11086611,0.008066058,-0.056252263,0.24854214,-0.06378032,-1.0086818,0.120215856,0.21869339,0.8741406,0.4190053,-1.6834992,0.20611097,0.32455334,1.4811617,-0.25083503,-0.0077495445,-0.16122998,0.17784527,0.007084744,0.14531523,-0.1864539,-0.044355683,0.0041772923,-0.1472315,-0.031683207,-0.007877486,0.15111895
0.052051485,-1.408962,0.022598976,-0.65499586,-0.1245166,0.040187873,-0.3403353,0.09204552,0.11180916,0.3678239,0.038116246,0.036667574,2.0460238,0.0005322875,-0.20430878,0.86206424,0.083647184,0.08431865,0.027517546,0.022984464,0.016990796,0.011501382,0.12087613,-0.14922416,-0.33691347,-0.16400272,-0.09945345,0.076568164,0.013792873,0.03071211,-0.21743913,-0.09466472,0.2108116,-0.15365425,0.06263884,-0.096140414,-0.21694541,-0.005817328,0.0062059253,0.098625265,-0.004827821,-0.24536276,0.023052417,0.13943875,0.2586847,-0.13970833,-0.010426778,-0.049336728,0.2614864,0.015429412,-0.9798508,0.08376038,0.2883321,0.83262455,0.42635322,-1.7157857,0.18889482,0.3070183,1.5649168,-0.27771902,-0.00868779,-0.1784744,0.17126466,0.008547672,0.14780022,-0.19263355,-0.04448255,0.005043635,-0.14621249,-0.030390054,-0.009289727,0.15229456
0.042054094,-1.4368876,0.043456003,-0.8482665,-0.15844546,0.06583261,-0.22699454,0.05519724,0.08439584,0.40256467,0.0944461,0.020410795,2.1045089,0.04670429,-0.24884665,0.78836566,0.13414256,0.072784856,0.014090061,0.022412391,0.002529068,-0.020522526,0.10580431,-0.15154718,-0.27995595,-0.14989616,-0.048303902,0.077354774,0.036666993,0.024422904,-0.21737805,-0.11304764,0.2288865,-0.19549225,0.071715824,-0.09612689,-0.21660277,-0.04004509,0.011396293,0.10734023,0.009601861,-0.20824544,-0.0011415414,0.18574132,0.2076746,-0.17338708,-0.02839535,-0.04041513,0.2724999,0.084051475,-0.9383119,0.04196084,0.36124232,0.7852192,0.43048576,-1.7657741,0.17031913,0.28948912,1.6504441,-0.30063537,-0.01483827,-0.20481114,0.1623572,0.004856617,0.15398031,-0.1968979,-0.045119207,0.006521043,-0.14424898,-0.030564355,-0.010511554,0.15383501
0.03620365,-1.4558994,0.06707234,-1.0205938,-0.18774968,0.09060464,-0.10448413,0.01647595,0.049301174,0.42511234,0.14771147,0.0037184271,2.086414,0.09665194,-0.2756888,0.6882181,0.17566007,0.052627906,0.005366077,0.019927904,-0.011356687,-0.033149794,0.08891757,-0.15799911,-0.18830006,-0.13218983,0.014346271,0.07214857,0.05862244,0.017281605,-0.21709138,-0.13060245,0.24371704,-0.23567362,0.07895164,-0.09959589,-0.20955832,-0.07533062,0.016624704,0.11837225,0.022070382,-0.17201616,-0.017276153,0.22372907,0.15950258,-0.20355576,-0.04915777,-0.031141387,0.28215772,0.139049,-0.8950189,0.0035542701,0.4275026,0.74794286,0.43198985,-1.8201534,0.15164343,0.2703627,1.7275461,-0.3193571,-0.025313811,-0.23615305,0.15094405,-0.0038121974,0.1632046,-0.20077404,-0.045685377,0.008014258,-0.14179417,-0.031003952,-0.011848427,0.15442249
0.0351546,-1.4686515,0.089724556,-1.1405892,-0.21053228,0.10339728,0.021977805,-0.019598799,0.013231601,0.4263876,0.19343728,-0.012330402,1.9763467,0.14200847,-0.27404302,0.5774094,0.20466821,0.028516505,0.00505744,0.016679414,-0.021784224,-0.023818854,0.07687834,-0.1666982,-0.08109563,-0.115513615,0.07859876,0.061728694,0.07684226,0.010972477,-0.21753214,-0.14580101,0.25268552,-0.26342067,0.081587024,-0.106518984,-0.19691376,-0.10049211,0.022835266,0.13168922,0.037047215,-0.14345276,-0.021117102,0.2453838,0.12745763,-0.22349738,-0.06962826,-0.02561535,0.29212934,0.1808571,-0.857695,-0.021351293,0.47853783,0.73081195,0.43328592,-1.8658667,0.13307065,0.25681257,1.790451,-0.3287843,-0.036053743,-0.26729387,0.13553347,-0.014961673,0.17492287,-0.20257543,-0.04531293,0.008959661,-0.13976368,-0.030747378,-0.013349741,0.15328887
0.039663352,-1.4779334,0.108322956,-1.1943884,-0.22519399,0.099949196,0.14173533,-0.048714183,-0.017909799,0.40644374,0.22934486,-0.027774788,1.7926332,0.17509502,-0.24779916,0.46780017,0.21994491,0.004851368,0.013725442,0.0152186835,-0.029384535,0.007808744,0.07030503,-0.17797431,0.02541116,-0.101157054,0.1368993,0.04851578,0.089852445,0.0057516154,-0.2197699,-0.15673248,0.2550821,-0.2765195,0.080122985,-0.11473466,-0.17894052,-0.11055763,0.029297115,0.14425121,0.054239664,-0.12463518,-0.0131959,0.25009608,0.116510674,-0.23037766,-0.088423595,-0.02475801,0.30103645,0.2065673,-0.8311849,-0.028663214,0.50792277,0.7343784,0.43535367,-1.8964751,0.11788105,0.25178418,1.8285823,-0.32504293,-0.045891188,-0.29171914,0.11865518,-0.025726661,0.18774982,-0.2012991,-0.043165974,0.008456996,-0.13887437,-0.028228046,-0.0137368,0.15009639
0.048266817,-1.4862305,0.12208629,-1.1864914,-0.23090884,0.08343287,0.24089378,-0.06943009,-0.04262716,0.37541038,0.25448298,-0.041207265,1.5586882,0.19248801,-0.20633005,0.37787148,0.22398508,-0.012300275,0.028891414,0.017563283,-0.03486005,0.053605027,0.07013251,-0.19105326,0.113946654,-0.08847512,0.18441756,0.035388745,0.097951874,0.0017446601,-0.22239321,-0.16573296,0.25411555,-0.2767534,0.07514012,-0.11928967,-0.15934987,-0.10290366,0.03433972,0.15494101,0.07288046,-0.1143683,0.0012647749,0.24494039,0.122777,-0.22912711,-0.10152876,-0.028322734,0.3084685,0.22249985,-0.81741846,-0.020882307,0.52128416,0.7524174,0.43715763,-1.9162858,0.10863326,0.2558335,1.8573201,-0.30950147,-0.053456403,-0.30705568,0.10432058,-0.037217822,0.20215517,-0.1986973,-0.039992426,0.0070565385,-0.13873269,-0.024299245,-0.013256066,0.1451636
0.05858964,-1.4948475,0.13162124,-1.1377041,-0.22994141,0.05928791,0.31885225,-0.08359276,-0.060903903,0.33992592,0.2716275,-0.050735842,1.3077048,0.19947182,-0.15999034,0.31258136,0.2215319,-0.021406092,0.0472875,0.023121167,-0.03816869,0.0995308,0.07451016,-0.20170738,0.17467126,-0.07639881,0.21960238,0.02325528,0.10411495,-0.0005452386,-0.22160454,-0.17186835,0.25304925,-0.26769567,0.06539695,-0.1189954,-0.14110652,-0.08441786,0.03844222,0.16273375,0.08976472,-0.11239524,0.01640089,0.24000466,0.14046615,-0.22149178,-0.10871668,-0.03452572,0.31366917,0.23327966,-0.81673133,-0.0060476256,0.53074795,0.7778789,0.43995127,-1.9211994,0.10371776,0.2647028,1.8722236,-0.28757766,-0.05682038,-0.31341305,0.09431053,-0.04716409,0.2151999,-0.1969769,-0.03679516,0.0053739906,-0.13853675,-0.021267869,-0.012280872,0.13997845
0.06664941,-1.5006818,0.13741699,-1.071117,-0.22250003,0.035140976,0.36316758,-0.090341985,-0.073343635,0.305031,0.2790093,-0.05619003,1.078929,0.1992986,-0.12079644,0.30516675,0.21154061,-0.02245696,0.06437828,0.02987608,-0.039063,0.13578676,0.0800519,-0.20583555,0.21219365,-0.06774899,0.24308683,0.013807914,0.10810178,-0.0017345905,-0.21397701,-0.17585474,0.2509213,-0.25781724,0.05355556,-0.116381004,-0.12760085,-0.0640375,0.042603705,0.1685111,0.10192334,-0.11778352,0.030924529,0.23484091,0.16258834,-0.21274346,-0.111838125,-0.03978998,0.31561393,0.23890775,-0.82638645,0.014363475,0.5330428,0.80723464,0.44616872,-1.904637,0.09772157,0.27906573,1.8780893,-0.2629358,-0.053840574,-0.31184235,0.08952642,-0.05513132,0.22473519,-0.19585976,-0.03506104,0.005004158,-0.13869028,-0.021203315,-0.011815258,0.1365768
0.06960077,-1.4958864,0.13812558,-1.0014896,-0.21174745,0.010006651,0.36463818,-0.08901999,-0.07744319,0.27822056,0.27543837,-0.059933197,0.90974104,0.19257979,-0.094117604,0.388277,0.1926512,-0.018547732,0.076066196,0.035538733,-0.038186353,0.14343517,0.084673844,-0.1929701,0.23032914,-0.06619708,0.2527702,0.0092986375,0.108450234,-0.0027918536,-0.19973628,-0.17466864,0.2445927,-0.2495497,0.042251915,-0.11541452,-0.12363227,-0.05048368,0.04625813,0.17001547,0.105060644,-0.13314229,0.04503423,0.22449227,0.18932757,-0.20202158,-0.1147976,-0.037672397,0.30778214,0.22766244,-0.8473383,0.043844525,0.51683843,0.84790057,0.44786894,-1.8648309,0.09881229,0.29995507,1.8707315,-0.2425624,-0.047144588,-0.3022486,0.095289096,-0.0579367,0.22699848,-0.19595373,-0.035688695,0.0063145957,-0.14026928,-0.024832986,-0.012213507,0.13529389
0.06657974,-1.4733405,0.1322209,-0.93704796,-0.20274268,-0.020167604,0.3216022,-0.07987704,-0.0732986,0.26351237,0.2609051,-0.060308117,0.8186834,0.17913291,-0.08185517,0.5832851,0.17021085,-0.007614874,0.07948111,0.03866321,-0.03572035,0.111578666,0.08931384,-0.15514426,0.23136202,-0.07231981,0.2481363,0.010496907,0.10521144,-0.004274694,-0.1817999,-0.16752419,0.23024614,-0.24231046,0.03493733,-0.118100934,-0.13440643,-0.04515775,0.04849231,0.16598856,0.095676795,-0.16035345,0.057607565,0.20915498,0.21838298,-0.1904698,-0.11590604,-0.02746214,0.29297572,0.1951046,-0.87495387,0.0808149,0.48159218,0.8929214,0.44423023,-1.8105702,0.10841298,0.32769728,1.8482565,-0.22614838,-0.03750863,-0.28532353,0.10894465,-0.05091236,0.21989895,-0.19718549,-0.039080936,0.009483519,-0.14497194,-0.032105304,-0.014226301,0.13641302
0.05904074,-1.4333032,0.11905891,-0.8685877,-0.19347753,-0.055584528,0.22992375,-0.060848434,-0.05865441,0.2616795,0.23233551,-0.058110863,0.79976535,0.1562711,-0.08423065,0.87369895,0.14782627,0.0122705065,0.0755264,0.037377216,-0.032231327,0.035996255,0.09734533,-0.09208485,0.21875171,-0.08519165,0.23013812,0.017156545,0.09568595,-0.007224447,-0.16148962,-0.15362075,0.20419866,-0.23570408,0.034182142,-0.12585081,-0.15792659,-0.046430662,0.04735612,0.15207224,0.070765756,-0.20015398,0.06885707,0.18343583,0.2512908,-0.17636882,-0.114269435,-0.009070018,0.2656157,0.1311885,-0.8985162,0.12515937,0.41731632,0.9388446,0.426621,-1.7513696,0.13560374,0.35973808,1.804416,-0.21201728,-0.024060078,-0.25964683,0.13087568,-0.036456306,0.20380116,-0.19911215,-0.04244041,0.012984109,-0.15107049,-0.039873056,-0.01612148,0.13863513
0.051024683,-1.3785095,0.0986192,-0.78596115,-0.18036726,-0.089339055,0.0908236,-0.031477965,-0.039742786,0.27565926,0.18838626,-0.05323849,0.82544756,0.122071125,-0.0951118,1.2099559,0.12599891,0.04001232,0.06632808,0.03168432,-0.02910465,-0.06879632,0.11142505,-0.018055117,0.19097908,-0.09982022,0.20377581,0.027761672,0.07901338,-0.011210335,-0.14149638,-0.13404366,0.17087978,-0.22877988,0.04066444,-0.13481173,-0.19186407,-0.052143864,0.04209217,0.12618527,0.030494789,-0.24591821,0.077099994,0.14867236,0.2832378,-0.16257083,-0.110286534,0.015261992,0.22876678,0.036065135,-0.91099954,0.16988337,0.32830626,0.9765149,0.39716887,-1.7134094,0.18289089,0.39058986,1.7406547,-0.19783391,-0.008399817,-0.22954167,0.1580178,-0.017481769,0.18290126,-0.20139916,-0.04324687,0.015775237,-0.15573138,-0.045286577,-0.016309625,0.1402219
0.04643435,-1.3154662,0.07399772,-0.6930608,-0.16505164,-0.11424819,-0.081477724,0.0070377067,-0.019611329,0.30111694,0.13398847,-0.04530818,0.86792463,0.07856574,-0.10857123,1.5373333,0.106936745,0.07459606,0.05402584,0.023756573,-0.026891474,-0.17752555,0.12868917,0.04900312,0.14926147,-0.10988727,0.1754638,0.03764491,0.058013026,-0.015510504,-0.12639423,-0.11129121,0.13788949,-0.22114274,0.04926437,-0.14485319,-0.2273482,-0.058222696,0.03214504,0.08954681,-0.023661487,-0.28952292,0.082749456,0.11245539,0.31115934,-0.14959018,-0.10332406,0.038952827,0.18560521,-0.08594843,-0.912478,0.20725144,0.22735699,1.0037426,0.35971278,-1.7095234,0.25283733,0.41509488,1.616045,-0.17897065,0.009668051,-0.19816166,0.18428256,0.011966988,0.15806058,-0.20272589,-0.040587697,0.016843187,-0.15691796,-0.047482874,-0.013828015,0.14042833
0.049674273,-1.2480321,0.048365094,-0.58321065,-0.14450052,-0.12356259,-0.27377987,0.05020338,-0.010667392,0.33222136,0.07149037,-0.03516379,0.882733,0.023085928,-0.11687493,1.8140652,0.08623896,0.11727565,0.041495882,0.015829641,-0.024657797,-0.2605582,0.14133571,0.08865133,0.098555736,-0.10954028,0.15401658,0.045092963,0.034159284,-0.019024793,-0.12269701,-0.0907057,0.111650996,-0.21614788,0.059043314,-0.1561421,-0.26077557,-0.063815854,0.022032296,0.046592258,-0.08959839,-0.31745982,0.08600415,0.08407227,0.32626265,-0.14450128,-0.095687784,0.05822318,0.13787648,-0.22484206,-0.90581065,0.23402235,0.13181776,1.0209016,0.31594643,-1.7425244,0.3406933,0.43346757,1.4650404,-0.15386114,0.02609451,-0.17057005,0.20840687,0.041687224,0.13852817,-0.20227878,-0.035298686,0.016010024,-0.1553507,-0.04719053,-0.009207239,0.1398833
0.06390082,-1.1808355,0.023169583,-0.45544147,-0.11713933,-0.110764645,-0.47544357,0.09026791,-0.020301286,0.36808336,0.0043361,-0.023681086,0.844285,-0.042882994,-0.113714516,2.008295,0.055531863,0.16043667,0.029515462,0.010650947,-0.022066258,-0.29140303,0.14132042,0.0865281,0.040229384,-0.09783855,0.14089487,0.04907083,0.008573031,-0.020547152,-0.13714232,-0.07779273,0.09671016,-0.21364991,0.07004442,-0.17131536,-0.2889805,-0.06058318,0.012224455,0.001689572,-0.16229594,-0.3197783,0.088621415,0.06799489,0.32273623,-0.15065008,-0.085333586,0.07105997,0.08259957,-0.36669138,-0.8900527,0.2496118,0.04944703,1.0269098,0.26191294,-1.7835888,0.4354561,0.4505569,1.327283,-0.12332093,0.037412368,-0.14940727,0.23497035,0.061519444,0.13090016,-0.20013824,-0.030325953,0.01356096,-0.15255482,-0.046898108,-0.0029639981,0.1393535
0.086998135,-1.1188747,0.0008577006,-0.31691515,-0.08320906,-0.076924585,-0.6915303,0.12740299,-0.05118757,0.4053922,-0.065615684,-0.0069186417,0.7588592,-0.11330824,-0.098045446,2.1296232,0.01017362,0.20789683,0.017818082,0.009702344,-0.014646562,-0.26271838,0.12734048,0.046292108,-0.014363162,-0.07389945,0.13446479,0.04766588,-0.018815018,-0.017456383,-0.1678197,-0.076401554,0.09080682,-0.2108007,0.08103882,-0.18944015,-0.30930504,-0.037782375,0.00018362868,-0.036996536,-0.23546901,-0.29440802,0.09277244,0.06429035,0.30300066,-0.16964994,-0.0663961,0.07317032,0.017588247,-0.4945554,-0.85820365,0.25882074,-0.017446969,1.0180662,0.1983734,-1.8145252,0.5224241,0.4714346,1.2416562,-0.08986333,0.040784955,-0.13544689,0.26429772,0.06746899,0.13854177,-0.19582264,-0.028922958,0.011424111,-0.1514628,-0.049586207,0.0019028458,0.13897856
0.113055855,-1.0715806,-0.016140798,-0.16978092,-0.043960713,-0.028896136,-0.90419585,0.15717696,-0.09383572,0.43741843,-0.13234563,0.014527273,0.6397057,-0.17786235,-0.07147524,2.1818662,-0.04810669,0.25288543,0.010469209,0.012975294,-0.0011962459,-0.18082434,0.10599821,-0.018384797,-0.051430278,-0.0422838,0.13321549,0.038899623,-0.044335935,-0.009575535,-0.20793238,-0.08343848,0.090527855,-0.20681487,0.08946401,-0.20972198,-0.3191749,0.0029197722,-0.013425493,-0.066764854,-0.30011487,-0.25109923,0.09951557,0.068404034,0.27958396,-0.19247809,-0.04108366,0.06689395,-0.058132075,-0.5995733,-0.8091989,0.2646405,-0.06928854,1.0051794,0.11857224,-1.807605,0.59600073,0.49788314,1.1855745,-0.05809366,0.03930835,-0.12594092,0.29389673,0.06534608,0.15363063,-0.18580815,-0.02876114,0.008478324,-0.15105943,-0.053438943,0.006574058,0.13801126
0.1365867,-1.0425165,-0.028165681,-0.020607788,-0.0018686964,0.026008978,-1.0986438,0.18040864,-0.13923329,0.45461878,-0.1936626,0.03725448,0.51085645,-0.22904922,-0.04119279,2.1617045,-0.11180571,0.27958992,0.005817997,0.01704284,0.0131119145,-0.065496296,0.08668395,-0.09465301,-0.067279,-0.014514391,0.13417226,0.029208738,-0.06879986,-0.0009045981,-0.2447363,-0.09588661,0.09720722,-0.19942044,0.097472824,-0.2221569,-0.31293607,0.046833184,-0.02669008,-0.08619795,-0.34213534,-0.19588487,0.10505056,0.061628003,0.2418718,-0.21848603,-0.011290084,0.059061676,-0.13158639,-0.6671206,-0.74359536,0.2646893,-0.12166994,0.9536703,0.04099792,-1.800254,0.64454556,0.5070279,1.2226882,-0.04185868,0.02666464,-0.12644938,0.32146993,0.04825514,0.17961957,-0.16935915,-0.029280772,0.005967265,-0.15167621,-0.056080062,0.009809107,0.13659404
0.15296906,-1.0310315,-0.03559078,0.11103882,0.036058072,0.07705408,-1.2504382,0.20192295,-0.17234524,0.4514091,-0.24458537,0.060328968,0.40261453,-0.2621468,-0.014431536,2.0795221,-0.16385163,0.27919263,0.0039748433,0.018283345,0.02541591,0.056589883,0.07484586,-0.16459846,-0.059353817,0.0009520304,0.13680445,0.02006415,-0.08971558,0.0058801863,-0.26919958,-0.1064581,0.10798665,-0.19173369,0.104547344,-0.22648782,-0.29101843,0.08304694,-0.04264601,-0.09259811,-0.35925487,-0.1451534,0.11515501,0.036849767,0.19729343,-0.2411369,0.022135133,0.052708812,-0.18552189,-0.696029,-0.677987,0.27045852,-0.18584356,0.87342423,-0.012270583,-1.7996807,0.65380436,0.50823927,1.2848103,-0.025655532,0.011953099,-0.1357,0.33968124,0.0317279,0.2080032,-0.14619797,-0.029404128,0.004963434,-0.15229733,-0.05698243,0.0112713715,0.13471863
0.16303025,-1.030472,-0.039196774,0.21950467,0.065862335,0.1149188,-1.3274866,0.22139354,-0.182873,0.42726558,-0.28256842,0.08071211,0.32197893,-0.27828416,0.006043524,1.9238726,-0.19378273,0.25112936,0.008051015,0.013231332,0.033558857,0.1629415,0.06811929,-0.2198146,-0.030259248,0.0018881833,0.14169487,0.014214622,-0.105529755,0.009569084,-0.2777834,-0.1083162,0.11966696,-0.18827443,0.112678885,-0.22231299,-0.2580877,0.09924658,-0.058659036,-0.08555831,-0.35460347,-0.11398764,0.130104,-0.0036333543,0.15468337,-0.25403163,0.05388815,0.05147875,-0.20767422,-0.6996073,-0.64212966,0.28340477,-0.25046042,0.7967869,-0.029958015,-1.8204813,0.6327411,0.50591993,1.3632251,-0.0102285575,-0.004869005,-0.1518907,0.34543765,0.014350076,0.23460667,-0.11911814,-0.027559675,0.0052508987,-0.15116067,-0.056055322,0.011089083,0.13283679
0.16879746,-1.0376995,-0.041074753,0.29982963,0.085485876,0.1377567,-1.3111025,0.23058723,-0.16716489,0.38742444,-0.30511114,0.095662594,0.27579048,-0.2771691,0.018670158,1.6705412,-0.20429385,0.19785547,0.019357033,0.0014876713,0.037298124,0.24663395,0.06257597,-0.2625349,0.017201422,-0.010962028,0.15114696,0.012576771,-0.1155747,0.011397766,-0.27326044,-0.099975415,0.12895225,-0.18919085,0.12418326,-0.21268833,-0.21776542,0.09524455,-0.0725221,-0.06568694,-0.3334391,-0.10812982,0.14855218,-0.05217807,0.121198356,-0.25417894,0.08055401,0.05488998,-0.19059812,-0.6860031,-0.6524405,0.3004906,-0.30372414,0.7499845,-0.008559589,-1.857783,0.5829456,0.50478107,1.4455535,0.0046241214,-0.022366727,-0.17381674,0.33869535,-0.004929958,0.25523773,-0.09366555,-0.025596071,0.006690913,-0.14830285,-0.05468403,0.009846337,0.13265128
0.16974142,-1.0517421,-0.04253973,0.33589864,0.0936953,0.14360142,-1.2311013,0.23123324,-0.13020363,0.34589085,-0.31270412,0.10576194,0.30702576,-0.2588591,0.022673564,1.3579181,-0.20488636,0.1411185,0.033987988,-0.0142055005,0.041069116,0.2958022,0.057401583,-0.28645366,0.07216126,-0.02940691,0.15853272,0.01370809,-0.12174768,0.014311052,-0.2590626,-0.0849252,0.13182712,-0.18685322,0.13449608,-0.20292865,-0.17710122,0.087104805,-0.084488176,-0.038506113,-0.30843005,-0.124213375,0.16526802,-0.09278089,0.10920468,-0.24037188,0.10497805,0.05416972,-0.14779754,-0.66456074,-0.70108235,0.3143012,-0.33027023,0.7502321,0.040039964,-1.8888897,0.5197791,0.5018076,1.5102624,0.008264087,-0.03467016,-0.19376044,0.32427785,-0.022716109,0.26577133,-0.078898616,-0.025890235,0.008668977,-0.14510259,-0.05467623,0.0074553057,0.1337042
0.16401742,-1.0768164,-0.044096757,0.3227576,0.09175308,0.1325559,-1.1075212,0.2216685,-0.078194015,0.31340146,-0.30325943,0.11125194,0.43962485,-0.22666445,0.019323708,1.045247,-0.19969502,0.093625225,0.05033747,-0.028520871,0.046698924,0.31259707,0.053387105,-0.28980798,0.11626204,-0.046132162,0.15587911,0.015383648,-0.121067934,0.019493872,-0.24370776,-0.067220904,0.13079074,-0.17855175,0.13818155,-0.19624992,-0.14431307,0.080318816,-0.08994538,-0.008445283,-0.2826125,-0.15669535,0.17517778,-0.11300743,0.1257374,-0.21385242,0.12141635,0.04608987,-0.08982263,-0.63246167,-0.77676797,0.3143322,-0.31695545,0.8036407,0.09974867,-1.8872466,0.45632768,0.49232823,1.5250874,-0.008218384,-0.036669917,-0.20578271,0.30426687,-0.03273084,0.26151314,-0.0793977,-0.028555006,0.0091460645,-0.1419128,-0.055527225,0.0054430626,0.1355374
0.15178984,-1.109511,-0.046012875,0.2752253,0.085919596,0.11039493,-0.98708695,0.20918041,-0.025010176,0.29485396,-0.28314322,0.11373283,0.6600891,-0.19222303,0.0049891165,0.8123662,-0.18998767,0.062143512,0.061581742,-0.035303287,0.051750105,0.29436272,0.052371692,-0.273293,0.12553424,-0.059509825,0.134155,0.019078098,-0.11455619,0.023501655,-0.22560406,-0.05288805,0.12870766,-0.16174906,0.1348149,-0.18981813,-0.12311441,0.07526467,-0.08756658,0.018848531,-0.2541708,-0.19441105,0.17217666,-0.11494274,0.15604647,-0.18315889,0.12983575,0.030484999,-0.032202877,-0.5818486,-0.8505889,0.29172996,-0.27404583,0.8580557,0.15899514,-1.8452115,0.40062046,0.45617774,1.5137011,-0.04964956,-0.028725775,-0.20649597,0.28699806,-0.03801402,0.24585374,-0.09664021,-0.03385125,0.007846049,-0.13964556,-0.056278687,0.004457622,0.1382655
0.13354874,-1.1501964,-0.04847346,0.18680277,0.07297638,0.07562325,-0.9011565,0.20233962,0.021105057,0.29899368,-0.25445008,0.11609985,0.9469714,-0.16320556,-0.016889926,0.727675,-0.17402004,0.054894466,0.062951714,-0.032156985,0.056194235,0.24827808,0.06032331,-0.24018784,0.076971106,-0.07195842,0.08352138,0.023147985,-0.101894625,0.027156696,-0.20893733,-0.046148587,0.13036463,-0.13927698,0.12300014,-0.17949486,-0.124416694,0.072403856,-0.07648632,0.04158519,-0.2248469,-0.23354729,0.15440084,-0.086977445,0.19944192,-0.15327948,0.12703519,0.004929091,0.024825094,-0.500397,-0.9099472,0.25211078,-0.1928301,0.89312655,0.21864551,-1.7340665,0.33910236,0.40719566,1.4569248,-0.0986336,-0.0038770167,-0.19308321,0.27443886,-0.030875389,0.22093835,-0.13178736,-0.039529327,0.005700465,-0.13863382,-0.055790115,0.0036286577,0.14069623
0.11100283,-1.2038479,-0.04883628,0.045996286,0.0438861,0.03558977,-0.8265735,0.19795552,0.06450361,0.3174748,-0.21271263,0.1142689,1.2721889,-0.13844208,-0.048283365,0.75882465,-0.14322211,0.064399175,0.055408545,-0.022312853,0.05716423,0.19545867,0.07376386,-0.20349762,-0.023977952,-0.08954887,0.008218161,0.027901608,-0.08351274,0.030201886,-0.19930209,-0.046565425,0.13480854,-0.11762108,0.10228336,-0.16176556,-0.14371003,0.06791701,-0.05909663,0.057967495,-0.19029231,-0.27285635,0.12456063,-0.037150484,0.25005615,-0.12603833,0.11253766,-0.02337163,0.07978603,-0.3928985,-0.95468235,0.20314789,-0.08374705,0.9068395,0.27450752,-1.5687559,0.27559048,0.35501197,1.3705984,-0.14318001,0.03413428,-0.16798486,0.26595074,-0.011992091,0.19055215,-0.17441918,-0.044151828,0.0038430253,-0.13790968,-0.05381709,0.0015880844,0.14231417
0.08510699,-1.2698287,-0.042911556,-0.13067429,0.0032931026,0.008226903,-0.7277628,0.18388486,0.09927993,0.33891416,-0.15702607,0.10423468,1.5797443,-0.11166662,-0.090596005,0.8174616,-0.09328077,0.0776971,0.045877755,-0.011086771,0.053253565,0.14775649,0.08558467,-0.17666271,-0.13732725,-0.11067801,-0.06177942,0.03474331,-0.060657855,0.03207705,-0.19663174,-0.05187256,0.1417644,-0.107779324,0.08050307,-0.13812034,-0.17238882,0.05382337,-0.038165987,0.07024007,-0.14963572,-0.3054856,0.09074284,0.017560642,0.29236528,-0.10868718,0.0869213,-0.042921484,0.13291596,-0.275682,-0.98361963,0.15769634,0.027857417,0.900268,0.32699072,-1.4100803,0.21120466,0.31398174,1.3002932,-0.1749163,0.07265981,-0.14308323,0.25637406,0.013261843,0.16223525,-0.21075134,-0.048719913,0.0034879479,-0.13796934,-0.05169345,-0.0019171936,0.1445072
0.056280795,-1.3439478,-0.029780604,-0.3313967,-0.045779232,-0.0019712115,-0.6068699,0.15980276,0.118970625,0.3645794,-0.09148232,0.08503607,1.8523303,-0.08250239,-0.14005797,0.853719,-0.031115549,0.08831205,0.03679747,-0.0025659685,0.04563121,0.10988386,0.08911624,-0.16452923,-0.23038751,-0.13033289,-0.10754741,0.043122776,-0.036594827,0.033630457,-0.20171794,-0.059038736,0.15223376,-0.11219798,0.06342559,-0.117587596,-0.19967109,0.03747991,-0.01864262,0.076093584,-0.10935218,-0.32200274,0.05373848,0.072836615,0.31754938,-0.10379794,0.058287576,-0.05408285,0.17663708,-0.16234994,-0.99713534,0.11194434,0.13669589,0.8776414,0.36833093,-1.2987822,0.15935153,0.2728523,1.2970349,-0.2161757,0.102641925,-0.12656178,0.2468987,0.033135448,0.14200792,-0.23925231,-0.052309375,0.0039906306,-0.13910136,-0.049311712,-0.0058538523,0.14674641
0.027287776,-1.4191678,-0.010413496,-0.53718764,-0.09703789,0.0016613507,-0.46424368,0.12664148,0.12131061,0.39234677,-0.020153344,0.06109271,2.0673773,-0.050565414,-0.19270997,0.8289572,0.03918925,0.09019086,0.030578947,0.0020303803,0.03643835,0.076446384,0.08392165,-0.16334502,-0.27697602,-0.14298934,-0.11532602,0.052520864,-0.011818083,0.03493125,-0.21411781,-0.06825814,0.16969799,-0.13304546,0.054337706,-0.10314696,-0.21833391,0.018018927,-0.0042194896,0.08144778,-0.07020376,-0.3142727,0.01564238,0.12524284,0.31564716,-0.11721467,0.03145056,-0.05783192,0.21488202,-0.05147237,-0.99344933,0.06296468,0.23887001,0.840823,0.40531927,-1.2676232,0.118079744,0.22648674,1.3871347,-0.27601084,0.11429641,-0.12841557,0.23600319,0.039765064,0.13536572,-0.26053807,-0.054686144,0.0048782392,-0.14085577,-0.046876572,-0.009732445,0.14888096
0.0020252343,-1.4836351,0.014391837,-0.73088163,-0.14116012,0.022132216,-0.31411412,0.08708496,0.10057401,0.422534,0.052416056,0.036598127,2.2014003,-0.015180199,-0.24981155,0.7441014,0.110737965,0.08138275,0.027324773,0.0065040686,0.025957156,0.041053966,0.06808067,-0.1667636,-0.2631187,-0.1425229,-0.08144333,0.058504626,0.016117834,0.034485776,-0.2257023,-0.07941324,0.1913869,-0.16862904,0.054397333,-0.09667797,-0.22842085,-0.0062070377,0.0045954376,0.08999002,-0.03568908,-0.28311554,-0.019184224,0.17656161,0.2868497,-0.14655669,0.0076576867,-0.05643967,0.24595937,0.0534463,-0.9624024,0.0056281034,0.334391,0.788293,0.43818164,-1.3026252,0.08619503,0.17553034,1.507184,-0.34476173,0.10945783,-0.14877659,0.22346808,0.036650266,0.13593361,-0.27621114,-0.055631284,0.0052763447,-0.14100946,-0.044911806,-0.011606439,0.15063189
-0.01750947,-1.5351565,0.04175361,-0.91672945,-0.17834428,0.050891854,-0.17307395,0.046422314,0.060239855,0.45467573,0.12204014,0.014425794,2.261041,0.027627034,-0.30157027,0.6383689,0.1729076,0.06765798,0.02424229,0.011448599,0.015133856,0.0064192307,0.049619198,-0.16874696,-0.20129633,-0.13244873,-0.022738222,0.05878858,0.045680944,0.032534823,-0.23146604,-0.09359846,0.21590151,-0.21091971,0.060844548,-0.09516382,-0.23316881,-0.03586382,0.013141775,0.10440022,-0.0050877444,-0.23782569,-0.050795384,0.23094505,0.24244092,-0.18405925,-0.0154241435,-0.05635642,0.2771237,0.1555596,-0.9108168,-0.06169691,0.43507838,0.7242109,0.470144,-1.3791685,0.05514516,0.11751028,1.6232651,-0.41527912,0.091428116,-0.18267408,0.20801623,0.027078487,0.14133011,-0.2929214,-0.05508304,0.005161495,-0.13978966,-0.042696122,-0.012569086,0.15152137
-0.028954234,-1.5760152,0.06796085,-1.0981894,-0.2118777,0.08589801,-0.033527467,0.0054696915,0.011390387,0.476713,0.1882507,-0.008236333,2.267375,0.07725143,-0.33765298,0.52006537,0.22450615,0.047619205,0.020897856,0.015274141,0.0036736494,-0.0120011205,0.032209642,-0.17080408,-0.105169185,-0.12067399,0.044592816,0.054229077,0.07363767,0.028789436,-0.23220329,-0.109562784,0.23367658,-0.2503072,0.068947524,-0.09784289,-0.22907773,-0.064541176,0.021923533,0.12287872,0.024947658,-0.18754627,-0.07228319,0.2758313,0.19354723,-0.22055939,-0.036348473,-0.056572177,0.30775905,0.2493308,-0.8420411,-0.12507857,0.52244264,0.6606814,0.49775106,-1.46971,0.02081461,0.06495414,1.7103558,-0.4660738,0.070255056,-0.22208205,0.18611096,0.014633988,0.14906697,-0.3055148,-0.05433326,0.005520487,-0.1377132,-0.04046404,-0.0140570905,0.15187499
-0.02982443,-1.6050929,0.09039434,-1.2396269,-0.23321499,0.12180669,0.10529854,-0.034166012,-0.03964484,0.47750688,0.24427103,-0.033603944,2.1936746,0.125602,-0.34176743,0.39667308,0.26169908,0.021957131,0.021742718,0.01728471,-0.0061177914,-0.010766761,0.0197029,-0.17448878,0.0155991865,-0.1069537,0.117124595,0.04694488,0.09592054,0.02349992,-0.22820283,-0.12563725,0.24278606,-0.2807558,0.076448224,-0.10275896,-0.21184665,-0.084170856,0.03102302,0.14412643,0.055137064,-0.14122541,-0.07565548,0.29682252,0.15393563,-0.2444696,-0.05541941,-0.05517966,0.33326972,0.31671754,-0.7709147,-0.16241011,0.5794596,0.6234524,0.51654446,-1.5670567,-0.01026744,0.03659151,1.7775173,-0.48809803,0.04905534,-0.26096484,0.1573415,-1.9211982e-05,0.16062495,-0.30845186,-0.054364935,0.0066324095,-0.13599673,-0.038114194,-0.015867323,0.15176074
-0.020445036,-1.6258818,0.10620767,-1.3151323,-0.24138172,0.14488298,0.22108334,-0.063518256,-0.08501371,0.4568165,0.28270164,-0.05842246,2.042033,0.15860637,-0.31120428,0.30102637,0.279,-0.0024722286,0.027939802,0.01916604,-0.012649815,0.01130853,0.013278124,-0.18061343,0.13594653,-0.092600524,0.1831228,0.037511744,0.10957632,0.0185591,-0.22252,-0.13868451,0.24278562,-0.29676443,0.081180684,-0.11105785,-0.1805258,-0.08417991,0.038827077,0.16292268,0.08359688,-0.1085296,-0.062291965,0.29399708,0.13779852,-0.24729696,-0.06974693,-0.056654405,0.3483652,0.3513877,-0.7195694,-0.16867903,0.60636216,0.6264204,0.51986086,-1.6526276,-0.02699264,0.030615954,1.8315822,-0.4891933,0.030608179,-0.29127467,0.12935357,-0.016161589,0.17402343,-0.30391687,-0.05367378,0.007885569,-0.13511185,-0.034539923,-0.016892485,0.14987998
-0.0027479322,-1.6407073,0.114828646,-1.313636,-0.2384702,0.14474273,0.30726036,-0.081839174,-0.117865175,0.4191704,0.30434623,-0.07876871,1.806329,0.17502908,-0.25289285,0.24860321,0.27983966,-0.018544618,0.039716233,0.023369517,-0.015955051,0.045980886,0.018556615,-0.18657899,0.22938628,-0.07831002,0.2330147,0.028105745,0.11583166,0.014789209,-0.21872349,-0.15021981,0.2379905,-0.2946625,0.07805462,-0.11523599,-0.14151597,-0.06587131,0.04457514,0.17795952,0.109358534,-0.09021328,-0.038269043,0.27814174,0.14572756,-0.23515692,-0.08097957,-0.060829885,0.35552526,0.36229768,-0.69605225,-0.14484341,0.6120979,0.6648352,0.51495034,-1.7140397,-0.030361416,0.049409747,1.8794901,-0.4680395,0.016766952,-0.30980527,0.107262954,-0.030853733,0.18948628,-0.2941427,-0.05207227,0.008796428,-0.13582708,-0.030643104,-0.017401785,0.1464411
0.01721793,-1.651157,0.1179791,-1.2529242,-0.226889,0.12705806,0.3621171,-0.09176886,-0.13810267,0.37672493,0.312505,-0.09258422,1.5138493,0.18097426,-0.18784189,0.2506227,0.2689771,-0.022317505,0.055425126,0.02977404,-0.018748267,0.08383511,0.032048967,-0.1918578,0.283832,-0.06500003,0.2629788,0.02043377,0.11731653,0.0118842125,-0.2151791,-0.16115892,0.23138769,-0.27763075,0.065294124,-0.11189263,-0.10541822,-0.038923863,0.046976812,0.18786903,0.12986663,-0.0871255,-0.008366716,0.2553206,0.17035988,-0.21882741,-0.09000044,-0.06320784,0.3544593,0.35862643,-0.6978432,-0.10020672,0.5959706,0.7226261,0.50892854,-1.739958,-0.024247035,0.090981066,1.909959,-0.42502546,0.010505372,-0.31458035,0.09585185,-0.04410583,0.2044784,-0.28224716,-0.049369894,0.009022975,-0.13698032,-0.027476382,-0.017261056,0.14125837
0.0317723,-1.6510231,0.11577114,-1.1457695,-0.20823064,0.09301487,0.37578842,-0.09321099,-0.1462584,0.33520684,0.30544072,-0.09827772,1.1959461,0.17964771,-0.13164064,0.3443752,0.24735971,-0.014825668,0.07241858,0.036160804,-0.020684002,0.11290841,0.049936097,-0.18795928,0.29954416,-0.05673675,0.27295357,0.017161446,0.11445337,0.0091604,-0.20493494,-0.16698289,0.22286932,-0.25502878,0.045923445,-0.10566567,-0.077162206,-0.013647695,0.045301095,0.19337144,0.14546858,-0.1000238,0.02347452,0.22137068,0.20423375,-0.20281528,-0.09550021,-0.061839275,0.34443867,0.3467086,-0.72245544,-0.044989225,0.54961866,0.78667307,0.5001196,-1.7268302,-0.011176462,0.14161149,1.9108846,-0.36941987,0.010594248,-0.3056657,0.09758268,-0.0520334,0.2150144,-0.27126443,-0.048524823,0.009554767,-0.13885207,-0.029012768,-0.017059581,0.13604398
0.036836006,-1.6339055,0.10755602,-1.0233659,-0.18657944,0.05385987,0.34895137,-0.08753607,-0.1428136,0.30377087,0.285089,-0.09815174,0.9212728,0.17060591,-0.09366815,0.54558456,0.22361214,0.00023047587,0.085335314,0.038296342,-0.022239745,0.119860426,0.066550456,-0.16874923,0.28111455,-0.055710454,0.26163498,0.018889174,0.106551364,0.006139162,-0.18672882,-0.16471957,0.21023194,-0.23132221,0.025999337,-0.101161726,-0.064075805,0.0021384018,0.038932458,0.19301477,0.14921129,-0.12881754,0.054678485,0.1771828,0.23955607,-0.18827584,-0.09815246,-0.051522553,0.32322893,0.32018757,-0.7575818,0.013373353,0.4669659,0.84375024,0.48276022,-1.6694217,0.007851646,0.1975898,1.869825,-0.30629584,0.017594378,-0.28352937,0.11248582,-0.048686404,0.21562248,-0.26130012,-0.051248845,0.010866455,-0.14206469,-0.036648802,-0.017127661,0.13298912
0.032744564,-1.597284,0.093095265,-0.90626955,-0.16763926,0.013184297,0.28850988,-0.07669345,-0.12503913,0.28452078,0.25391406,-0.094703086,0.73080117,0.15185696,-0.073131,0.83916837,0.20397839,0.022375157,0.09083635,0.03455156,-0.022367354,0.09709915,0.08059422,-0.13054533,0.24432407,-0.05857402,0.23471232,0.024338588,0.09458426,0.002996719,-0.16331868,-0.15401638,0.19254854,-0.2088923,0.011245406,-0.10008076,-0.06156039,0.007302689,0.028816791,0.18415493,0.13526678,-0.17017815,0.08214578,0.12906113,0.2730486,-0.16722439,-0.0996452,-0.032025717,0.29054624,0.2662385,-0.79331315,0.0697057,0.36016777,0.8919403,0.45334184,-1.5928885,0.03679129,0.2542652,1.7659612,-0.24276526,0.026436651,-0.25353783,0.13742399,-0.02771059,0.20250867,-0.25103235,-0.05729749,0.012639329,-0.14728385,-0.048519533,-0.01687812,0.1332645
0.022952592,-1.5446014,0.07264075,-0.7971091,-0.15179382,-0.023671627,0.17898937,-0.053706694,-0.09645123,0.28120935,0.20975527,-0.08635096,0.6442568,0.11928879,-0.07098046,1.1934893,0.19104785,0.05163003,0.086718254,0.02773647,-0.02093047,0.037333425,0.09088687,-0.07363019,0.20255478,-0.061894376,0.2027042,0.029866163,0.07899615,-0.00077436416,-0.13869356,-0.1331559,0.16711655,-0.19642964,0.006773505,-0.10408566,-0.070903,0.0028221642,0.018618118,0.16074307,0.0984457,-0.22133216,0.100456156,0.08681217,0.30538177,-0.13468876,-0.09901888,-0.0070484127,0.24462657,0.17296383,-0.82203174,0.11735665,0.24857704,0.9322879,0.40877163,-1.5194826,0.08328869,0.2997033,1.5704914,-0.18358721,0.03502297,-0.21739545,0.1700694,0.016834458,0.17236376,-0.24125426,-0.06251631,0.014274423,-0.15137416,-0.059878383,-0.014834347,0.13469596
0.0125955185,-1.4800913,0.046576574,-0.6943993,-0.14026444,-0.0530602,0.027752724,-0.019198056,-0.062585734,0.29463017,0.15610527,-0.07582864,0.64212316,0.075681284,-0.07855263,1.5400697,0.17907901,0.08585588,0.077518545,0.019982073,-0.020375576,-0.04681491,0.10303958,-0.012093815,0.16127382,-0.0653241,0.17174375,0.036906198,0.059781067,-0.005694977,-0.12217084,-0.10901857,0.1402623,-0.19167523,0.012332213,-0.11031741,-0.088604085,-0.00864881,0.013477905,0.12788936,0.052715767,-0.2697063,0.110367574,0.0509271,0.33102447,-0.103524886,-0.09946366,0.020538865,0.19632728,0.060593944,-0.84099275,0.156058,0.14820527,0.9648222,0.35574865,-1.4946942,0.14713688,0.3361877,1.3631316,-0.13473047,0.04039742,-0.18403591,0.20133284,0.06674588,0.13830501,-0.23086642,-0.06488921,0.016072955,-0.15339616,-0.0678736,-0.012353518,0.13670366
0.006175654,-1.4084638,0.017646736,-0.59512323,-0.13091779,-0.071119435,-0.15222225,0.025563452,-0.032121334,0.32107764,0.09710476,-0.061337914,0.68322736,0.024724465,-0.08930447,1.8303413,0.16828601,0.1239121,0.0652682,0.013841913,-0.019688372,-0.13570245,0.11743006,0.039125256,0.12309662,-0.0670194,0.14919713,0.04363755,0.039720416,-0.010971639,-0.11639926,-0.08801406,0.11777557,-0.19303997,0.023569852,-0.11915589,-0.114037536,-0.021771895,0.011312053,0.08709367,-0.0012190657,-0.3055234,0.11218419,0.025876392,0.3461792,-0.084007725,-0.098483175,0.044963326,0.14533094,-0.064962886,-0.8462934,0.18280844,0.06339468,0.9888849,0.2989706,-1.5254074,0.22845827,0.3588974,1.1477982,-0.099044286,0.044704124,-0.15748632,0.22729978,0.11340894,0.10820979,-0.21889348,-0.061061397,0.016242448,-0.1526333,-0.06886767,-0.008590639,0.1367098
0.007064586,-1.3296754,-0.011334879,-0.48253193,-0.11794014,-0.080683485,-0.35401392,0.077287644,-0.014458008,0.35561907,0.032992277,-0.04332491,0.7080119,-0.034395903,-0.094352566,2.0470483,0.14762765,0.16361782,0.051953476,0.012057342,-0.015484388,-0.20548703,0.12812097,0.06809057,0.08570141,-0.063923664,0.13707861,0.04902074,0.019679109,-0.014404141,-0.12124107,-0.06987372,0.10167733,-0.19856428,0.036017086,-0.13224214,-0.14363925,-0.028096206,0.009495122,0.04285516,-0.0631881,-0.3206355,0.10691654,0.014035618,0.35277453,-0.07888339,-0.09367418,0.059855208,0.09034339,-0.19701588,-0.83892256,0.19622773,-0.00283609,1.0098627,0.2398378,-1.5896015,0.32386935,0.36499348,0.92327124,-0.07513783,0.049018223,-0.13903469,0.24672084,0.15388627,0.08627449,-0.20600349,-0.053925484,0.014892804,-0.15009622,-0.06646496,-0.0038251344,0.13478129
0.017554564,-1.2515336,-0.03835853,-0.35141316,-0.093668394,-0.071334906,-0.5665337,0.1251533,-0.0197879,0.39019406,-0.036193293,-0.024175406,0.688033,-0.09928826,-0.09009242,2.1784577,0.106996134,0.2031051,0.037952714,0.010630097,-0.009350109,-0.23053217,0.12790251,0.05968512,0.04001496,-0.055740427,0.12870583,0.05384188,-0.0048034675,-0.015786408,-0.1397629,-0.062490277,0.092990994,-0.19894235,0.049875278,-0.1469994,-0.17191906,-0.021386301,0.0054951054,-9.8038894e-05,-0.12996058,-0.3085982,0.099988,0.006203058,0.33909953,-0.09359227,-0.081990086,0.06731691,0.028114025,-0.32615662,-0.8143166,0.20361741,-0.062802605,1.0053866,0.17548668,-1.6589833,0.41604576,0.36910263,0.8192362,-0.06491345,0.05094472,-0.12866151,0.26725364,0.16422269,0.08529166,-0.19574244,-0.04803165,0.012505197,-0.14945781,-0.06396451,0.00054566446,0.1331539
0.03608181,-1.1873051,-0.060342178,-0.20672935,-0.057626296,-0.040315893,-0.7794558,0.16556957,-0.041656327,0.41935593,-0.10826244,-0.0052788565,0.61361676,-0.164074,-0.076041676,2.2334251,0.047687724,0.24282034,0.024803383,0.007828538,0.00059598393,-0.19499162,0.11887312,0.0136757605,-0.0043268125,-0.040150918,0.120396204,0.05631556,-0.034409616,-0.013412621,-0.17067142,-0.06792479,0.089961976,-0.1919267,0.061222352,-0.16103816,-0.19090182,0.0042240266,-0.005042921,-0.037500873,-0.19758388,-0.26876697,0.09919062,-0.0049796547,0.30486232,-0.12504925,-0.06306585,0.07029398,-0.045614816,-0.44462052,-0.7597218,0.21699539,-0.13793005,0.97022957,0.10625111,-1.7125123,0.48730105,0.3918277,0.81138587,-0.049354907,0.049276624,-0.12728944,0.29067126,0.1536166,0.105467394,-0.1810496,-0.04603181,0.010028677,-0.15292755,-0.0641002,0.003926167,0.13288897
0.057880264,-1.1434795,-0.075474285,-0.051324125,-0.012685004,0.010210332,-0.9945715,0.19978443,-0.07914507,0.44038227,-0.18145226,0.016836993,0.503449,-0.22323696,-0.055551525,2.2308002,-0.025458857,0.273548,0.0144925015,0.0053307023,0.012594463,-0.10865009,0.10222436,-0.05654611,-0.03597169,-0.018379958,0.11347062,0.052780468,-0.066066556,-0.008002988,-0.20684086,-0.077632286,0.08757203,-0.18249188,0.06893714,-0.17211135,-0.19523467,0.04262243,-0.021184439,-0.0672901,-0.25943598,-0.21536793,0.10646909,-0.021336384,0.25827616,-0.15931502,-0.035563048,0.070367746,-0.12459128,-0.55117,-0.68680567,0.23639813,-0.22092146,0.9096889,0.039314147,-1.74474,0.53597206,0.42750368,0.85517794,-0.02370402,0.039531477,-0.13081938,0.3177084,0.13741782,0.13626188,-0.1621891,-0.04631394,0.008194759,-0.1572954,-0.06647035,0.00652613,0.13244392
0.078074634,-1.1191255,-0.08376333,0.10053138,0.031356458,0.06683424,-1.180512,0.22463937,-0.12109051,0.44744673,-0.24693637,0.04057023,0.38803792,-0.27044916,-0.029979905,2.164437,-0.103253655,0.28292766,0.011707338,0.002728449,0.02345413,0.007473424,0.087220386,-0.13428228,-0.05069243,0.0013615201,0.1072696,0.047360662,-0.09505871,-0.0011392736,-0.23990327,-0.088801146,0.08795388,-0.17042288,0.075086564,-0.17726682,-0.18422781,0.08249717,-0.03944762,-0.08065125,-0.29233995,-0.16061002,0.12381679,-0.05019122,0.20763169,-0.19195667,-0.0036485007,0.069382966,-0.18712492,-0.61790293,-0.6180598,0.26450187,-0.30010062,0.8415205,-0.011224095,-1.7788093,0.5579814,0.47572964,0.9677575,0.009962255,0.019933349,-0.14188352,0.34003896,0.113318846,0.17510246,-0.1381188,-0.04764131,0.008573616,-0.16040386,-0.07020149,0.0070395144,0.13275398
0.093455814,-1.1079298,-0.08496163,0.23095033,0.06664807,0.11638845,-1.2990785,0.23971336,-0.1498062,0.4350702,-0.29590273,0.06461915,0.29037926,-0.29981682,-0.0057113827,2.025421,-0.16292307,0.26514018,0.015869094,-0.0006890737,0.03249562,0.122884154,0.07632345,-0.20026082,-0.043497104,0.012275247,0.10591851,0.039381,-0.11538488,0.005222905,-0.25823474,-0.09605655,0.09050109,-0.16202602,0.081313975,-0.17729406,-0.16385779,0.111643486,-0.0589922,-0.07885025,-0.30227202,-0.12241435,0.14562327,-0.08242975,0.16625172,-0.21066502,0.030191384,0.06746217,-0.22326113,-0.6562103,-0.57632047,0.293749,-0.3600945,0.7899534,-0.038438357,-1.811164,0.5609902,0.51890033,1.063039,0.044041205,-0.0020944264,-0.15712366,0.35361353,0.09262884,0.20879133,-0.109938405,-0.04563152,0.009408407,-0.15932319,-0.07136429,0.007298882,0.13266145
0.10308918,-1.1024188,-0.0809281,0.32371938,0.08767039,0.14816666,-1.3215191,0.24200507,-0.15411517,0.40897405,-0.3219252,0.08513947,0.23843887,-0.306499,0.010648249,1.7916446,-0.19637303,0.22274448,0.026640417,-0.0052297306,0.040777735,0.21237978,0.066756696,-0.24455383,-0.01343649,0.011621575,0.11215314,0.029293563,-0.12367286,0.011909276,-0.2554534,-0.09107743,0.09258388,-0.15896772,0.08911525,-0.1742186,-0.13852473,0.12356175,-0.07591446,-0.06526542,-0.29718715,-0.11207315,0.16339536,-0.10596541,0.14888395,-0.20793036,0.060770925,0.063052274,-0.2286154,-0.6755174,-0.5790986,0.31055784,-0.38142714,0.7798557,-0.04275495,-1.8361998,0.5555402,0.5367054,1.0788746,0.0657088,-0.022676544,-0.17303592,0.35643956,0.082789674,0.22399864,-0.08637253,-0.03971357,0.009285165,-0.15270267,-0.069346316,0.008747846,0.13213395
0.107390895,-1.1036202,-0.07544574,0.37229812,0.09723303,0.16000117,-1.2527858,0.22978315,-0.13312182,0.37177482,-0.3258651,0.09798443,0.25894964,-0.2895967,0.015860632,1.466897,-0.21068719,0.16713098,0.040685583,-0.0126090655,0.047532693,0.26746678,0.057184555,-0.26961407,0.03169554,-0.0015641287,0.12232898,0.02272611,-0.12400826,0.018352633,-0.23735519,-0.077593654,0.09238272,-0.15421855,0.10022117,-0.16921386,-0.10721133,0.12040865,-0.08542943,-0.044058688,-0.28056523,-0.12253712,0.17302637,-0.12151958,0.14858241,-0.18894419,0.08521396,0.056186825,-0.20465033,-0.6752029,-0.6216453,0.31140676,-0.36621213,0.7982405,-0.024808792,-1.8604039,0.53638756,0.52559644,1.101699,0.060900405,-0.039665114,-0.18904796,0.35035324,0.06801701,0.22656275,-0.076181896,-0.03466127,0.008798771,-0.14430813,-0.0663826,0.01015583,0.13270275
0.10559996,-1.1161361,-0.07100563,0.3655561,0.096807264,0.15208945,-1.1284844,0.21146503,-0.087864555,0.33806282,-0.311559,0.10271519,0.39006758,-0.25591758,0.009862173,1.1148334,-0.20972608,0.11550833,0.05291476,-0.021364497,0.05350376,0.28550413,0.050163813,-0.27485028,0.07729872,-0.021739677,0.1250031,0.021310974,-0.11968936,0.024534374,-0.21395354,-0.06067301,0.09093533,-0.14458512,0.10818394,-0.1645382,-0.07879417,0.10779989,-0.08638709,-0.01720712,-0.25674516,-0.15005524,0.17576906,-0.12782729,0.1659618,-0.16183308,0.09988181,0.047101647,-0.15808468,-0.6488449,-0.6877821,0.30110133,-0.33231258,0.83896327,0.012950595,-1.8609936,0.49471927,0.49361047,1.1073726,0.037871785,-0.04533407,-0.20060217,0.33836415,0.054632757,0.21868609,-0.08118499,-0.034439396,0.008357395,-0.13755956,-0.06520958,0.010282168,0.1344121
0.09613585,-1.1466206,-0.0686498,0.3129269,0.09049132,0.12998931,-0.9964204,0.19445238,-0.035354804,0.31654027,-0.28747064,0.105735,0.6300336,-0.21686472,-0.007130227,0.82860434,-0.20071112,0.079787396,0.060936794,-0.028751032,0.05870373,0.27235997,0.044691894,-0.26238742,0.100504845,-0.043234218,0.108881935,0.02431656,-0.112740025,0.02948847,-0.1935365,-0.048113916,0.09092468,-0.12932174,0.10909591,-0.16058077,-0.054956112,0.093728125,-0.078874454,0.013650929,-0.22746485,-0.18934502,0.16855809,-0.123246804,0.19344044,-0.1318204,0.109762095,0.031145662,-0.094338514,-0.5872615,-0.76611495,0.27432728,-0.2751726,0.87897235,0.073638484,-1.8188533,0.42903912,0.43553147,1.1551149,-0.012378819,-0.035821266,-0.20400205,0.32446992,0.035058014,0.20897986,-0.10831154,-0.039249,0.007403859,-0.13475564,-0.06579144,0.008679095,0.13758987
0.08039746,-1.1925975,-0.067243524,0.21940002,0.077320136,0.10000186,-0.8895671,0.18394999,0.011662343,0.31358266,-0.25479704,0.10845679,0.94828045,-0.18369173,-0.032517884,0.6872812,-0.18384875,0.06530396,0.061730474,-0.028327143,0.061313026,0.23438273,0.04467435,-0.23644681,0.072384045,-0.06259977,0.06554082,0.028618153,-0.1001364,0.03208051,-0.17932591,-0.041769277,0.09486266,-0.10958374,0.101660885,-0.15258622,-0.05165427,0.08088131,-0.065936044,0.042133484,-0.19333754,-0.23440893,0.14670105,-0.09703613,0.22969307,-0.103106886,0.11164032,0.0070238383,-0.022399722,-0.49117485,-0.8398608,0.23055997,-0.18467878,0.89979583,0.14856927,-1.7080637,0.3481153,0.3647343,1.2142587,-0.07650746,-0.004882982,-0.19441152,0.31216636,0.019431323,0.19609393,-0.15335703,-0.045648325,0.005890085,-0.13483815,-0.06551141,0.006081501,0.14078633
0.060487896,-1.2450304,-0.06366415,0.08436956,0.05341839,0.070886016,-0.8001984,0.17630132,0.05071201,0.32490093,-0.2126991,0.1058537,1.3013146,-0.16176505,-0.06534919,0.6663467,-0.15429609,0.06554464,0.056683946,-0.021357093,0.05791864,0.19331267,0.047874726,-0.20923631,0.0039205886,-0.08156193,0.0026158902,0.034085624,-0.08325962,0.031882726,-0.17457019,-0.041376196,0.10025908,-0.09612379,0.088976935,-0.13681845,-0.06559188,0.06823333,-0.051561225,0.06456435,-0.15753615,-0.27726075,0.11802688,-0.056756485,0.2671864,-0.07726049,0.10527871,-0.016977541,0.047428258,-0.3779,-0.9001929,0.18326908,-0.08307733,0.901245,0.22556017,-1.5136195,0.25610703,0.3053459,1.2349713,-0.12712462,0.045841467,-0.16992867,0.29686028,0.01588388,0.17719978,-0.19607207,-0.051675115,0.004427173,-0.13613273,-0.06404305,0.0030338194,0.14400046
0.036738623,-1.3068318,-0.056101814,-0.081219755,0.018090703,0.05013201,-0.6994497,0.16251025,0.080595106,0.34155038,-0.15866816,0.09561993,1.6039512,-0.14163667,-0.0975587,0.71614856,-0.103372954,0.07320539,0.048460566,-0.013309288,0.049782444,0.15190467,0.056884557,-0.18434636,-0.10180157,-0.10339563,-0.06445474,0.038238782,-0.0622514,0.030801924,-0.17425407,-0.04500666,0.107866235,-0.086194985,0.06770407,-0.117233135,-0.0920621,0.057847735,-0.036558464,0.07754174,-0.12229,-0.317366,0.08531712,-0.00767417,0.30380908,-0.05624444,0.09240071,-0.036209207,0.10255334,-0.26073483,-0.9424703,0.13592908,0.025197808,0.8888501,0.2810118,-1.248319,0.1702238,0.25728172,1.2157931,-0.16455294,0.10692844,-0.13470712,0.2793108,0.023961341,0.15388486,-0.23278102,-0.05563631,0.002255109,-0.13690692,-0.06091939,1.36714325e-05,0.14526427
0.0104705095,-1.3724259,-0.043564226,-0.2574586,-0.024675097,0.03881688,-0.5780166,0.1423791,0.09968725,0.35346514,-0.096629865,0.075983524,1.8406345,-0.1202773,-0.13129883,0.7616603,-0.03889654,0.079520255,0.041321997,-0.0059404303,0.037976753,0.11712988,0.06546828,-0.16876869,-0.19905864,-0.12339871,-0.11213755,0.04316213,-0.03963016,0.02965454,-0.17564288,-0.047321606,0.117152356,-0.0875603,0.0472569,-0.09845265,-0.116985224,0.047219694,-0.02346497,0.08252385,-0.085045144,-0.34160393,0.056615837,0.037392505,0.32798734,-0.045026276,0.07339559,-0.04610525,0.14041394,-0.15323749,-0.96176404,0.09738134,0.117353044,0.86767644,0.3122565,-1.0073651,0.104768984,0.22930637,1.1828657,-0.18343909,0.15890115,-0.10260801,0.2574568,0.04216142,0.13244098,-0.25162748,-0.059550982,0.0011863679,-0.13848077,-0.058668096,-0.002743688,0.14711055
-0.016205652,-1.4333162,-0.026934946,-0.44090062,-0.072558045,0.032442234,-0.4348246,0.114388086,0.104438655,0.36471862,-0.028163968,0.05294423,2.0259318,-0.09391993,-0.16765532,0.75461125,0.033352017,0.08078683,0.03533786,-0.00062250765,0.0252816,0.08412067,0.068026416,-0.16009635,-0.25872886,-0.13512616,-0.12608697,0.04950663,-0.01504425,0.029447544,-0.18057817,-0.049803995,0.13031898,-0.10193967,0.03227368,-0.08573482,-0.13560268,0.030754182,-0.011864437,0.08593734,-0.045772124,-0.34581706,0.030009253,0.07995847,0.33388042,-0.048329033,0.050038673,-0.049173266,0.17245592,-0.051014975,-0.96658605,0.059039347,0.20008366,0.8377723,0.3352715,-0.85947984,0.059626106,0.20154548,1.1864246,-0.20650698,0.18375646,-0.08731983,0.23367925,0.057691317,0.11835213,-0.25969514,-0.06313946,0.0011244479,-0.1401054,-0.057858717,-0.005762863,0.1492872
-0.04184764,-1.4885856,-0.0071522812,-0.63310236,-0.120355986,0.0368267,-0.28429717,0.08039461,0.08876891,0.3796098,0.042861357,0.032237686,2.1618364,-0.059174545,-0.21710046,0.70098823,0.10674453,0.078602634,0.030750314,0.002143634,0.014232019,0.048115753,0.06026998,-0.15556358,-0.2679499,-0.13632871,-0.102910556,0.05552085,0.011721923,0.029264858,-0.18745653,-0.060552076,0.15037565,-0.12986243,0.026628174,-0.081604086,-0.14562756,0.01022779,-0.003832063,0.093273744,-0.0071119554,-0.32607532,0.000921048,0.12464813,0.31409237,-0.07131994,0.029639011,-0.05160365,0.20406981,0.05706096,-0.94721454,0.01024898,0.28738993,0.7901981,0.3635036,-0.8335269,0.029878052,0.15813066,1.2921705,-0.2550289,0.18310383,-0.095886774,0.21264765,0.052911304,0.11980489,-0.269329,-0.06471308,0.0016494313,-0.1407421,-0.05681088,-0.008809173,0.15146811
-0.06295204,-1.5342988,0.015498328,-0.82995886,-0.16227232,0.05918775,-0.13702048,0.043341827,0.051590092,0.40246207,0.11460823,0.01278723,2.2513442,-0.015960691,-0.27578345,0.61270195,0.17392819,0.06992152,0.027822655,0.0060334424,0.0053166607,0.011115886,0.042489715,-0.15485531,-0.22445177,-0.12826277,-0.04936915,0.057369877,0.041516103,0.028350806,-0.19365457,-0.07641198,0.17280266,-0.1699568,0.03143913,-0.08255879,-0.15457554,-0.015449456,0.0022615984,0.10616019,0.027598353,-0.2856638,-0.03088284,0.17615606,0.27584422,-0.10977425,0.008142449,-0.05611909,0.23917769,0.16363174,-0.8992217,-0.051038492,0.3865353,0.7272157,0.40670907,-0.9140361,0.0061782077,0.10364705,1.455267,-0.3227562,0.16591598,-0.12523195,0.19451348,0.033923093,0.1303583,-0.28438208,-0.063624874,0.0021666023,-0.13881432,-0.054430258,-0.011049273,0.15248099
-0.07647193,-1.5668716,0.03942257,-1.0264938,-0.19792143,0.09728808,0.0059726285,0.0048094024,0.001213504,0.4250955,0.18345724,-0.009996989,2.2955492,0.033525236,-0.32529318,0.49306184,0.22841343,0.05170993,0.027006334,0.009239111,-0.0015613917,-0.009887244,0.019609557,-0.1581628,-0.12726977,-0.115259714,0.021960393,0.055212043,0.06968816,0.026505232,-0.1980633,-0.09419478,0.1889471,-0.21521488,0.04455488,-0.085124984,-0.15492344,-0.041487396,0.0077567566,0.12591298,0.05908134,-0.23247966,-0.05246895,0.21935137,0.23160942,-0.15147777,-0.014589101,-0.059433226,0.27545682,0.25716418,-0.8313022,-0.1066572,0.4726995,0.6723365,0.46140486,-1.0478202,-0.024268484,0.055745702,1.6044636,-0.38359255,0.14088245,-0.16651645,0.17206034,0.010129948,0.14223555,-0.29646185,-0.062236764,0.00344507,-0.13553008,-0.052142836,-0.013171863,0.15277895
-0.08074651,-1.594052,0.061355285,-1.1939995,-0.22412148,0.13771915,0.14446518,-0.033239633,-0.052017577,0.4362803,0.24484715,-0.036004633,2.2489443,0.08611647,-0.3381943,0.37907127,0.27102044,0.028058732,0.027617624,0.010405342,-0.0053250855,-0.018938921,0.0044454066,-0.15885481,-0.016642477,-0.10249505,0.094403066,0.04820064,0.09359111,0.024116416,-0.1966478,-0.11205101,0.19874325,-0.24641111,0.054918658,-0.089683175,-0.14758687,-0.058121804,0.015951796,0.14833944,0.08662507,-0.18241534,-0.062001187,0.25051558,0.1982764,-0.18266942,-0.03731082,-0.06277568,0.30689058,0.3300689,-0.75852585,-0.14825355,0.5483255,0.6400208,0.50785303,-1.1711158,-0.05851411,0.015078093,1.7146174,-0.43136585,0.11849003,-0.2086361,0.1458332,-0.012472786,0.15438053,-0.30947933,-0.061181933,0.0045595607,-0.13258575,-0.048919644,-0.015619225,0.15078461
-0.07381281,-1.6127042,0.0779058,-1.286085,-0.2372267,0.15904717,0.2619367,-0.061829604,-0.0970328,0.42269,0.288942,-0.06304262,2.098895,0.12750538,-0.30889067,0.28825015,0.292674,0.003930439,0.03324749,0.013075874,-0.007086598,-0.0067389547,0.00037092593,-0.1607176,0.09819397,-0.089129366,0.15973914,0.039168116,0.1096723,0.020968474,-0.19140607,-0.12616333,0.20194396,-0.26291224,0.06156165,-0.094009094,-0.1265933,-0.05949053,0.025942896,0.17025256,0.114681266,-0.14225167,-0.053457603,0.25848278,0.18434863,-0.19576758,-0.058586657,-0.06657957,0.33047992,0.37514213,-0.7006856,-0.15973987,0.5935173,0.6445397,0.5354265,-1.2844285,-0.08526343,-0.0013592676,1.783848,-0.4504535,0.09787315,-0.24537072,0.11790744,-0.02966332,0.1678142,-0.3147962,-0.061181642,0.0063638105,-0.13256185,-0.045305848,-0.017743511,0.14841093
-0.057088744,-1.6221241,0.08654602,-1.2845054,-0.23557562,0.14853264,0.34688455,-0.07847463,-0.12729098,0.3872174,0.31257728,-0.084704384,1.8426595,0.15407139,-0.24588412,0.24795946,0.29311964,-0.010134141,0.044056047,0.019095406,-0.0068515055,0.021629963,0.009694501,-0.1626748,0.19330852,-0.07553459,0.21023919,0.0304449,0.11748972,0.01783842,-0.18675563,-0.13766974,0.20058532,-0.26042122,0.05905668,-0.09520821,-0.09529395,-0.046833068,0.03634477,0.18835656,0.14093931,-0.11865091,-0.03230578,0.24694152,0.19372633,-0.1913362,-0.07725624,-0.070763774,0.34620425,0.39368764,-0.6777229,-0.14250039,0.6081095,0.6833317,0.54523593,-1.3722787,-0.09799861,0.0034924482,1.8253504,-0.44424054,0.07806263,-0.2708311,0.09510111,-0.043012187,0.18236773,-0.31328171,-0.06083748,0.008200874,-0.13526021,-0.04129567,-0.019750016,0.14437942
-0.037877817,-1.6211721,0.08640307,-1.2144072,-0.221716,0.11696062,0.38069996,-0.084509164,-0.14459023,0.34732282,0.3170266,-0.09488392,1.5221463,0.16741452,-0.1790504,0.31434444,0.27519333,-0.0058757407,0.05658341,0.028893122,-0.0076563046,0.053205296,0.028529093,-0.16246547,0.24744506,-0.06322477,0.2389528,0.024840929,0.119825475,0.013991298,-0.18083829,-0.14967099,0.19732805,-0.24230692,0.046537947,-0.092838526,-0.06454813,-0.029100193,0.043867115,0.19863777,0.15930669,-0.11374312,-0.005850514,0.22757019,0.21553819,-0.1794871,-0.091998585,-0.07188014,0.34983417,0.39166072,-0.6835397,-0.105716676,0.595312,0.7338894,0.5361684,-1.4212736,-0.09079554,0.032168113,1.8353106,-0.41052973,0.06553463,-0.27983522,0.08607313,-0.049883064,0.19563816,-0.3071222,-0.059672136,0.009751586,-0.13910013,-0.038730793,-0.021093389,0.13879187
-0.02360893,-1.6065066,0.07888263,-1.0891854,-0.19514501,0.07575372,0.36450675,-0.08213962,-0.14959437,0.31441432,0.30223832,-0.0948663,1.1736641,0.16650954,-0.124315254,0.4928143,0.24445635,0.007409802,0.06931317,0.038572963,-0.008112041,0.08101571,0.048797615,-0.15778904,0.25867173,-0.054130208,0.24377993,0.024698786,0.11609438,0.01072201,-0.17140605,-0.1575278,0.19038108,-0.2184743,0.027778726,-0.087526344,-0.043627292,-0.012716327,0.048551418,0.20160289,0.16464262,-0.12728079,0.021969302,0.20103244,0.24361172,-0.16494508,-0.10358007,-0.067330375,0.3409653,0.36892077,-0.7149796,-0.055948675,0.5519872,0.78788215,0.5158596,-1.4291059,-0.070349894,0.08256705,1.8123815,-0.35571706,0.06101263,-0.27187628,0.09321827,-0.04825432,0.2041046,-0.29829016,-0.06065839,0.010587782,-0.14386672,-0.042052183,-0.021003913,0.13421968
-0.018671872,-1.576771,0.064730145,-0.9440732,-0.16493972,0.03558945,0.3102466,-0.07390879,-0.1421362,0.28934315,0.27145854,-0.09047194,0.86686665,0.15325318,-0.08688096,0.7764091,0.21417825,0.028376246,0.07856691,0.041988447,-0.0080640465,0.094626024,0.06628441,-0.14014585,0.23699792,-0.04793852,0.22570361,0.02869607,0.10539237,0.008125495,-0.15533462,-0.15710199,0.17803979,-0.19357753,0.009094289,-0.08187166,-0.032067664,-0.00394495,0.047197334,0.19846787,0.1553324,-0.1581559,0.051295225,0.16456883,0.2752954,-0.14626473,-0.11290195,-0.05238807,0.3198202,0.32416254,-0.7583182,0.0012285124,0.47014773,0.83922213,0.4846994,-1.4068744,-0.041010045,0.14803986,1.7261114,-0.28147852,0.05947919,-0.25012237,0.114537515,-0.028858889,0.20006154,-0.2859018,-0.06576283,0.011665668,-0.1496264,-0.052817177,-0.019862346,0.1333233
-0.023018554,-1.5327747,0.04483674,-0.8061352,-0.13833769,0.0017170848,0.2194537,-0.05740086,-0.12232123,0.27558562,0.2288794,-0.08412316,0.6568379,0.12664668,-0.06805955,1.1282927,0.19712874,0.055467848,0.0808399,0.03902123,-0.0070331376,0.07987639,0.078796595,-0.10411426,0.19854547,-0.04258266,0.19541457,0.03395179,0.090588436,0.006235746,-0.13488369,-0.14417061,0.15890849,-0.1746106,-0.0017297108,-0.079027124,-0.026589487,-0.0055079465,0.03966859,0.18383205,0.12816867,-0.20081967,0.07707389,0.12355196,0.3086414,-0.117476605,-0.12109081,-0.027619602,0.28298113,0.24644576,-0.79472226,0.053597555,0.35711554,0.8830592,0.44096974,-1.377732,-0.0006272266,0.20942205,1.5091017,-0.1949952,0.05641793,-0.22036749,0.14701247,0.023564478,0.17515473,-0.2692368,-0.07140024,0.01237931,-0.15412906,-0.065767735,-0.016276533,0.1347467
-0.03160278,-1.4739943,0.018747829,-0.6782858,-0.12056966,-0.027734065,0.09350781,-0.029325599,-0.092928044,0.27462634,0.17630626,-0.07693557,0.55887336,0.08365968,-0.06366992,1.4702606,0.18870841,0.08218779,0.07930577,0.03145226,-0.0072609484,0.03143066,0.09006558,-0.055797357,0.1578306,-0.04251686,0.16341531,0.042124636,0.07118721,0.0029315057,-0.11994968,-0.121917464,0.13622919,-0.16715135,-0.00015655452,-0.08164738,-0.023743859,-0.015467608,0.031158812,0.15839964,0.09471197,-0.24449803,0.09829732,0.074529804,0.3357027,-0.0861693,-0.12661566,0.0041702655,0.23576851,0.14660174,-0.81681865,0.103621796,0.22740465,0.921819,0.38527778,-1.3943309,0.056915145,0.2653555,1.2710279,-0.11525262,0.047624223,-0.19266528,0.18358156,0.084310755,0.14246212,-0.2501466,-0.075827666,0.014735368,-0.15630907,-0.077505425,-0.012454591,0.13771708
-0.03990722,-1.4014795,-0.013548558,-0.5614541,-0.11101579,-0.05289591,-0.062202193,0.009794992,-0.059925735,0.28303868,0.117392376,-0.06714258,0.5574077,0.031536426,-0.06763312,1.7513667,0.18043591,0.108802475,0.075011455,0.02226383,-0.008660381,-0.043609884,0.104070686,-0.003917562,0.12393981,-0.048927445,0.1378846,0.05138679,0.04916355,-0.0019310813,-0.112997554,-0.09908977,0.11562697,-0.1668689,0.012254701,-0.08858762,-0.0257036,-0.030122824,0.02496239,0.12566936,0.061870392,-0.28308326,0.11258471,0.021844434,0.35296127,-0.059722457,-0.12865157,0.036395285,0.1850113,0.038472954,-0.828322,0.14643405,0.10242257,0.9535635,0.32071802,-1.4608607,0.13316235,0.3033549,1.0908437,-0.06362784,0.036843795,-0.17041942,0.21695551,0.12882772,0.114700615,-0.23121358,-0.07499423,0.017315641,-0.15486464,-0.08251325,-0.009282055,0.13905048
-0.04532306,-1.3201101,-0.049297765,-0.4554835,-0.10312327,-0.0694436,-0.25198647,0.06005703,-0.035058767,0.30871424,0.05419538,-0.05058911,0.6133964,-0.024651254,-0.0762361,1.9736054,0.16595066,0.14095676,0.06523874,0.015182177,-0.007864364,-0.13212745,0.11813911,0.040443152,0.09168194,-0.055605587,0.12147067,0.059258886,0.027096009,-0.006676262,-0.11276755,-0.079694465,0.10003118,-0.17238347,0.028888894,-0.1006568,-0.042912237,-0.04177582,0.021515267,0.08479917,0.016752794,-0.3097248,0.11511843,-0.015557058,0.35961416,-0.04589287,-0.12433542,0.05992244,0.12817034,-0.08176077,-0.8248648,0.17397691,0.0047367853,0.9723496,0.25290293,-1.5431248,0.22431369,0.31800544,0.95468116,-0.04427649,0.033330686,-0.15307185,0.24440284,0.15425844,0.0965119,-0.21710673,-0.068359576,0.018189758,-0.15101542,-0.08052553,-0.005952152,0.13739505
-0.044942893,-1.2416564,-0.083749995,-0.3375551,-0.08674267,-0.07219846,-0.4665462,0.11146079,-0.028359154,0.34647936,-0.013963114,-0.02828586,0.6502259,-0.08475689,-0.08002027,2.1237404,0.13037825,0.17437401,0.05156523,0.011655256,-0.0017732562,-0.19609492,0.12359677,0.0559239,0.05135517,-0.055891346,0.1113451,0.064314514,0.0043070572,-0.008811558,-0.12277349,-0.06816087,0.08952146,-0.17544666,0.043849602,-0.115718134,-0.07520929,-0.039853193,0.020347487,0.041758936,-0.042882692,-0.31858334,0.10717839,-0.032378767,0.3552823,-0.047416225,-0.110483505,0.06941017,0.068432234,-0.20775045,-0.81436926,0.18447034,-0.054693162,0.9762188,0.18588974,-1.6141793,0.31891775,0.3143807,0.89678943,-0.05508021,0.037084453,-0.14071739,0.26864752,0.15395434,0.09447214,-0.21234004,-0.060447402,0.016339682,-0.14757681,-0.075882666,-0.0022235203,0.13394585
-0.03611781,-1.1797402,-0.11263425,-0.20242973,-0.057549547,-0.053102992,-0.69314903,0.15453365,-0.046210714,0.3857198,-0.08561759,-0.005770771,0.6282152,-0.14623545,-0.07338233,2.2108736,0.07113831,0.21607842,0.036901455,0.010975364,0.009363132,-0.20362554,0.11798626,0.032893177,0.008426079,-0.042668298,0.104611695,0.06443398,-0.021532895,-0.0064768526,-0.14524645,-0.06749972,0.08235785,-0.17257515,0.05459522,-0.13015054,-0.1104895,-0.019101288,0.016814556,0.0038702602,-0.108776115,-0.3048439,0.099912286,-0.039178,0.34085464,-0.06523959,-0.08958211,0.06859968,0.004142096,-0.3274611,-0.78722847,0.18788935,-0.10229932,0.96281755,0.12164094,-1.6705444,0.40649474,0.3155351,0.8780102,-0.067682944,0.041644406,-0.13495314,0.29142168,0.14315787,0.10711649,-0.20891686,-0.05575314,0.012690745,-0.14750715,-0.07320138,0.0015072804,0.1303917
-0.020314975,-1.1425002,-0.13251814,-0.052126523,-0.016298786,-0.0106603205,-0.92144495,0.19032955,-0.08025884,0.41936654,-0.15783076,0.016140709,0.5446058,-0.20399247,-0.057548843,2.2445745,-0.0038417203,0.25843516,0.024067078,0.013555862,0.024527516,-0.14714077,0.1028219,-0.022404665,-0.028410738,-0.015799688,0.09919295,0.0569502,-0.048635263,-9.0765636e-05,-0.17678018,-0.07280874,0.07577699,-0.16512948,0.05777862,-0.14143763,-0.13608806,0.019808283,0.0066481116,-0.028440345,-0.1781523,-0.27223232,0.098710805,-0.042404573,0.31943977,-0.090173684,-0.061340302,0.062367134,-0.06813178,-0.44556955,-0.73819673,0.19091919,-0.15758033,0.93368447,0.060842782,-1.7128116,0.48016936,0.327679,0.81012756,-0.060776222,0.040698033,-0.13571899,0.31513506,0.14546977,0.12379469,-0.19692884,-0.05282721,0.0077561536,-0.14952688,-0.071913,0.006568033,0.12649325
-0.0007687103,-1.1254677,-0.14331356,0.105628476,0.029054092,0.04835783,-1.1324794,0.21824555,-0.12419962,0.44248798,-0.22646905,0.036933623,0.4293617,-0.25721323,-0.03557214,2.2121313,-0.08792957,0.28421083,0.018601857,0.017328877,0.03841103,-0.04765388,0.08441793,-0.09651311,-0.053014334,0.013219,0.09365467,0.047158677,-0.07600236,0.0072624097,-0.2120839,-0.08020612,0.07182429,-0.15484263,0.05813399,-0.14719374,-0.14333372,0.063914545,-0.008216349,-0.050104633,-0.22996019,-0.2256781,0.1076818,-0.057256192,0.2869084,-0.12136313,-0.029809218,0.058682278,-0.13681911,-0.54197234,-0.67556334,0.2047353,-0.22714277,0.8920911,0.010624467,-1.7717601,0.5352335,0.36264402,0.7707568,-0.034478027,0.027633894,-0.14566219,0.33722222,0.15035298,0.14695892,-0.17325725,-0.05181809,0.0050408817,-0.15234233,-0.07277811,0.0103042405,0.12403415
0.01806156,-1.1173704,-0.14677408,0.24487168,0.06644974,0.10804804,-1.283317,0.23376246,-0.16092241,0.4445545,-0.28082085,0.056810055,0.32682717,-0.29563758,-0.011672534,2.1008854,-0.16037187,0.28043127,0.021196835,0.018070728,0.04812908,0.06664961,0.0688434,-0.16924194,-0.059462994,0.03346273,0.08928085,0.036973275,-0.098524235,0.014249843,-0.23878688,-0.087292545,0.073405,-0.14260568,0.059790246,-0.14629611,-0.13194932,0.10048484,-0.026849074,-0.057754107,-0.25535208,-0.18121119,0.124283366,-0.08328832,0.25079778,-0.14619306,0.0015255349,0.05797713,-0.18715778,-0.6076832,-0.6239252,0.22498852,-0.29329014,0.85180795,-0.025469447,-1.8359518,0.5701909,0.40397248,0.7726344,-0.0052816947,0.0043207207,-0.16169612,0.35198453,0.14855243,0.17082252,-0.14084029,-0.048604716,0.0040234565,-0.15212761,-0.07215943,0.012484385,0.12253607
0.03282984,-1.1108105,-0.1444625,0.34823298,0.09074956,0.15164886,-1.3407087,0.23923215,-0.17435926,0.42508417,-0.31458658,0.07554312,0.26491314,-0.31247187,0.0062227156,1.8994491,-0.20190507,0.24737725,0.029358886,0.014056772,0.05528121,0.15962766,0.058024976,-0.22138888,-0.04502737,0.038397077,0.08985322,0.027976776,-0.11206065,0.02046109,-0.24529716,-0.08559885,0.078142285,-0.13618289,0.065051794,-0.14149125,-0.109461576,0.120369874,-0.046612848,-0.05367807,-0.26167434,-0.15418419,0.14143659,-0.10975783,0.22328588,-0.1560964,0.031024734,0.057554714,-0.21044883,-0.6492909,-0.6017709,0.24521884,-0.3376639,0.8291529,-0.04019607,-1.8844374,0.5811872,0.43327668,0.77244514,0.01771442,-0.020903857,-0.1793118,0.35635453,0.14450835,0.18571109,-0.10800962,-0.042561445,0.0042278254,-0.14804596,-0.069456354,0.0139343925,0.12251671
0.04149097,-1.1097015,-0.13926624,0.41355482,0.104039304,0.17510866,-1.3066336,0.23320682,-0.16111527,0.3914394,-0.32824698,0.08926627,0.26533636,-0.3087849,0.012224245,1.604881,-0.2197924,0.19331951,0.040843543,0.0057621803,0.06134743,0.2186337,0.047604546,-0.25183305,-0.00930649,0.026948256,0.09812478,0.02228526,-0.117547244,0.025725953,-0.23163845,-0.073799334,0.07953397,-0.13030994,0.07514484,-0.13793984,-0.079804905,0.12371082,-0.062165495,-0.040602505,-0.25707594,-0.14575964,0.1539596,-0.12858576,0.20780632,-0.1512746,0.057002537,0.055871613,-0.20568529,-0.6691532,-0.6128977,0.2595002,-0.34871602,0.828832,-0.032646585,-1.9124075,0.5646503,0.44442555,0.7976681,0.026112251,-0.04345813,-0.1959535,0.3510387,0.13276151,0.1918528,-0.08406595,-0.036179285,0.0046517267,-0.14071012,-0.06532326,0.015032229,0.12440048
0.045764886,-1.1157247,-0.13355218,0.45234907,0.11227762,0.18147853,-1.2157942,0.21852574,-0.13172515,0.35144308,-0.32770953,0.09830024,0.3612762,-0.2919944,0.0068595354,1.2604191,-0.22761655,0.13932922,0.055009004,-0.0030955733,0.06549948,0.2457858,0.03775387,-0.26524508,0.041504968,0.0067443955,0.10861275,0.020077262,-0.11847798,0.031573325,-0.20899607,-0.054905377,0.07707081,-0.1221501,0.08822221,-0.13681078,-0.04532276,0.11363362,-0.07028007,-0.018523103,-0.23916744,-0.15620205,0.16412462,-0.14071225,0.20841442,-0.13182858,0.07398805,0.050829925,-0.17654139,-0.6625923,-0.6523548,0.26245475,-0.3365301,0.84975195,-0.0068821623,-1.9170713,0.526908,0.43443578,0.82245535,0.022658935,-0.055140216,-0.20834026,0.34054804,0.12078622,0.18788727,-0.073264286,-0.03414657,0.0045569087,-0.13489026,-0.06395879,0.015841264,0.12837842
0.041068852,-1.1452672,-0.12825741,0.3475511,0.092049874,0.15419139,-1.0623888,0.19833966,-0.067946136,0.32927182,-0.29295877,0.09909296,0.6254534,-0.24446996,-0.009482559,0.9875115,-0.20689668,0.10491647,0.060576025,-0.016214585,0.064834796,0.2564165,0.044672154,-0.2547935,0.05190995,-0.022336783,0.08703962,0.026554199,-0.111242704,0.035989624,-0.20250173,-0.046140324,0.08032285,-0.112472795,0.08982407,-0.13419159,-0.0134764835,0.10204977,-0.07128818,0.0045619924,-0.21243434,-0.18474846,0.1629798,-0.13654065,0.22597332,-0.10295026,0.08330604,0.040272653,-0.12132846,-0.6141252,-0.71479243,0.25292256,-0.2941454,0.8812725,0.033186268,-1.8922682,0.470578,0.39725745,0.8522752,0.0035852296,-0.05249606,-0.21392545,0.32831988,0.10255459,0.17928466,-0.089964546,-0.035790663,0.005031869,-0.13137442,-0.063314855,0.012190453,0.13197705
0.019793492,-1.2277856,-0.121783935,0.07136133,0.03200265,0.101986684,-0.8138071,0.15476783,0.0050042276,0.32367116,-0.20865129,0.08734626,0.8811514,-0.14543763,-0.025142318,0.8885406,-0.12611072,0.09436383,0.055448454,-0.036534067,0.059706945,0.23359151,0.074234866,-0.2125508,-0.015795644,-0.050704803,0.044502016,0.041231982,-0.08915656,0.03785245,-0.19285119,-0.06117992,0.09662433,-0.10195491,0.07350583,-0.117002316,0.0015718011,0.08536954,-0.059264604,0.027156487,-0.1655567,-0.22794326,0.14871266,-0.11976319,0.25435525,-0.07911443,0.07193444,0.024998158,-0.044367727,-0.5047083,-0.78283536,0.23072468,-0.21089743,0.908866,0.09058105,-1.8152465,0.395495,0.34698528,0.91275936,-0.03311927,-0.036982693,-0.21004191,0.31122348,0.08083289,0.17258763,-0.13602877,-0.042692475,0.008183769,-0.13046122,-0.06396429,0.0024497253,0.13137391
-0.019174121,-1.3571863,-0.11799384,-0.21572664,-0.027422868,0.047882766,-0.581895,0.115163006,0.06692042,0.33077928,-0.1240152,0.069651686,1.0812376,-0.05401895,-0.049580343,0.89440924,-0.042213406,0.091346584,0.04630184,-0.049134724,0.049298573,0.17695734,0.10061707,-0.16212118,-0.07893034,-0.07479483,0.007076227,0.05947782,-0.0631213,0.036541216,-0.17813185,-0.079199485,0.11059459,-0.1089963,0.06182772,-0.09880122,0.0038603253,0.06544165,-0.04236663,0.044757497,-0.1120098,-0.27125135,0.1305018,-0.099518985,0.28155893,-0.062182587,0.05549546,0.011352946,0.03152722,-0.3809792,-0.84311944,0.20298177,-0.12039876,0.93110794,0.15058891,-1.7260194,0.32194448,0.29701442,0.99112976,-0.075120285,-0.014893238,-0.1980847,0.29446504,0.060580213,0.17003118,-0.18722358,-0.051709846,0.012531405,-0.13455567,-0.06560081,-0.0073021203,0.13454247
-0.065291606,-1.493902,-0.11735022,-0.41789994,-0.06656942,0.009576478,-0.41562235,0.08460847,0.10370158,0.3405612,-0.059470054,0.04919822,1.171382,0.0013276928,-0.06924157,0.9305083,0.022551207,0.08664661,0.03745581,-0.04921435,0.034201004,0.10758766,0.11489539,-0.121460505,-0.110387184,-0.08629401,-0.013545862,0.0736435,-0.03851336,0.029451147,-0.16402332,-0.09439703,0.11615324,-0.12314099,0.056367833,-0.08197817,-0.0042727343,0.051980913,-0.029751286,0.061628923,-0.060237158,-0.30878782,0.11559507,-0.08170213,0.3030536,-0.051937994,0.043630302,0.0031036825,0.09063628,-0.2632122,-0.89187443,0.17468889,-0.04069003,0.94804996,0.1977391,-1.5559416,0.24924028,0.2598781,1.017064,-0.10183423,0.019113718,-0.1754067,0.27664885,0.05333964,0.1602896,-0.22186777,-0.060339265,0.015334809,-0.1385574,-0.067183405,-0.013443052,0.13844797
-0.10525646,-1.5995688,-0.11713433,-0.5268697,-0.08402876,-0.0011988198,-0.31345242,0.062703274,0.11112552,0.35540506,-0.016196808,0.03089317,1.2277615,0.02273494,-0.08376246,0.8968659,0.059404798,0.07123464,0.031218901,-0.039035257,0.018254219,0.048130076,0.10756727,-0.10302464,-0.10661146,-0.08750158,-0.016575443,0.08033036,-0.01689364,0.020063853,-0.14819255,-0.097416185,0.113875166,-0.13260432,0.05531864,-0.071471475,-0.020951642,0.042002812,-0.02139484,0.07397725,-0.021620106,-0.3338594,0.10045951,-0.056670345,0.3172032,-0.04982886,0.036427524,-0.0017042427,0.1261874,-0.16525663,-0.92025536,0.14513245,0.032073848,0.948522,0.22707865,-1.3377838,0.17929913,0.2366347,1.0284337,-0.1169258,0.057362724,-0.15064427,0.25730634,0.056221776,0.14853658,-0.2396455,-0.068025045,0.015060952,-0.14165871,-0.06922139,-0.0145488875,0.14314276
-0.12970367,-1.6507043,-0.11649723,-0.54722166,-0.08271877,0.014288167,-0.2771819,0.05199323,0.08990514,0.37039775,0.0048919506,0.02080499,1.355364,0.008292176,-0.10225951,0.786576,0.065449834,0.051963225,0.02957802,-0.020192705,0.003816999,0.009047683,0.08157271,-0.10813816,-0.08582917,-0.08341103,-0.012395184,0.07851767,-0.0003289035,0.013485387,-0.13746911,-0.08529776,0.109735966,-0.13572249,0.05758779,-0.06864881,-0.040730227,0.030842694,-0.01599538,0.084263,0.006068854,-0.34447074,0.083261654,-0.021261154,0.32167304,-0.05236564,0.031919587,-0.006989408,0.14376661,-0.08512641,-0.9313816,0.10531869,0.10123601,0.9236528,0.2405356,-1.0998741,0.11901562,0.21046127,1.0420606,-0.12998243,0.096986674,-0.1283403,0.23959076,0.065925784,0.13539201,-0.24350889,-0.074937224,0.011908406,-0.1453775,-0.073244184,-0.011394436,0.15038313
-0.14191449,-1.6612672,-0.11328732,-0.6332651,-0.09755942,0.026470998,-0.23532669,0.042515133,0.068875715,0.39794314,0.038863916,0.015735675,1.6459712,-0.004554549,-0.13963632,0.66431236,0.08100829,0.04185833,0.024794387,-0.004138947,-0.007926698,0.0013874245,0.05472307,-0.12091182,-0.09672157,-0.082225,-0.024507746,0.0740644,0.017920323,0.011081507,-0.14933199,-0.07255396,0.11430659,-0.13796182,0.052627858,-0.06815742,-0.06616693,0.021350037,-0.012535004,0.08972116,0.022467706,-0.34078214,0.051748846,0.03950155,0.31828457,-0.061781943,0.029048668,-0.01825261,0.16242126,0.00042646794,-0.9346002,0.047928512,0.19477989,0.87098944,0.25337622,-0.8941588,0.07074048,0.15945043,1.1021905,-0.1663151,0.12798755,-0.11692709,0.22412403,0.06508576,0.12701221,-0.25599015,-0.07612753,0.006844488,-0.1469627,-0.07311653,-0.008851485,0.1570042
-0.15412717,-1.6738476,-0.10255745,-0.8309472,-0.14249253,0.03820668,-0.10909511,0.012164829,0.038781907,0.4270857,0.1086112,0.010750799,1.9412693,0.020818457,-0.20052692,0.5788984,0.14610457,0.040800598,0.021068288,0.00329093,-0.015598984,-0.0006715495,0.033606697,-0.126101,-0.1449052,-0.082354076,-0.028745022,0.068219736,0.046088837,0.013354482,-0.16006158,-0.07228396,0.13100594,-0.14930028,0.03910151,-0.06282877,-0.10058887,0.0051582637,-0.0041008466,0.0958496,0.042798962,-0.3258463,0.008877346,0.119502366,0.30343044,-0.08515176,0.01699227,-0.035960294,0.19499013,0.11271243,-0.9223847,-0.024347298,0.32377672,0.7919134,0.28938502,-0.761898,0.02922945,0.09142874,1.2342443,-0.23189712,0.14299971,-0.11945467,0.20464224,0.052561134,0.12894234,-0.28124288,-0.07289976,0.0025835093,-0.14538443,-0.068538226,-0.008968149,0.15821952
-0.17438146,-1.7005386,-0.087067895,-1.0222744,-0.1860533,0.055649422,0.014368302,-0.012899091,-0.0003594324,0.45467362,0.17521293,0.005067342,2.1913722,0.048921626,-0.28344157,0.49486163,0.20621853,0.036730304,0.0221269,0.012132762,-0.019880174,-0.012178138,0.008388222,-0.12823924,-0.14536552,-0.08629509,-0.0067561935,0.06180972,0.073740505,0.017773828,-0.16588278,-0.06915597,0.14424229,-0.18292508,0.034501772,-0.06648219,-0.13214031,-0.01920493,0.005989372,0.10440209,0.063128166,-0.29588178,-0.02959457,0.19651347,0.27608907,-0.11873776,0.0044610756,-0.051386487,0.23147535,0.21579427,-0.89234275,-0.09403263,0.4445678,0.7140434,0.34666482,-0.7721084,0.0041832165,0.021414477,1.4054322,-0.31208208,0.1387287,-0.13808452,0.18434893,0.032152772,0.13974783,-0.30465418,-0.06608024,-2.6611155e-05,-0.14360406,-0.061253566,-0.009168853,0.15980037
-0.19635473,-1.7225099,-0.06944503,-1.1594194,-0.21820873,0.076018184,0.122254066,-0.03580288,-0.046041414,0.46660882,0.23283842,-0.008461093,2.2914624,0.0770909,-0.339509,0.4202707,0.25164822,0.026800014,0.027119925,0.021358637,-0.022416595,-0.023709014,-0.010841263,-0.12916334,-0.09214661,-0.08522741,0.039700516,0.053123314,0.09720457,0.018902445,-0.17203355,-0.071728334,0.15197575,-0.21726719,0.034166098,-0.07325353,-0.15188362,-0.03867398,0.01302338,0.12179035,0.08447409,-0.25660646,-0.049987532,0.24930663,0.247781,-0.15069157,-0.009768402,-0.06012126,0.26455617,0.29594615,-0.851058,-0.14325346,0.53363895,0.6680392,0.41081178,-0.8480369,-0.016278667,-0.028844424,1.5256997,-0.3762754,0.1255004,-0.16555955,0.16033058,0.014156602,0.14767314,-0.31585932,-0.05973698,-0.0008911922,-0.14049207,-0.05369281,-0.010072459,0.15791687
-0.20958705,-1.7291876,-0.05023994,-1.2544132,-0.23928793,0.095582984,0.2331281,-0.059623104,-0.09102604,0.45787296,0.28360087,-0.029006395,2.2497196,0.11216702,-0.34321418,0.33330622,0.28233913,0.009448003,0.033955336,0.027913284,-0.023459341,-0.026128843,-0.020447282,-0.13081814,-0.007464797,-0.07888485,0.09846606,0.044777445,0.11700709,0.017352512,-0.17376842,-0.0818871,0.1582862,-0.23787318,0.035597492,-0.080209516,-0.15126668,-0.052768946,0.020105423,0.14392188,0.111132696,-0.2173957,-0.051945265,0.2738053,0.22978872,-0.17054375,-0.030280918,-0.06444976,0.29425335,0.35329196,-0.80406976,-0.16356392,0.59235674,0.65961844,0.4666999,-0.97608054,-0.03609807,-0.05058339,1.6222541,-0.4138072,0.105730794,-0.19885242,0.13389781,-0.0044277525,0.15794611,-0.3221883,-0.0574278,0.0007315678,-0.13899864,-0.048916783,-0.012622505,0.1535193
-0.20664608,-1.719795,-0.034029674,-1.2846543,-0.24528378,0.10478718,0.32750386,-0.07749597,-0.1279589,0.42486224,0.31802666,-0.052062068,2.0691855,0.14175247,-0.2966912,0.27723944,0.29501337,-0.0053235623,0.041855514,0.033070453,-0.021694003,-0.018488938,-0.014894303,-0.13146192,0.07885166,-0.069736935,0.15428543,0.03845703,0.12981571,0.014658118,-0.17130357,-0.098324925,0.16214359,-0.24274734,0.036761817,-0.08557202,-0.12637956,-0.056080386,0.028792607,0.1670707,0.14350924,-0.18386592,-0.036805697,0.26634684,0.22597799,-0.17518401,-0.054906473,-0.06709805,0.31595093,0.38844085,-0.76203156,-0.15336257,0.614395,0.6850247,0.50097895,-1.1057105,-0.05353944,-0.043275658,1.6932814,-0.4180075,0.08639143,-0.22837415,0.10948745,-0.022859333,0.1706856,-0.32243162,-0.060174815,0.0053440956,-0.14052413,-0.048462972,-0.016985444,0.14919622
-0.18818478,-1.7002217,-0.023832964,-1.2424176,-0.23467417,0.0943982,0.39113218,-0.0874839,-0.15178798,0.37790763,0.33123603,-0.069302864,1.7835099,0.15956046,-0.22508198,0.2794108,0.28978968,-0.010005362,0.051337108,0.038161922,-0.01778027,-0.0013761785,0.0023593702,-0.13077492,0.14738317,-0.05925858,0.19713585,0.034239326,0.13429327,0.011515494,-0.1669041,-0.11631156,0.16264437,-0.23272653,0.03298071,-0.08727388,-0.08819265,-0.047214985,0.037180107,0.18492022,0.1703551,-0.16196753,-0.013697741,0.24105336,0.23484379,-0.16709445,-0.07687475,-0.07003745,0.327875,0.40009177,-0.7386544,-0.12361198,0.6086185,0.7276563,0.51081455,-1.1951073,-0.06478114,-0.017802924,1.7397925,-0.39797696,0.072326824,-0.24731687,0.09393933,-0.039881703,0.18429615,-0.31981912,-0.064390615,0.010071475,-0.14461434,-0.049692314,-0.021108456,0.14579718
-0.16386208,-1.6794213,-0.019423787,-1.143149,-0.2095884,0.07285306,0.40930817,-0.08861499,-0.16716418,0.32990047,0.324218,-0.073053695,1.4596915,0.1627341,-0.16209866,0.3715699,0.2706468,-0.0018493512,0.06303348,0.0457226,-0.013299438,0.019191924,0.022568973,-0.12886736,0.18706645,-0.049198158,0.22226112,0.032391056,0.13326178,0.009296415,-0.16037641,-0.13233119,0.15902403,-0.21502776,0.0248925,-0.08716962,-0.046737265,-0.030829372,0.0426913,0.19459842,0.1853631,-0.15493068,0.011338325,0.21201062,0.24984317,-0.14875086,-0.09024808,-0.07330221,0.32985866,0.3922016,-0.7359244,-0.0849147,0.58218074,0.76677126,0.50240904,-1.2382697,-0.0654321,0.020247096,1.7493757,-0.3583084,0.06535972,-0.25191307,0.09014625,-0.047384795,0.19518653,-0.31393546,-0.06844336,0.013312649,-0.15014292,-0.052749682,-0.023451377,0.14294386
-0.1440402,-1.6562465,-0.021295438,-1.005131,-0.1779739,0.04160763,0.3780465,-0.081234105,-0.17057966,0.28944263,0.2988247,-0.06845078,1.1391426,0.15373243,-0.12007709,0.5829735,0.24370128,0.015460345,0.07349015,0.05054135,-0.0075220307,0.036577836,0.044393077,-0.1186106,0.1917519,-0.04429191,0.2230318,0.036115106,0.12525395,0.007885301,-0.14921425,-0.14206706,0.1511628,-0.1950847,0.0115017155,-0.0850892,-0.013305234,-0.014460601,0.045437913,0.1992512,0.18847813,-0.16199064,0.03697617,0.17524993,0.26821214,-0.12875423,-0.09771123,-0.07121541,0.32439223,0.37045622,-0.7524964,-0.03686139,0.5250178,0.8050578,0.48562932,-1.250118,-0.0601167,0.07295516,1.7264695,-0.30166733,0.06432848,-0.24431866,0.097116135,-0.04364089,0.20095901,-0.30456743,-0.07424256,0.01577283,-0.15699376,-0.06078785,-0.024699086,0.14248641
-0.13400114,-1.6221639,-0.03164246,-0.8454872,-0.14670134,0.0011566874,0.29611877,-0.06425045,-0.15672098,0.26231053,0.2567331,-0.059525374,0.870438,0.13273975,-0.09255465,0.8940193,0.2143727,0.03802166,0.079517394,0.050190244,-0.0013015418,0.036849085,0.06550884,-0.091371514,0.17691982,-0.044901226,0.2042606,0.043293748,0.11049987,0.007018262,-0.13278687,-0.1399914,0.13787422,-0.1786489,-0.00039173002,-0.08114695,0.0064759897,-0.0027369035,0.04168614,0.1958381,0.17399736,-0.18614513,0.061416145,0.13069294,0.2913877,-0.10355845,-0.0993996,-0.05987223,0.30740067,0.31980693,-0.78638977,0.016170802,0.43428552,0.8452711,0.45846367,-1.2535003,-0.042328145,0.13247828,1.6305624,-0.23450224,0.06089628,-0.2284105,0.11755597,-0.017715624,0.19331703,-0.29129207,-0.08090408,0.0178559,-0.16336048,-0.072464675,-0.023798432,0.14460017
-0.13323803,-1.5692533,-0.050110046,-0.684959,-0.11885719,-0.035846896,0.17066978,-0.038022887,-0.1300129,0.2492586,0.20281115,-0.052302226,0.67824936,0.09636699,-0.07679842,1.2540731,0.19337235,0.06308146,0.07908813,0.045566652,0.003003078,0.01305861,0.08184178,-0.05134214,0.15325391,-0.045650013,0.17856695,0.049697112,0.09130712,0.0052372664,-0.11747297,-0.12545897,0.11885444,-0.16816798,-0.0056970557,-0.0774962,0.014558808,-7.25779e-05,0.032196656,0.17900006,0.13987163,-0.22266348,0.081920125,0.08453694,0.31876975,-0.07010087,-0.1008682,-0.036876544,0.27206644,0.22840045,-0.8143134,0.068673134,0.31862226,0.8876005,0.4170647,-1.2614775,-0.0056862584,0.19115901,1.4175667,-0.15669374,0.054977786,-0.20567387,0.14865626,0.03898454,0.16773461,-0.2714863,-0.086348504,0.019322455,-0.16780166,-0.08460414,-0.020208552,0.14732815
-0.13598116,-1.4964181,-0.077119425,-0.53886503,-0.099527724,-0.064379,0.008292972,-0.0037039863,-0.097152315,0.25082484,0.14017391,-0.046993338,0.57784104,0.04468879,-0.068584375,1.5964799,0.17565078,0.09071163,0.074476734,0.03725404,0.0033364033,-0.036976457,0.095084816,-0.0064306855,0.12694024,-0.047254797,0.1529457,0.05693541,0.06729736,0.0013775291,-0.10828374,-0.10537801,0.09886449,-0.16328457,-0.0017436895,-0.07752354,0.015811637,-0.0057758708,0.022290353,0.1517368,0.100019805,-0.26174176,0.09841029,0.035935946,0.34254208,-0.037263684,-0.103562124,-0.0060342904,0.22544144,0.118387826,-0.8308575,0.117754035,0.19304301,0.92693764,0.36318007,-1.3013791,0.04790751,0.24382909,1.195731,-0.0867986,0.045317885,-0.18256384,0.1843386,0.097641654,0.13784795,-0.2491823,-0.08837482,0.020657623,-0.16929837,-0.09336768,-0.015933285,0.14945027
-0.1369979,-1.4082819,-0.11030834,-0.4134774,-0.08748978,-0.08173725,-0.17551464,0.038616754,-0.0642713,0.26788154,0.07424853,-0.04029073,0.5631769,-0.012937146,-0.067648344,1.8800552,0.15906392,0.1224726,0.06630119,0.026792856,0.0011676626,-0.107271,0.105548054,0.03443289,0.097225636,-0.049223106,0.13160951,0.0634645,0.041112997,-0.0043365113,-0.10718619,-0.086185485,0.08334774,-0.16241531,0.0076108314,-0.08041874,0.0065025957,-0.016756479,0.015468103,0.11499738,0.052429758,-0.2965632,0.104894295,-0.0059593976,0.35561645,-0.012328947,-0.106104925,0.025008919,0.17159395,-0.005414046,-0.83713925,0.1534957,0.082729384,0.95454204,0.30113474,-1.3693626,0.11835548,0.27096465,1.057175,-0.054666054,0.037084285,-0.1616508,0.22063139,0.12994699,0.11615258,-0.23455216,-0.0848455,0.020659769,-0.1674809,-0.094722405,-0.011679931,0.14866762
-0.13309264,-1.3276304,-0.14430346,-0.3046199,-0.07525934,-0.083830744,-0.37641895,0.08461191,-0.04493352,0.30355248,0.007802567,-0.02972091,0.5959173,-0.07113786,-0.0691811,2.0835333,0.13120507,0.15857063,0.05399197,0.01776286,0.001160849,-0.17566362,0.11047231,0.056347657,0.0570164,-0.04655671,0.11652739,0.06795969,0.015371682,-0.008736278,-0.113921545,-0.07217558,0.07370177,-0.16239299,0.02010361,-0.0883645,-0.016790425,-0.021790056,0.013940626,0.07045525,-0.006886316,-0.3161858,0.09887597,-0.028225852,0.35602674,-0.001884205,-0.102685995,0.046115614,0.10960511,-0.13293587,-0.8286555,0.16722247,0.009870161,0.9641745,0.2295127,-1.4463114,0.20427224,0.26865256,1.012675,-0.065538526,0.037415184,-0.14598773,0.25573957,0.13027158,0.109256886,-0.23371385,-0.07725549,0.01839651,-0.16361485,-0.090184204,-0.007033892,0.14510432
-0.12334882,-1.2686152,-0.17505944,-0.19026989,-0.05237532,-0.0660572,-0.59559643,0.12965696,-0.05172336,0.3482013,-0.06144135,-0.0180781,0.6091612,-0.1316428,-0.06775714,2.207601,0.08509474,0.20171364,0.040021054,0.011057344,0.006715295,-0.20845199,0.1076365,0.04543074,0.008565531,-0.036312193,0.105304345,0.07001493,-0.013126111,-0.009425632,-0.13159983,-0.06773034,0.06704925,-0.16130327,0.035383757,-0.10031608,-0.047368236,-0.011005341,0.014446093,0.029222215,-0.073431544,-0.30985513,0.09031491,-0.041649524,0.34229967,-0.013719313,-0.08974441,0.055692423,0.04327038,-0.25397298,-0.7978891,0.16903791,-0.04853674,0.95063186,0.16077186,-1.5277412,0.28749716,0.2600944,1.0354488,-0.08924402,0.04392515,-0.13974734,0.28797317,0.112217575,0.12155922,-0.23926052,-0.07165667,0.014932147,-0.16166644,-0.08630314,-0.0031272233,0.1407729
-0.107760146,-1.231092,-0.19924623,-0.058587957,-0.01794078,-0.027495272,-0.83099085,0.17426454,-0.07537866,0.39442524,-0.13462797,-0.0052254773,0.5808542,-0.19337001,-0.05954363,2.2623253,0.018398955,0.24894948,0.027405936,0.008156056,0.016932307,-0.19153184,0.09803867,0.004218528,-0.036656313,-0.01777966,0.09365281,0.065130636,-0.044062663,-0.005910499,-0.15786271,-0.06857928,0.06250191,-0.1564714,0.04754985,-0.11409722,-0.07984614,0.01938827,0.009532803,-0.005188416,-0.14494555,-0.28653026,0.08654597,-0.05234857,0.3210696,-0.04046338,-0.063908,0.05774724,-0.030165844,-0.37147743,-0.7482826,0.16805491,-0.11393923,0.9160929,0.09073077,-1.6002462,0.36798954,0.26092252,1.0208491,-0.10035211,0.04918004,-0.14211856,0.3200564,0.10460245,0.14192882,-0.2377726,-0.06782944,0.011203841,-0.16035968,-0.08401329,0.0009432542,0.13542077
-0.087430306,-1.2041544,-0.21488835,0.09514949,0.02452088,0.03411002,-1.0595149,0.21118172,-0.114118196,0.4279079,-0.2070376,0.011332459,0.49746963,-0.25393832,-0.044436548,2.2568727,-0.05850289,0.28545186,0.020643203,0.010865182,0.029032044,-0.118722394,0.08164363,-0.062549084,-0.06887833,0.008273668,0.08475765,0.05166574,-0.073142685,0.0005515585,-0.19180867,-0.07159015,0.057291027,-0.14740422,0.053335067,-0.124502935,-0.10064652,0.06033029,-0.002664767,-0.030112086,-0.20994726,-0.25370988,0.09346016,-0.066954546,0.29635465,-0.07019322,-0.031136297,0.058270194,-0.10385977,-0.48443192,-0.68609995,0.17209786,-0.19460289,0.8710619,0.030105134,-1.6661371,0.43841472,0.28225964,0.89974135,-0.07856112,0.044703763,-0.15113468,0.34715793,0.12761618,0.15846324,-0.21673198,-0.065012306,0.007831889,-0.15961191,-0.08352414,0.0054779164,0.1298512
-0.064819284,-1.1828012,-0.22208494,0.24926384,0.063878804,0.10250152,-1.2479497,0.23731841,-0.1546797,0.4396119,-0.27194732,0.03233752,0.3939006,-0.30572146,-0.021696655,2.1810112,-0.13538615,0.29532987,0.022711597,0.014962453,0.03932021,-0.0143850185,0.06462433,-0.13707255,-0.08475652,0.030662514,0.07692873,0.036873963,-0.09858872,0.0077857687,-0.22189172,-0.07466377,0.056118175,-0.13365762,0.055163097,-0.13016692,-0.10129614,0.09793661,-0.018964088,-0.040679995,-0.24706382,-0.21881427,0.110317655,-0.09274785,0.2677366,-0.0968093,0.0028015296,0.059695538,-0.16052024,-0.56659704,-0.63254887,0.18460388,-0.27899432,0.8248986,-0.014103648,-1.7373666,0.49021685,0.31998911,0.7626577,-0.036419127,0.02710608,-0.1672529,0.3630926,0.15932202,0.17213771,-0.17781183,-0.06106258,0.006083368,-0.15787633,-0.08251742,0.008826316,0.12550136
-0.04299809,-1.1620183,-0.22136812,0.3779412,0.09132543,0.16054994,-1.3584788,0.252507,-0.18053472,0.42655337,-0.31969625,0.055699714,0.31347978,-0.3388897,0.0004337831,2.0363352,-0.1934677,0.27480868,0.030851278,0.015660455,0.048441697,0.08637597,0.05109096,-0.19892193,-0.08424828,0.04100864,0.07113763,0.023803826,-0.11625641,0.0147776855,-0.2380178,-0.07480879,0.060204655,-0.118512824,0.05542396,-0.12917347,-0.08769007,0.12251287,-0.036070608,-0.03939764,-0.2588569,-0.19229598,0.12817791,-0.12325536,0.2414627,-0.113426976,0.03263157,0.060446657,-0.19114248,-0.6191186,-0.6040109,0.20115313,-0.34336752,0.79063123,-0.038682997,-1.8089199,0.5220056,0.3511501,0.68015707,-0.0040847226,-0.0005755392,-0.1864855,0.3669832,0.17723362,0.1816675,-0.13490498,-0.053420037,0.0054598977,-0.15274464,-0.07754036,0.011094091,0.12234851
-0.025304107,-1.1519856,-0.21412283,0.47174445,0.10677851,0.19486085,-1.3800237,0.25721878,-0.18102083,0.3982825,-0.34774342,0.0763459,0.27090573,-0.35134095,0.016119193,1.818864,-0.22952834,0.23078702,0.04192977,0.011729327,0.057487555,0.15761182,0.04242821,-0.23778518,-0.068932176,0.03654487,0.07112551,0.015640158,-0.12538168,0.02173279,-0.23453748,-0.06788728,0.06553551,-0.10772688,0.058959737,-0.12592438,-0.06754634,0.13519245,-0.050113667,-0.0314647,-0.2539769,-0.17862315,0.14105609,-0.14821196,0.22525881,-0.11869676,0.058194213,0.057897028,-0.1965137,-0.6424895,-0.6047848,0.21628225,-0.37133482,0.7821972,-0.04824892,-1.8625401,0.53393155,0.36720732,0.6640058,0.0075983903,-0.029069465,-0.20513529,0.36211884,0.17510553,0.18577084,-0.10041078,-0.042830333,0.0050405106,-0.14358196,-0.06928267,0.013365303,0.12072638
-0.014222655,-1.1587619,-0.20400745,0.5410753,0.118756235,0.20390177,-1.3336078,0.25479794,-0.15853386,0.36337,-0.35940903,0.0902764,0.29052404,-0.34443644,0.019967223,1.5381447,-0.24813975,0.18345253,0.05378369,0.0036690517,0.06711342,0.19945963,0.03633138,-0.25738254,-0.035161752,0.021279996,0.077571146,0.012813575,-0.12990382,0.028572915,-0.2159725,-0.05437247,0.06869221,-0.099550016,0.069118574,-0.12529528,-0.04373861,0.13756907,-0.05971259,-0.016597252,-0.24063812,-0.17512564,0.1500855,-0.16477045,0.22126038,-0.11257711,0.07944104,0.051474124,-0.18261462,-0.6446067,-0.62753147,0.22803314,-0.3694343,0.7991478,-0.040110875,-1.8918718,0.5214668,0.36917487,0.6930101,0.0070334533,-0.050680045,-0.22120869,0.35119104,0.15982714,0.1862352,-0.0787415,-0.03608733,0.005470328,-0.13480888,-0.06379125,0.014724171,0.12283906
-0.012840722,-1.1912793,-0.19344738,0.4774565,0.107116766,0.18668763,-1.2126644,0.2405816,-0.096889324,0.34257203,-0.3381082,0.094180554,0.5234646,-0.31035417,0.00011884063,1.269051,-0.23997307,0.1507195,0.057768773,-0.010452856,0.07159251,0.2199505,0.03745142,-0.25745845,-0.022982344,-0.0010884627,0.06215012,0.018878384,-0.12661374,0.03371894,-0.20865439,-0.04897364,0.07720989,-0.09344143,0.07663357,-0.12529622,-0.029265054,0.12889248,-0.06383473,0.0015795312,-0.2204993,-0.18878938,0.14803769,-0.16095945,0.23002294,-0.09957507,0.0909694,0.04354194,-0.14357126,-0.6085259,-0.6736229,0.22680698,-0.33444875,0.8257797,-0.012040941,-1.8928678,0.48160374,0.3515733,0.7628088,-0.008977717,-0.06013029,-0.23180877,0.34231612,0.13209157,0.18590364,-0.08664513,-0.033557713,0.005460028,-0.12930349,-0.05956451,0.013256451,0.127244
-0.029317414,-1.271489,-0.18152098,0.24215092,0.06368313,0.14952944,-0.9915949,0.19882202,-0.013808115,0.33450115,-0.26946288,0.088054135,0.88695556,-0.23253004,-0.03553377,1.0763351,-0.1801505,0.13472956,0.052378237,-0.027811522,0.06671715,0.21615922,0.056137614,-0.2296019,-0.0711521,-0.03581237,0.02301755,0.032763436,-0.10883552,0.03650839,-0.20284514,-0.056313433,0.08793548,-0.090564765,0.07534762,-0.11946039,-0.02472433,0.11070043,-0.061248392,0.01867896,-0.18425699,-0.22282425,0.13670075,-0.14161475,0.25379795,-0.08584687,0.08845263,0.031651642,-0.07771971,-0.52627355,-0.73261815,0.2156523,-0.27102017,0.85272884,0.036460374,-1.8500495,0.4193141,0.31481823,0.82256234,-0.03167275,-0.05343569,-0.23134239,0.33345,0.10909099,0.18110624,-0.12115701,-0.037615616,0.00791584,-0.12711301,-0.059069544,0.0068318853,0.13141793
-0.06452711,-1.4089748,-0.16579378,-0.094402164,-0.00314682,0.10167769,-0.6941366,0.13599303,0.05930739,0.33425298,-0.16719884,0.071440905,1.1727524,-0.121531546,-0.065670975,1.0107555,-0.073795,0.12390349,0.041515548,-0.046665587,0.05573315,0.18294033,0.0867225,-0.1825653,-0.15459488,-0.066609494,-0.014871219,0.049301356,-0.07924349,0.036339942,-0.1879332,-0.07613696,0.098872766,-0.09113612,0.060970932,-0.105184324,-0.031842854,0.08634133,-0.050182376,0.03480882,-0.13315977,-0.2669713,0.120531276,-0.11388359,0.2824024,-0.07874322,0.072886825,0.01693852,-0.005602814,-0.40730423,-0.79050905,0.19038725,-0.18029398,0.87728834,0.09286525,-1.7464701,0.34578732,0.26824355,0.8627027,-0.058898725,-0.030361626,-0.2176517,0.31904,0.09283469,0.17307685,-0.17007495,-0.045527298,0.011939902,-0.12983784,-0.0604637,-0.002222623,0.13480468
-0.10062624,-1.5554711,-0.149009,-0.38902247,-0.06638167,0.050220415,-0.39920545,0.074390024,0.0976384,0.32733154,-0.061329104,0.048145276,1.2587416,-0.022526609,-0.08034051,1.1432385,0.046848685,0.12620057,0.031760618,-0.056827687,0.040631562,0.11617655,0.11585003,-0.12180847,-0.21616602,-0.07576384,-0.0305303,0.05905775,-0.04255267,0.030538935,-0.16138595,-0.09674987,0.10773788,-0.10275488,0.036721926,-0.08521682,-0.04914834,0.06173208,-0.03428167,0.04764861,-0.08654642,-0.30872363,0.10368626,-0.07858267,0.30788267,-0.07244287,0.048409387,0.006612923,0.05211987,-0.28496715,-0.83368456,0.15867257,-0.07501805,0.8987612,0.1392957,-1.5589544,0.27217284,0.2313857,0.8673065,-0.07957394,0.009042751,-0.18826772,0.29610595,0.08666422,0.1603478,-0.21429494,-0.053305224,0.01385686,-0.13853599,-0.06259711,-0.008663235,0.13912053
-0.12575275,-1.6599748,-0.13793148,-0.53298825,-0.099036016,0.0058241677,-0.24239017,0.042364247,0.10488731,0.32363576,0.0012609403,0.022887971,1.1955448,0.023686737,-0.08220895,1.3247167,0.108610645,0.12561023,0.020320132,-0.051058132,0.025032079,0.012486971,0.12984487,-0.065601595,-0.22079314,-0.0764942,-0.02217051,0.06393837,-0.013972137,0.02154563,-0.12803563,-0.104289755,0.10821708,-0.12521747,0.027440976,-0.07132324,-0.06836985,0.049041875,-0.018259315,0.05435616,-0.056322526,-0.33815306,0.08527098,-0.03897201,0.32702354,-0.06654649,0.03137176,-0.0008884819,0.091169745,-0.1897202,-0.8658047,0.12819934,0.029529333,0.91831,0.16817151,-1.3259549,0.20690061,0.20610225,0.8714414,-0.09917014,0.051050402,-0.15366243,0.27211985,0.08225171,0.14652322,-0.24083959,-0.0571589,0.014197655,-0.1441359,-0.063407645,-0.010528109,0.14145471
-0.13474996,-1.7012224,-0.13331334,-0.51185673,-0.09580389,-0.018754011,-0.20729508,0.03624261,0.08136811,0.3218405,0.017597353,0.008934019,1.1136551,0.020700544,-0.073503844,1.352464,0.108808495,0.11453711,0.0147693865,-0.03481342,0.013450436,-0.071415395,0.119310796,-0.04106538,-0.17067562,-0.06789445,0.00365691,0.065137476,0.0021471207,0.013307749,-0.09894303,-0.09097605,0.10102877,-0.14109325,0.03275781,-0.06319997,-0.07865393,0.050432447,-0.009357361,0.06069591,-0.03672467,-0.3492072,0.067503214,-0.0017100998,0.33737478,-0.06065648,0.0295103,-0.009648711,0.111268714,-0.11990649,-0.8932814,0.09944075,0.12209791,0.9294048,0.18042777,-1.0868484,0.15099178,0.18639804,0.9133679,-0.120528266,0.08852378,-0.12762581,0.2477277,0.07948486,0.13755946,-0.24813552,-0.062416404,0.012098752,-0.14787301,-0.06744153,-0.00781017,0.14602254
-0.13120365,-1.6908514,-0.1302631,-0.50919545,-0.09409652,-0.024658341,-0.20123944,0.037520505,0.053210516,0.33333734,0.03004011,0.01030221,1.2683468,-0.0035301065,-0.08189948,1.1878673,0.09276952,0.09415904,0.009990699,-0.015784469,0.003967137,-0.1058579,0.09006821,-0.04902491,-0.11844903,-0.05855875,0.017294884,0.066205546,0.017366957,0.00925734,-0.10094473,-0.07579498,0.10020122,-0.15336895,0.0438851,-0.059515134,-0.088641815,0.04945395,-0.0063806544,0.06870022,-0.017429788,-0.34285128,0.037476063,0.052224353,0.3312739,-0.062136326,0.035059463,-0.0240173,0.13456044,-0.038695678,-0.9157954,0.051763315,0.22639737,0.8995226,0.1962555,-0.88722026,0.097333945,0.14699285,1.0373863,-0.15774938,0.1151217,-0.11803257,0.22786418,0.06893153,0.1373359,-0.26181218,-0.06770504,0.007283057,-0.15087089,-0.07115282,-0.0046232003,0.15408406
-0.13720341,-1.6795759,-0.12533166,-0.6291945,-0.11311105,-0.00803202,-0.13618226,0.024203693,0.023454562,0.35761315,0.07206386,0.019362153,1.627318,-0.007495167,-0.13387929,0.873911,0.110977024,0.06846453,0.006672904,0.0014666088,-0.006977383,-0.09851112,0.051997766,-0.074409105,-0.09918756,-0.06467639,0.020359969,0.066689104,0.040767867,0.010231608,-0.11882449,-0.06575212,0.10715451,-0.16838677,0.055683434,-0.05997614,-0.100632586,0.03556311,-0.0068792696,0.077919945,0.012373364,-0.32557434,-0.0016879566,0.11919728,0.31110826,-0.07878925,0.039514225,-0.04352577,0.170822,0.06767492,-0.9148961,-0.0095875515,0.33707163,0.82548404,0.2297378,-0.7567542,0.052387763,0.083931625,1.1984198,-0.20770216,0.1324297,-0.12287651,0.21024817,0.054243434,0.14413688,-0.2812828,-0.0717849,0.0037961113,-0.1495773,-0.0725104,-0.0044844225,0.16162196
-0.16752367,-1.7015721,-0.117127575,-0.8547262,-0.15582581,0.029814547,0.013909739,-0.008027558,-0.016603505,0.3871884,0.14617358,0.0235759,1.9972588,0.025574038,-0.21760087,0.5350108,0.17207932,0.03633017,0.010427776,0.011617214,-0.014578085,-0.0696024,0.011378415,-0.10514862,-0.09095491,-0.07247872,0.03472556,0.06317328,0.071201116,0.014407869,-0.13646105,-0.06416661,0.11891432,-0.1873454,0.05642697,-0.06272927,-0.11511484,0.0063742446,-0.004513342,0.0938753,0.054357078,-0.29858792,-0.03621124,0.18371823,0.28137663,-0.10836659,0.0323523,-0.06117942,0.21014406,0.18914366,-0.8861311,-0.07616125,0.4458931,0.7407382,0.28401965,-0.73108894,0.018497596,0.0131792845,1.3757478,-0.27208045,0.13479404,-0.14013629,0.19046755,0.03366144,0.15501767,-0.30377007,-0.071796484,0.0010380076,-0.14557007,-0.06865114,-0.006037641,0.16540377
-0.20796947,-1.7315321,-0.10464507,-1.0865059,-0.20322181,0.07207776,0.20351116,-0.045169324,-0.066184334,0.40486497,0.23310854,0.0141865015,2.221542,0.07567904,-0.2960292,0.34136164,0.2547172,0.013405727,0.020526815,0.018264446,-0.019036232,-0.042922933,-0.021267686,-0.122165106,-0.053392462,-0.07019913,0.07097255,0.053258464,0.10402993,0.016639225,-0.1463138,-0.06853208,0.13144939,-0.21423222,0.046094004,-0.06651029,-0.12714463,-0.031577498,0.0032246886,0.11558139,0.09319996,-0.26136416,-0.05683655,0.23555203,0.24696699,-0.13748126,0.008425662,-0.06795091,0.244894,0.29537028,-0.8309057,-0.13208649,0.53687036,0.6735321,0.35220608,-0.7784297,-0.009910755,-0.041369304,1.5127242,-0.3288268,0.13024932,-0.1629855,0.1629865,0.012821994,0.16396081,-0.32085252,-0.06913733,-0.0013169155,-0.14414626,-0.06242379,-0.007822251,0.16705257
-0.2424786,-1.749966,-0.09151768,-1.2452912,-0.2357616,0.102826,0.32775915,-0.06965992,-0.11058011,0.41318753,0.29602882,-0.011467223,2.2696943,0.11578506,-0.33497494,0.2591663,0.30019942,-0.0061861877,0.027257668,0.025008328,-0.020120975,-0.04111662,-0.03876107,-0.12458761,0.016087798,-0.068744,0.119531594,0.043955058,0.1266242,0.016565459,-0.14932582,-0.07652498,0.13932374,-0.23912622,0.043767557,-0.07527676,-0.127657,-0.05923931,0.016952673,0.13716844,0.12237759,-0.21881576,-0.06341752,0.26742756,0.22029296,-0.1569219,-0.021817666,-0.0688949,0.27550197,0.3631988,-0.7692502,-0.16457601,0.6054741,0.64489466,0.41858292,-0.8831838,-0.03483988,-0.07353122,1.6162589,-0.37670577,0.1184173,-0.18948239,0.1342691,-0.01346221,0.17173313,-0.3304055,-0.064946,-0.0006033531,-0.14155398,-0.0544046,-0.010568615,0.16367777
-0.25623798,-1.749626,-0.07736185,-1.2941723,-0.24583152,0.11251224,0.40593174,-0.085208274,-0.14745048,0.39970523,0.33040038,-0.040819418,2.123277,0.14437029,-0.31178358,0.22640334,0.31227195,-0.01857715,0.03546087,0.030695856,-0.01834332,-0.037465546,-0.03624716,-0.12255276,0.09371132,-0.06240683,0.16902092,0.036923062,0.13744217,0.014334534,-0.14770977,-0.08552882,0.14017774,-0.24643822,0.04215793,-0.08153575,-0.10975389,-0.06751825,0.03131745,0.15712261,0.14749837,-0.18311161,-0.052586954,0.27016768,0.21349342,-0.16137877,-0.052994564,-0.06789153,0.2964375,0.39431882,-0.72758687,-0.16429898,0.6410691,0.664088,0.46159855,-1.0029919,-0.053213045,-0.076676264,1.6897126,-0.40408486,0.103290625,-0.21556193,0.109470956,-0.035380445,0.1803563,-0.33350018,-0.06421046,0.0020099073,-0.14168832,-0.04978965,-0.013831908,0.15787207
-0.24196975,-1.7270217,-0.062407706,-1.2442726,-0.23494832,0.09574065,0.44775587,-0.091718726,-0.16935517,0.3652615,0.34034678,-0.061601847,1.8242065,0.15943785,-0.24209276,0.2658953,0.30065888,-0.019354958,0.044372573,0.037728287,-0.014956011,-0.025930306,-0.0133102685,-0.118048795,0.15904377,-0.05417684,0.20870206,0.032707315,0.14049534,0.010983809,-0.14601323,-0.10075285,0.13858117,-0.23839839,0.03469898,-0.08384496,-0.08095705,-0.059317533,0.044415846,0.17310019,0.1689254,-0.16020033,-0.03248762,0.2528532,0.22089937,-0.1558874,-0.07808295,-0.06943492,0.30810034,0.40308797,-0.7129651,-0.14093798,0.6500158,0.7072402,0.47601923,-1.0863158,-0.06400601,-0.057139605,1.7408825,-0.40407613,0.09214755,-0.23327188,0.09273713,-0.051155303,0.1908651,-0.3335295,-0.06721933,0.0062920954,-0.1463533,-0.049729694,-0.018163456,0.1531508
-0.2124469,-1.6953478,-0.051897828,-1.1223623,-0.20689185,0.06362774,0.4346951,-0.088958,-0.18058328,0.324548,0.32726586,-0.0671267,1.4590466,0.15751164,-0.16978723,0.4269148,0.2707166,-0.0045288033,0.053223662,0.04719608,-0.011499945,-0.006335387,0.014493969,-0.11369021,0.19532743,-0.045090627,0.2284376,0.032551046,0.13743044,0.007711778,-0.14298952,-0.11813186,0.13533801,-0.2196589,0.023066828,-0.08416961,-0.04916505,-0.04235144,0.05437641,0.18304269,0.18261139,-0.15601943,-0.00849803,0.22537236,0.23764923,-0.14341463,-0.0929386,-0.0715442,0.3098267,0.39595366,-0.72414947,-0.10271681,0.63097435,0.7542531,0.4653626,-1.1214465,-0.06078884,-0.018106999,1.7652076,-0.3771435,0.08702109,-0.23669408,0.08962617,-0.06044656,0.20173286,-0.329211,-0.07178474,0.01105349,-0.1527979,-0.054340508,-0.022325136,0.14962897
-0.18479747,-1.6608837,-0.050453346,-0.9621302,-0.17063038,0.02774926,0.3773007,-0.07888578,-0.18145925,0.2903053,0.29615733,-0.0621155,1.0996381,0.14532667,-0.117899366,0.70404065,0.23654427,0.021683991,0.063504614,0.05268236,-0.00667129,0.014442385,0.03999865,-0.10485882,0.19147368,-0.036701255,0.22208333,0.036886696,0.12736452,0.005016736,-0.13435833,-0.1300208,0.12956405,-0.19452158,0.00645959,-0.07969755,-0.022946896,-0.023706982,0.057227034,0.1878914,0.186489,-0.1728853,0.01891654,0.1838519,0.26407096,-0.12497168,-0.09945616,-0.06778492,0.3013689,0.37001994,-0.75819546,-0.05231235,0.5701367,0.80409694,0.43800125,-1.1353419,-0.04419626,0.03503435,1.7519994,-0.33059183,0.08265519,-0.2273169,0.10254626,-0.057972424,0.20659406,-0.32145914,-0.07713579,0.014360274,-0.1580589,-0.063432775,-0.023849864,0.14671525
-0.16682206,-1.6201087,-0.056782905,-0.7998874,-0.13719296,-0.004182174,0.29110685,-0.06560575,-0.16866271,0.2672908,0.25358674,-0.055506792,0.80868095,0.1253683,-0.08470383,1.0497886,0.20864436,0.054007504,0.071067,0.050639134,-0.002852533,0.026856372,0.061833795,-0.08762835,0.16191776,-0.031286255,0.19676474,0.045458116,0.11139309,0.003234666,-0.12200815,-0.13435401,0.12054788,-0.1722577,-0.007862255,-0.07119681,-0.006281157,-0.010703597,0.052638307,0.18700852,0.17737669,-0.20044482,0.047142565,0.13371144,0.2902082,-0.10489065,-0.103115775,-0.05394216,0.2867164,0.32696941,-0.79600644,0.0029694606,0.46863952,0.8468546,0.40815666,-1.1477535,-0.023766916,0.10154337,1.6749487,-0.25889647,0.07588383,-0.21248014,0.12441574,-0.035726372,0.20099732,-0.30728734,-0.08341432,0.016187001,-0.1628435,-0.07626231,-0.022489114,0.14716691
-0.1597095,-1.5689116,-0.07076691,-0.6517036,-0.11192362,-0.031183682,0.17179571,-0.043032147,-0.14495514,0.2567067,0.20316087,-0.049678642,0.6184626,0.09182406,-0.0653325,1.4079031,0.19614203,0.08475819,0.07188996,0.043492448,0.0010326358,0.012017669,0.0780269,-0.05601249,0.12417454,-0.029030109,0.16658689,0.053006526,0.09268309,0.0023403848,-0.10864096,-0.1253978,0.10722681,-0.1604859,-0.013297485,-0.063275985,-0.0009340226,-0.0046583125,0.041992437,0.17352909,0.14809297,-0.23466979,0.070271656,0.084693186,0.31675407,-0.077480264,-0.10431306,-0.032472935,0.259387,0.24874753,-0.820972,0.054067917,0.34428868,0.88259864,0.3745449,-1.1696608,0.0045756693,0.16270067,1.4875202,-0.17750214,0.06535973,-0.1938426,0.15301798,0.014622947,0.17840043,-0.28728336,-0.08793348,0.017118044,-0.16592743,-0.088142075,-0.018147878,0.14893745
-0.15878513,-1.5030792,-0.09254249,-0.5254978,-0.09734787,-0.05293334,0.014141623,-0.007884247,-0.113215655,0.26201853,0.14447819,-0.04478753,0.5441082,0.04160021,-0.059059292,1.7247653,0.19066587,0.11470399,0.06745323,0.034809556,0.0013456496,-0.04085138,0.093133,-0.013646124,0.091989055,-0.03241536,0.14123607,0.05976703,0.070446566,-0.0006392574,-0.10038702,-0.10759627,0.09316389,-0.1597227,-0.006904962,-0.062572524,-0.0064676367,-0.010163864,0.030414494,0.14819613,0.10928694,-0.2708207,0.08886206,0.03591253,0.33964065,-0.05123826,-0.106597655,-0.0031919363,0.22025368,0.14682204,-0.82947546,0.10241428,0.20614119,0.9144719,0.33249635,-1.2247986,0.045940503,0.21754652,1.2442622,-0.09759384,0.04878563,-0.17485325,0.1864727,0.07791696,0.14696504,-0.26250073,-0.08914128,0.018498288,-0.16698027,-0.0957371,-0.013549864,0.15017793
-0.15760416,-1.4164653,-0.12460447,-0.39846015,-0.084722824,-0.06505177,-0.19231687,0.041997936,-0.088189974,0.28201547,0.075764544,-0.037192687,0.5273408,-0.022761071,-0.05980147,2.0109856,0.1811885,0.15721416,0.058281522,0.027213115,0.00028132982,-0.11763173,0.1053284,0.025065009,0.06613594,-0.034322098,0.1276503,0.064606555,0.044916756,-0.0066532055,-0.102656566,-0.09061642,0.082165375,-0.16406496,0.0063929413,-0.06994793,-0.025037684,-0.017292213,0.024013408,0.112493224,0.05951186,-0.30197886,0.09727836,-0.00679416,0.35084137,-0.03336339,-0.10638794,0.02452767,0.17101762,0.026991686,-0.82665396,0.13933338,0.083978444,0.9341215,0.2807278,-1.30409,0.10460785,0.24781196,1.0853332,-0.058948707,0.035554193,-0.15635538,0.22266185,0.115331404,0.12416066,-0.24723136,-0.08495539,0.019099828,-0.16560802,-0.09503579,-0.009476903,0.14829697
-0.15662391,-1.3420981,-0.15483417,-0.3087037,-0.077190764,-0.07088118,-0.3643626,0.08422054,-0.0565597,0.3171169,0.011594205,-0.022378596,0.60405344,-0.07190582,-0.06579891,2.1177413,0.15369283,0.16555396,0.045158114,0.016455678,0.0018723535,-0.17917779,0.112574436,0.046604697,0.027966542,-0.04647756,0.11088869,0.06847015,0.019671356,-0.009532538,-0.10920002,-0.07334702,0.07227818,-0.16637972,0.022477418,-0.08195934,-0.05440855,-0.023896102,0.02028461,0.070602946,0.0029422413,-0.32224947,0.09328471,-0.03171565,0.35344136,-0.028345367,-0.097453445,0.043531124,0.11245579,-0.10229142,-0.8239891,0.15491734,0.005925025,0.9442214,0.21159488,-1.3910841,0.18576178,0.24337013,0.98516,-0.05913683,0.031720232,-0.14525354,0.25547984,0.13027571,0.11169346,-0.23956437,-0.077843025,0.018365249,-0.16079985,-0.091139816,-0.0064343754,0.14504974
-0.15110302,-1.3040118,-0.1738243,-0.22057074,-0.058330234,-0.06346738,-0.51721483,0.11639843,-0.04113227,0.35625657,-0.04996627,-0.0063409996,0.67455673,-0.11265235,-0.07183996,2.082511,0.105175234,0.15410864,0.02958219,0.0073374375,0.007198054,-0.21224226,0.109724194,0.04191419,-0.015835382,-0.056897063,0.09733996,0.07073999,-0.007026413,-0.008375847,-0.11673908,-0.059157047,0.06253646,-0.16305341,0.038812485,-0.09748195,-0.08592427,-0.016692005,0.013120722,0.02827631,-0.06087313,-0.3239556,0.08421892,-0.047514293,0.34743533,-0.03912216,-0.07537583,0.05363152,0.04174108,-0.23826176,-0.8049989,0.15740128,-0.05084669,0.9388297,0.13510156,-1.4727634,0.2748584,0.22184038,0.9131964,-0.07084752,0.0390146,-0.14245924,0.2874574,0.12991816,0.114044726,-0.2356193,-0.07336213,0.017495967,-0.1565264,-0.08862598,-0.003947302,0.14186539
-0.13796918,-1.2925524,-0.18376571,-0.11025908,-0.02479223,-0.03684065,-0.6890408,0.14134228,-0.049005214,0.3892134,-0.11200192,0.005178436,0.6791817,-0.15526503,-0.069149956,1.9976759,0.031575646,0.15104316,0.016002137,0.0040121083,0.015766924,-0.19766225,0.09725269,0.006610355,-0.048736244,-0.051770024,0.090509124,0.06847923,-0.035786368,-0.0034699843,-0.13460802,-0.05360487,0.053558875,-0.15431309,0.05194763,-0.11417084,-0.105085686,0.011428968,0.0023597763,-0.007812724,-0.12637718,-0.29986948,0.07893508,-0.058552362,0.33137947,-0.06120529,-0.04740695,0.05653582,-0.03160602,-0.36483,-0.7594697,0.15732369,-0.10666539,0.9161995,0.06578695,-1.5512005,0.3537267,0.21158206,0.834597,-0.07067761,0.047993742,-0.15042241,0.31184042,0.13212162,0.12712252,-0.22449803,-0.07113517,0.016166346,-0.15419136,-0.088006504,-0.0011015149,0.13898623
-0.118119806,-1.2918459,-0.19282818,0.03850204,0.02137442,0.012849364,-0.9024866,0.16730537,-0.085733406,0.40997562,-0.17753975,0.016310548,0.594561,-0.2075306,-0.05352482,1.9410785,-0.05651394,0.16646805,0.008208072,0.008189039,0.028579926,-0.13622765,0.07747599,-0.052098833,-0.06576503,-0.026793197,0.08886426,0.05811309,-0.06446262,0.0046708086,-0.1620745,-0.054840226,0.046423655,-0.14112894,0.05699376,-0.1262045,-0.10738778,0.058675565,-0.011656177,-0.035649516,-0.18761612,-0.25913984,0.08353407,-0.07259754,0.3115469,-0.083715044,-0.016469302,0.05493181,-0.10569676,-0.47954312,-0.69017726,0.16281353,-0.17602298,0.8819678,0.008684891,-1.6259583,0.4171018,0.22344892,0.71631724,-0.051627725,0.047684968,-0.16453733,0.33169296,0.15002151,0.14149264,-0.20068826,-0.06747511,0.013789962,-0.15259285,-0.086777225,0.003572248,0.13419369
-0.09475204,-1.2874392,-0.20440717,0.20670177,0.06752802,0.07538233,-1.1335907,0.1969896,-0.13887298,0.41878316,-0.24372348,0.031136354,0.45992756,-0.26817903,-0.028035624,1.9243035,-0.14143296,0.19351915,0.010003078,0.016255062,0.041492637,-0.051043384,0.059491076,-0.11844481,-0.07041278,0.006169156,0.08728138,0.04471103,-0.09072449,0.012565971,-0.19290546,-0.060893774,0.046166964,-0.124185,0.05694772,-0.13225569,-0.09605911,0.10558847,-0.026553467,-0.050158575,-0.22691688,-0.21331683,0.09821731,-0.09710806,0.28637153,-0.106431045,0.011568625,0.053932577,-0.16679111,-0.5615233,-0.6171885,0.1777751,-0.25801265,0.8427676,-0.030656397,-1.7058066,0.46191972,0.26250595,0.60794044,-0.01646813,0.031958994,-0.18160482,0.34555605,0.17413825,0.15609755,-0.16482635,-0.062382326,0.011919051,-0.15197887,-0.08441609,0.007848343,0.12901475
-0.07185647,-1.2668991,-0.21846716,0.3780398,0.10543887,0.1391794,-1.3345996,0.22944075,-0.19082792,0.41189498,-0.30376652,0.04926373,0.309289,-0.3281423,2.1676622e-05,1.9312572,-0.20443368,0.2274572,0.020427315,0.021709748,0.053973984,0.035659943,0.04402929,-0.18045464,-0.06615119,0.03797508,0.08722355,0.029913055,-0.11172158,0.018567089,-0.21774077,-0.068687014,0.053294316,-0.10798935,0.055519298,-0.13148661,-0.0811269,0.14360042,-0.03833127,-0.052244622,-0.24734479,-0.1764327,0.114898145,-0.12612575,0.258586,-0.12308141,0.03582591,0.051044177,-0.20427759,-0.6131724,-0.568007,0.19668435,-0.32467002,0.80670553,-0.053527705,-1.7874663,0.49322268,0.3070535,0.61717266,-0.0008931827,0.002618284,-0.19723825,0.35464588,0.17489347,0.17368647,-0.13243055,-0.0527395,0.009867398,-0.14848265,-0.07688399,0.011734566,0.12360044
-0.0582334,-1.2588356,-0.2233816,0.46827114,0.116882905,0.1807675,-1.3738346,0.24038841,-0.1943925,0.39149955,-0.33394483,0.06959441,0.28668696,-0.34532687,0.014529417,1.7743363,-0.23466535,0.21645595,0.036120716,0.012943357,0.064417526,0.122748874,0.03757936,-0.22736414,-0.06633624,0.039601713,0.07707935,0.018922672,-0.12309683,0.026414488,-0.22641744,-0.06859382,0.0645101,-0.0961608,0.05670965,-0.12374452,-0.06696869,0.16083366,-0.051243614,-0.04415457,-0.24802811,-0.16035843,0.12811945,-0.14771631,0.23889424,-0.12870045,0.060041483,0.04634757,-0.21095575,-0.6360435,-0.5683464,0.2106113,-0.3514323,0.7932323,-0.066733554,-1.849393,0.51201576,0.33436397,0.6818071,-0.0020484633,-0.029347947,-0.21333127,0.3545088,0.16095647,0.18558744,-0.105501324,-0.041845255,0.008139096,-0.14125393,-0.0684662,0.013993368,0.12209537
-0.053589944,-1.2764336,-0.21504661,0.4964639,0.118413016,0.19227618,-1.2912621,0.2355645,-0.15653041,0.36285192,-0.34003603,0.0848283,0.36839673,-0.32812592,0.011312385,1.4851257,-0.23880155,0.17530555,0.049203634,-0.0015557657,0.07137584,0.17358272,0.034873225,-0.24917085,-0.04846882,0.018382596,0.072865255,0.016092721,-0.12732807,0.033594377,-0.21238248,-0.0564861,0.07177681,-0.093450055,0.064624906,-0.12100745,-0.05258487,0.1601221,-0.06400772,-0.0309908,-0.23958318,-0.16314997,0.13682845,-0.16236801,0.22935574,-0.12468069,0.08429995,0.042049803,-0.19681893,-0.643169,-0.59892344,0.22224154,-0.35163543,0.8045841,-0.061487045,-1.8826656,0.50849,0.34272784,0.7542691,-0.007670161,-0.052243065,-0.22593349,0.34985283,0.13875984,0.19301467,-0.08988879,-0.035995975,0.008943738,-0.13439149,-0.06285347,0.014034278,0.12503313
-0.05645613,-1.3048658,-0.2012657,0.47368568,0.11600947,0.17753364,-1.1424893,0.22022414,-0.090869404,0.33352903,-0.32665062,0.0940564,0.5518449,-0.28796676,-0.0077832374,1.1370748,-0.22872268,0.1284755,0.05810008,-0.016390787,0.07335494,0.1905197,0.031183057,-0.24870603,-0.0040688203,-0.0097044045,0.07559379,0.020826077,-0.12627119,0.03747524,-0.19234468,-0.03967157,0.07295057,-0.093016416,0.07533556,-0.12334095,-0.03177403,0.14752191,-0.07484066,-0.012875423,-0.22476698,-0.18010136,0.14235476,-0.16957393,0.22904032,-0.11068244,0.10440169,0.037101172,-0.16210268,-0.6320855,-0.6484699,0.2286232,-0.33671907,0.83432657,-0.03087851,-1.8831671,0.47264844,0.3326466,0.79577816,-0.013901957,-0.0608464,-0.2354295,0.33751658,0.12160793,0.19097361,-0.08517266,-0.038020693,0.011145579,-0.13097256,-0.062581465,0.012171386,0.13207851
-0.06509265,-1.3449622,-0.19035444,0.3979428,0.105597466,0.14751296,-0.99536806,0.20446011,-0.023357041,0.3134064,-0.29939964,0.09916087,0.84246564,-0.24498911,-0.03996195,0.90347934,-0.2103376,0.10160117,0.06139721,-0.025694637,0.070540875,0.18373704,0.02982758,-0.2330928,0.009612755,-0.03492742,0.058808647,0.02838907,-0.119512804,0.037657246,-0.17958795,-0.030210098,0.07495486,-0.09007656,0.0796021,-0.124799,-0.014753684,0.12798606,-0.076664045,0.011219853,-0.19935362,-0.21424055,0.14234301,-0.16482046,0.24379787,-0.088856906,0.113563836,0.02873111,-0.107570596,-0.5834481,-0.70986223,0.22334307,-0.30225462,0.86170655,0.023920562,-1.8422877,0.41135862,0.3044947,0.8298049,-0.02784702,-0.051487654,-0.23440784,0.32565522,0.10566865,0.18213655,-0.1009513,-0.044111285,0.012730153,-0.1313887,-0.0644931,0.009204095,0.13946643
-0.07952711,-1.4035437,-0.18188514,0.23405752,0.073369205,0.108843185,-0.838498,0.18290187,0.041270196,0.30561098,-0.24908306,0.10068811,1.2368526,-0.2003037,-0.078805126,0.7981354,-0.16783987,0.09135881,0.05807979,-0.027442373,0.062186543,0.16748111,0.035695508,-0.20632243,-0.047264863,-0.06692215,0.00612263,0.037193555,-0.1021707,0.036431294,-0.17706071,-0.027229967,0.07441826,-0.077080585,0.07294927,-0.120471455,-0.011811716,0.10568577,-0.07289169,0.033792667,-0.16017388,-0.26204726,0.13069794,-0.14180559,0.27591667,-0.06295583,0.11441294,0.014310842,-0.035576835,-0.48767337,-0.7755185,0.20016317,-0.23960866,0.87717974,0.09330284,-1.7304144,0.33134162,0.25518307,0.8277234,-0.046708,-0.018841472,-0.21736951,0.31395534,0.09765438,0.16500837,-0.13856775,-0.05082231,0.013349605,-0.13339719,-0.06588887,0.004983272,0.14518163
-0.10007664,-1.4930182,-0.17482524,0.013103184,0.030675512,0.074979894,-0.66575587,0.14697641,0.08738858,0.30671984,-0.17816353,0.08919246,1.454146,-0.13701016,-0.091051154,0.82764894,-0.09899905,0.09494186,0.047397573,-0.029198708,0.052067716,0.13461854,0.05875737,-0.17463069,-0.15772359,-0.09278686,-0.05282085,0.0462353,-0.077532925,0.033998024,-0.17448702,-0.044629727,0.07895479,-0.063258454,0.051555585,-0.10154699,-0.025835032,0.088355556,-0.056347914,0.052381273,-0.115211405,-0.31061098,0.109955095,-0.108019084,0.31076416,-0.04478823,0.10175947,-0.0019605698,0.033226285,-0.36252698,-0.83159214,0.16628915,-0.1441972,0.8856604,0.15274309,-1.517596,0.24166112,0.2085945,0.82654804,-0.06949166,0.033845562,-0.18619297,0.2985492,0.09045467,0.14900492,-0.18523522,-0.056930408,0.013004166,-0.13490573,-0.06587407,-0.0012521307,0.14535601
-0.12524009,-1.5977749,-0.1692288,-0.21069524,-0.01348546,0.056587398,-0.48704192,0.105954535,0.10929257,0.30846328,-0.10210706,0.06527338,1.5425305,-0.07223261,-0.09644126,0.89253217,-0.023370009,0.09997063,0.036499757,-0.030335682,0.0388823,0.094684266,0.08010952,-0.1491945,-0.25372016,-0.1075534,-0.093782336,0.05354428,-0.050077908,0.030820968,-0.1671157,-0.06364831,0.08746095,-0.06371531,0.032402545,-0.07587084,-0.04546939,0.06948688,-0.034287833,0.06734106,-0.06866772,-0.35003737,0.08689,-0.068059504,0.33884555,-0.029872691,0.079243265,-0.012805358,0.08971404,-0.23526259,-0.8756978,0.12801231,-0.03244284,0.8916405,0.19400795,-1.2556571,0.15802006,0.1759411,0.84535545,-0.09073479,0.092471465,-0.14915577,0.27860257,0.085122064,0.13725026,-0.2247973,-0.06370696,0.012074704,-0.13845268,-0.06678885,-0.0066342386,0.1459305
-0.14634457,-1.6948292,-0.16234411,-0.40484667,-0.04868265,0.05129669,-0.3190537,0.065604374,0.108695894,0.31535763,-0.03128242,0.03713278,1.5504931,-0.012181863,-0.09595171,0.9075415,0.045087293,0.09748537,0.024946699,-0.0309453,0.024826663,0.053948335,0.09156323,-0.13407484,-0.29898205,-0.10970735,-0.104094125,0.06051719,-0.023870489,0.027095329,-0.15289308,-0.07555101,0.09803992,-0.07669528,0.021247959,-0.05254302,-0.06356848,0.052574936,-0.013020999,0.07586975,-0.030610908,-0.37059063,0.06339283,-0.026144383,0.35161206,-0.024614533,0.054926336,-0.017699322,0.12778896,-0.12776454,-0.90068334,0.090760365,0.078725144,0.889896,0.21698627,-1.006496,0.08863351,0.15779382,0.89923805,-0.11071609,0.14149137,-0.12054111,0.25423056,0.08148185,0.13358228,-0.25036228,-0.07180734,0.011229951,-0.14217345,-0.07018505,-0.010630744,0.14717087
-0.1591801,-1.7628049,-0.15421098,-0.57310545,-0.07623335,0.053856947,-0.1576054,0.026271546,0.08694482,0.3301561,0.034007814,0.01667981,1.5645412,0.039680336,-0.10341825,0.8192401,0.10370609,0.082388856,0.016257105,-0.030710833,0.011594021,0.013214433,0.08491545,-0.12599124,-0.28036973,-0.09771565,-0.078819975,0.06415287,0.0023860247,0.022455614,-0.13423549,-0.078609176,0.11027845,-0.09743349,0.016270766,-0.036735162,-0.07689384,0.032891568,0.0016100301,0.081191145,-0.0030161007,-0.37049347,0.04001423,0.022457836,0.34388718,-0.031405658,0.035930958,-0.020657934,0.14797594,-0.042084094,-0.90897804,0.04989826,0.18909314,0.87215215,0.22752325,-0.80124354,0.037086852,0.14107695,0.98759633,-0.13555579,0.1744388,-0.10929933,0.22624113,0.081150934,0.13591932,-0.26212165,-0.07993239,0.009742328,-0.14519015,-0.07467662,-0.012229384,0.151249
-0.16557884,-1.7988216,-0.14215603,-0.7418844,-0.10454104,0.06671784,-0.026481297,-0.0029208458,0.04429453,0.35393068,0.09325156,0.0077606826,1.7019799,0.073980875,-0.14836605,0.70253956,0.15412562,0.06603382,0.013007446,-0.026181767,-0.0013627596,-0.016096065,0.056552943,-0.12596512,-0.22960551,-0.07824768,-0.038087368,0.060574435,0.029238548,0.01713799,-0.12206687,-0.07540774,0.122370325,-0.12958954,0.019710807,-0.033329565,-0.088535465,0.008825379,0.009309447,0.08909511,0.020698482,-0.35698414,0.016310642,0.080348074,0.3224321,-0.049035855,0.02295144,-0.025519758,0.16469724,0.04226503,-0.9015286,0.0007262154,0.29656988,0.8251976,0.24081865,-0.6777366,0.00891657,0.11172187,1.1212299,-0.17428946,0.18773098,-0.11262633,0.20180164,0.07455156,0.14396831,-0.27034345,-0.082001895,0.006925857,-0.14467162,-0.074526876,-0.010857624,0.15543179
-0.17367154,-1.8179743,-0.123858064,-0.9475886,-0.14798869,0.08502871,0.10800957,-0.031053629,-0.0038941398,0.3825819,0.1600247,0.0061791604,1.9818769,0.103001006,-0.22665752,0.5520103,0.21036227,0.048005927,0.016316578,-0.017158516,-0.013193022,-0.026679931,0.018792517,-0.12845722,-0.17437455,-0.06736122,0.0027177795,0.052305017,0.060210213,0.014090592,-0.119623296,-0.06605626,0.12818132,-0.16280903,0.025354894,-0.040950913,-0.1001461,-0.018548233,0.011145103,0.09934078,0.04969605,-0.333068,-0.008532636,0.14604312,0.29837218,-0.07302644,0.013291435,-0.03588483,0.19308768,0.1427096,-0.87748444,-0.05506189,0.40106294,0.7595061,0.27475163,-0.6488806,-0.007891388,0.06342281,1.2627274,-0.22536473,0.18393683,-0.12846462,0.17803942,0.063196376,0.151861,-0.28403112,-0.076174125,0.003105325,-0.13896862,-0.068121985,-0.008356907,0.15724479
-0.18850619,-1.8375639,-0.10317024,-1.1499089,-0.19131225,0.10732967,0.2456886,-0.062385015,-0.05668602,0.40867388,0.23091963,-0.002265891,2.1262527,0.1462081,-0.2841102,0.43277845,0.26972422,0.030731112,0.022670213,-0.0099891005,-0.019425208,-0.03174651,-0.0065750144,-0.12857293,-0.113098204,-0.057732694,0.055115458,0.043385636,0.09024761,0.012550471,-0.120061874,-0.06955386,0.1330716,-0.19470511,0.025917543,-0.04957205,-0.10935329,-0.042883303,0.01823617,0.11451365,0.08183734,-0.295945,-0.028535388,0.20160306,0.26999772,-0.105545685,-0.005291713,-0.047637008,0.2227355,0.24576265,-0.8325393,-0.10720922,0.49658173,0.7008177,0.32289413,-0.6781146,-0.024389071,0.011125322,1.4042054,-0.28453493,0.1722332,-0.15291218,0.15065591,0.04182196,0.16313267,-0.30127332,-0.06796024,0.0001455484,-0.13184331,-0.05909225,-0.007951398,0.15392599
-0.20654307,-1.8497854,-0.08352694,-1.2815268,-0.22172166,0.12841785,0.3612167,-0.085103564,-0.108824946,0.41692236,0.28739682,-0.019494155,2.1483288,0.17678945,-0.3122669,0.32434556,0.30962676,0.009255897,0.03451957,-1.2366178e-05,-0.022560248,-0.03434566,-0.026001548,-0.12785827,-0.0190153,-0.048731998,0.117210716,0.034904458,0.114319585,0.011330487,-0.12078521,-0.07357278,0.13357706,-0.22474714,0.032450534,-0.06170915,-0.1041162,-0.065177105,0.027022364,0.13474976,0.116291374,-0.25145873,-0.0373285,0.2359247,0.24483159,-0.12950669,-0.030984107,-0.056082536,0.2520203,0.3286221,-0.77706164,-0.14531265,0.56597424,0.66672593,0.37960282,-0.77325976,-0.038895544,-0.033901326,1.5197588,-0.3361383,0.15238805,-0.18119483,0.12169827,0.016513873,0.17486376,-0.31461856,-0.06186277,-0.0011186231,-0.12870419,-0.050766088,-0.008026072,0.15012442
-0.21604106,-1.8509372,-0.06544262,-1.3204225,-0.23337793,0.13586858,0.44165054,-0.0979406,-0.1518218,0.40153348,0.32402736,-0.040376324,2.0221932,0.19098054,-0.2921483,0.2630187,0.3274295,-0.006353675,0.04699984,0.01130701,-0.02229121,-0.027242593,-0.027298843,-0.12786305,0.074217215,-0.040767338,0.17226519,0.02885008,0.1295928,0.01024494,-0.12497105,-0.08405172,0.13321666,-0.23774676,0.03856529,-0.0725698,-0.08404753,-0.07184296,0.036622595,0.15530512,0.14775503,-0.20896402,-0.034435257,0.24613881,0.2313057,-0.1418216,-0.05764417,-0.06411102,0.28017467,0.38239342,-0.7241417,-0.16033523,0.60645634,0.6609528,0.4298652,-0.9025448,-0.05490975,-0.06096854,1.6073979,-0.3670324,0.12879589,-0.20979051,0.095376454,-0.009214841,0.18749022,-0.32413948,-0.060346544,0.00032355328,-0.1303142,-0.046601847,-0.010563939,0.14534475
-0.21218671,-1.8401839,-0.053004906,-1.2706103,-0.22537376,0.12161024,0.48466396,-0.102179684,-0.17914891,0.36899167,0.33813536,-0.056300603,1.7594459,0.19061178,-0.23338713,0.27688622,0.3218751,-0.0099535175,0.0591141,0.023431556,-0.018356526,-0.01554236,-0.009634265,-0.12580769,0.14541657,-0.034507964,0.21331884,0.024985235,0.1362805,0.008912284,-0.12829563,-0.10126954,0.13284822,-0.23248626,0.03604657,-0.07985078,-0.05472929,-0.063546434,0.04702555,0.17279571,0.17208123,-0.17809123,-0.021887276,0.23868065,0.23104993,-0.14302036,-0.079461575,-0.07187317,0.29948595,0.40780205,-0.6919728,-0.15065491,0.62449485,0.6820381,0.45795906,-1.0030755,-0.06865209,-0.06187351,1.6708205,-0.3726942,0.11272305,-0.23047759,0.07588433,-0.03091774,0.20146734,-0.329427,-0.06227459,0.0038576766,-0.13556129,-0.045977984,-0.014715124,0.1413617
-0.19888984,-1.8187159,-0.047342673,-1.153227,-0.1991825,0.096294515,0.4774152,-0.09733887,-0.1949889,0.3274879,0.32823834,-0.061671104,1.4284995,0.17842218,-0.17043944,0.40359896,0.29644728,0.00036732457,0.0697951,0.035352666,-0.013162122,0.005895582,0.013222055,-0.12506925,0.18765432,-0.02893872,0.23418558,0.024582496,0.13469584,0.0071416693,-0.12813754,-0.11944059,0.12967266,-0.21537884,0.02720635,-0.08246575,-0.020457484,-0.04601697,0.055259574,0.18645738,0.18611991,-0.16574383,-0.0018370874,0.21765022,0.2407816,-0.13313748,-0.09141854,-0.07600966,0.30921778,0.40908435,-0.6881508,-0.11934375,0.61493146,0.71747464,0.46243644,-1.056486,-0.0758567,-0.03444585,1.7050983,-0.348646,0.10507217,-0.23731655,0.06855815,-0.04451218,0.21381606,-0.32719144,-0.066296466,0.0079666935,-0.14273316,-0.049570274,-0.01842278,0.13877659
-0.18536308,-1.7898527,-0.04914485,-0.99122953,-0.1647887,0.06158441,0.42576632,-0.08518059,-0.19746579,0.28856686,0.29874772,-0.058643237,1.0939457,0.15816383,-0.12223482,0.64105934,0.26224807,0.018462868,0.07813886,0.04304586,-0.007134941,0.026840031,0.037085947,-0.118218236,0.19480139,-0.026620213,0.2299265,0.029761432,0.12549138,0.0055502625,-0.1220636,-0.13054723,0.1242852,-0.1930803,0.013271896,-0.08008686,0.009257022,-0.029669382,0.060725596,0.19463183,0.18803962,-0.17316467,0.02132162,0.18462263,0.25927553,-0.113930464,-0.097769275,-0.072467156,0.3089833,0.386623,-0.71108574,-0.071325764,0.57054454,0.7599581,0.4486394,-1.0762485,-0.07346303,0.018218476,1.6969222,-0.29879063,0.101738274,-0.23125012,0.075282454,-0.04158686,0.21890068,-0.3180728,-0.07257856,0.011426491,-0.15061985,-0.059128534,-0.020387,0.13927212
-0.17737006,-1.7504836,-0.060109455,-0.82288444,-0.13305436,0.025530122,0.33546042,-0.069614455,-0.18391877,0.26441672,0.25610107,-0.05464572,0.8195276,0.13222867,-0.09003406,0.96814555,0.22775185,0.044279646,0.08216773,0.04344166,-0.0038464486,0.03787577,0.058597546,-0.10161827,0.17565674,-0.027152935,0.2055592,0.040385135,0.109602295,0.0029480192,-0.112546146,-0.1341117,0.11721891,-0.1724066,-0.0015490216,-0.07337507,0.028565113,-0.021710096,0.062078875,0.19588743,0.17838658,-0.19627322,0.04439731,0.1424751,0.28070042,-0.09112982,-0.10415045,-0.057430416,0.29752654,0.3468427,-0.74986076,-0.014773659,0.49045876,0.80431277,0.42045304,-1.0789455,-0.060769103,0.088703714,1.6433389,-0.23172727,0.09792082,-0.21705978,0.094523534,-0.021172164,0.21386108,-0.30366763,-0.07982048,0.013775835,-0.15758234,-0.07241327,-0.020086193,0.14295563
-0.17561327,-1.6924467,-0.080108024,-0.66164416,-0.107742906,-0.008982149,0.20239724,-0.045435965,-0.15513013,0.25453427,0.2033518,-0.052520968,0.6362114,0.0943216,-0.07104695,1.3309286,0.20185389,0.071152516,0.078882895,0.039140433,-0.0031132535,0.017756637,0.07586988,-0.06743839,0.14610903,-0.030398661,0.17335631,0.050973743,0.08965924,-0.00051503995,-0.1019898,-0.12426009,0.104972795,-0.16116065,-0.0097922785,-0.06693503,0.03611772,-0.018938188,0.054993358,0.182229,0.14754504,-0.23152262,0.06425852,0.097313315,0.3057605,-0.059579145,-0.10815417,-0.032545045,0.26674572,0.26577836,-0.7842266,0.041424286,0.37814167,0.84934044,0.37812653,-1.0834287,-0.031934015,0.15771934,1.4759604,-0.1555856,0.08953816,-0.19709867,0.12808819,0.02743358,0.19059956,-0.28236884,-0.08451468,0.014886809,-0.16227458,-0.08439915,-0.016383028,0.14687932
-0.1774165,-1.6151198,-0.10825192,-0.5287099,-0.09344098,-0.03620803,0.048151024,-0.015769618,-0.12259531,0.25744542,0.14749302,-0.051225085,0.57103914,0.04533709,-0.06531589,1.6566328,0.1872657,0.09946439,0.07206361,0.032449502,-0.0067103556,-0.042283267,0.09087345,-0.02073457,0.11408361,-0.035076562,0.14469597,0.05956819,0.068001255,-0.005246567,-0.09560722,-0.10608664,0.090572976,-0.1576095,-0.008215327,-0.064705424,0.031800214,-0.022934364,0.042466395,0.1563439,0.10970302,-0.2718519,0.08129427,0.04989239,0.3315497,-0.028131068,-0.11089648,-0.0008375418,0.22240373,0.16168833,-0.8038905,0.093537256,0.24885765,0.89158475,0.3247131,-1.1279554,0.016037317,0.2168926,1.2601043,-0.084415846,0.07239092,-0.17740542,0.16941555,0.08714534,0.15748501,-0.2582555,-0.08549602,0.01604039,-0.16393451,-0.092198886,-0.011875022,0.14943135
-0.17956501,-1.520499,-0.14226471,-0.41654652,-0.085596964,-0.056478024,-0.122416966,0.022895776,-0.0873414,0.27207065,0.088089675,-0.045979068,0.5951298,-0.009772012,-0.06941793,1.910721,0.17562649,0.12706311,0.06292989,0.025888016,-0.011795127,-0.1338703,0.105495885,0.030267999,0.083008125,-0.043219015,0.12400996,0.0640475,0.04527918,-0.011326182,-0.09331682,-0.08352073,0.07559984,-0.15898487,-0.00046588885,-0.07138518,0.012939052,-0.030056048,0.02954302,0.1208391,0.063653454,-0.31221074,0.09193658,0.007233247,0.35338208,-0.0039671357,-0.10986506,0.030085891,0.16972141,0.038325395,-0.8136508,0.1341308,0.12528199,0.92826086,0.2658154,-1.1996678,0.08100801,0.24969755,1.0430281,-0.03934352,0.057429697,-0.15906565,0.2098616,0.1386549,0.12457365,-0.23605315,-0.08120444,0.017019518,-0.16206732,-0.09275964,-0.0076082097,0.14848505
-0.17790693,-1.4279716,-0.17636426,-0.3119624,-0.07519742,-0.062120017,-0.31234953,0.06611343,-0.06342388,0.30394304,0.0243945,-0.036357973,0.6540406,-0.067151085,-0.07725301,2.0919924,0.1507414,0.15385064,0.05008999,0.019754034,-0.014107144,-0.22392282,0.11276653,0.06310656,0.041460946,-0.0481655,0.108802915,0.06680992,0.020914037,-0.016530817,-0.097810514,-0.06593899,0.06363876,-0.15820768,0.010843179,-0.08296581,-0.02387942,-0.032443296,0.020750575,0.07769745,0.0020411273,-0.34017733,0.09104006,-0.018287463,0.36373284,0.0037144907,-0.10218236,0.053473424,0.11127062,-0.09936648,-0.8138646,0.15634315,0.033745628,0.94832885,0.20420763,-1.2964611,0.15985583,0.2545691,0.91979516,-0.033518665,0.049501058,-0.14595042,0.24772485,0.15955591,0.10673914,-0.22583494,-0.07451501,0.017015677,-0.158674,-0.08892064,-0.0042708954,0.14492437
-0.16906291,-1.3587705,-0.20516846,-0.18855672,-0.052407805,-0.048894044,-0.5223761,0.10858785,-0.06385467,0.34360793,-0.045781735,-0.022487296,0.6694437,-0.12801795,-0.079374634,2.2004778,0.10471422,0.18622516,0.03612529,0.014554939,-0.0076817735,-0.2702513,0.108807616,0.06131281,-0.011813622,-0.042647813,0.096234426,0.06633241,-0.006995553,-0.016719298,-0.11190694,-0.056745373,0.05350362,-0.15309983,0.024130285,-0.09786547,-0.06848459,-0.018821836,0.015900414,0.0351352,-0.06964074,-0.3460348,0.08391681,-0.03322744,0.36254102,-0.0067918184,-0.083976425,0.06386093,0.0466786,-0.23641708,-0.79738975,0.16250814,-0.034038935,0.9475455,0.13869919,-1.3877357,0.2406973,0.24356458,0.8687052,-0.049790487,0.051257487,-0.14009495,0.28140688,0.15873739,0.10839929,-0.22521885,-0.06942767,0.015098847,-0.15654889,-0.08564985,-0.00076311093,0.14063424
-0.15107012,-1.3156765,-0.2253421,-0.041896753,-0.016832825,-0.010651419,-0.7531875,0.14835115,-0.084684104,0.38486445,-0.1217368,-0.0081330575,0.615292,-0.19004351,-0.070812985,2.247637,0.03322502,0.22723682,0.02479554,0.0112235425,0.005245577,-0.24671923,0.09490774,0.016834885,-0.06365944,-0.024309259,0.08472344,0.061712824,-0.038783636,-0.012321009,-0.13910052,-0.05949712,0.04832407,-0.14380038,0.034338236,-0.111781485,-0.10889788,0.012668429,0.0117763905,0.0015897242,-0.14153482,-0.32688034,0.07834101,-0.04463087,0.34617272,-0.035312418,-0.05721348,0.06511657,-0.019503307,-0.35606223,-0.7603248,0.16315371,-0.09647057,0.9219552,0.07737941,-1.4723077,0.31088093,0.24088655,0.8567182,-0.0633208,0.05514764,-0.1447732,0.3083852,0.14989316,0.12770881,-0.22260444,-0.06719122,0.012223728,-0.15643448,-0.08448524,0.0024763083,0.13634254
-0.12664309,-1.2850121,-0.23576513,0.12967303,0.028199008,0.04894216,-0.9913827,0.18521304,-0.120623924,0.41393685,-0.19945839,0.0095850695,0.49467295,-0.25090683,-0.050416898,2.237283,-0.053072713,0.25996548,0.018077007,0.01189873,0.02256879,-0.15902601,0.074532956,-0.056420013,-0.09869295,0.0024446372,0.07607725,0.050402652,-0.070265904,-0.0038614853,-0.17411776,-0.066854104,0.04449389,-0.13350756,0.04017533,-0.120325595,-0.131416,0.0578334,0.0024001207,-0.023464555,-0.2075563,-0.29009113,0.08107349,-0.059976682,0.31933835,-0.067856066,-0.022788838,0.062200874,-0.08749917,-0.46807307,-0.7040343,0.16588251,-0.16952643,0.8782275,0.024954664,-1.552274,0.36973247,0.2528891,0.79557043,-0.05578504,0.051889237,-0.1573906,0.3314237,0.15695168,0.14939821,-0.20550278,-0.06536752,0.00896219,-0.15734243,-0.084399015,0.0065624835,0.13184011
-0.10022525,-1.2594109,-0.23736271,0.291829,0.069269136,0.11545744,-1.1894585,0.21380949,-0.16205958,0.42346215,-0.26714727,0.030469995,0.36415574,-0.30176014,-0.023193503,2.1627033,-0.13469711,0.2729418,0.019419458,0.013418416,0.03879152,-0.040652633,0.055773456,-0.1366714,-0.11440316,0.02769261,0.069652945,0.03705116,-0.09737466,0.0059948796,-0.20673935,-0.073884726,0.046469662,-0.11996219,0.043079708,-0.12198208,-0.13148823,0.10206709,-0.013424908,-0.036624387,-0.24779895,-0.24432857,0.09394474,-0.08677086,0.28610176,-0.099928014,0.012789992,0.06000917,-0.14528559,-0.5507864,-0.64056855,0.17855848,-0.2510097,0.82685703,-0.014144655,-1.64187,0.41409156,0.28282443,0.72335774,-0.028569499,0.035118505,-0.17698729,0.34557953,0.17276247,0.16879435,-0.17228927,-0.062719695,0.0073001273,-0.15746987,-0.08387084,0.009666559,0.1284189
-0.076045975,-1.2340176,-0.23243377,0.42080215,0.097602345,0.17000492,-1.3152368,0.23539181,-0.18673834,0.4127498,-0.31765178,0.05273549,0.2711115,-0.33579493,0.0017815765,2.0216477,-0.19562326,0.25784966,0.02639249,0.012613124,0.051680632,0.06667307,0.043750923,-0.19992103,-0.11247882,0.038952403,0.063813955,0.024429914,-0.11679915,0.014561642,-0.22464702,-0.07453265,0.052517023,-0.10628415,0.04500955,-0.120302685,-0.11607409,0.13397288,-0.032923818,-0.039811082,-0.26416507,-0.20480652,0.11037469,-0.11826275,0.25449258,-0.12271492,0.04470512,0.058451924,-0.18424147,-0.6074414,-0.59177995,0.19701804,-0.3204184,0.78532034,-0.03903799,-1.720149,0.4444366,0.31307977,0.6578496,0.00027272443,0.010622061,-0.1971217,0.35070014,0.18519287,0.18100604,-0.13117133,-0.055659052,0.0069366987,-0.15358475,-0.079077266,0.0120967105,0.12550038
-0.057415955,-1.2220403,-0.22270054,0.5024222,0.11190806,0.20249517,-1.3433833,0.24466424,-0.18369165,0.39025328,-0.34606054,0.06990107,0.24322303,-0.34705064,0.016310588,1.8016579,-0.2315987,0.21901011,0.03577206,0.0056842645,0.060485248,0.14136569,0.036623042,-0.2399667,-0.097505115,0.033406477,0.06113536,0.017226767,-0.12837224,0.021465627,-0.22478658,-0.06863174,0.06107276,-0.09617402,0.049969915,-0.11559375,-0.09601326,0.1510328,-0.051865596,-0.03835874,-0.2678405,-0.17808412,0.12270724,-0.14249873,0.23045494,-0.13452274,0.07028469,0.05675382,-0.20089734,-0.64529514,-0.5720127,0.21494295,-0.35669842,0.76597893,-0.052376725,-1.7909752,0.46370065,0.3345168,0.6632433,0.01160149,-0.018006517,-0.21678185,0.3502228,0.17820215,0.18905902,-0.096695594,-0.045115985,0.006882686,-0.14520918,-0.070405334,0.014184504,0.12412406
-0.04738327,-1.2357985,-0.21049786,0.5399724,0.11820788,0.21078157,-1.2845757,0.24026394,-0.15583518,0.35993278,-0.35328156,0.081516534,0.28314197,-0.33609676,0.01764046,1.5092666,-0.24394447,0.17307207,0.045544602,-0.0053116023,0.068961754,0.18236887,0.032443717,-0.2588305,-0.06761881,0.016125103,0.0655233,0.014916317,-0.1330839,0.028558925,-0.21051882,-0.055944372,0.06639145,-0.08939839,0.059800103,-0.11489904,-0.073143534,0.15561286,-0.065084755,-0.031617325,-0.26180488,-0.16671053,0.13071173,-0.15718855,0.22128819,-0.13363607,0.08936808,0.05182031,-0.19834405,-0.6619337,-0.5792177,0.22738418,-0.36018667,0.7768973,-0.054369736,-1.8287055,0.46425438,0.34154332,0.6966334,0.009913015,-0.041170634,-0.23334122,0.3455461,0.16067047,0.19173594,-0.07615242,-0.03594121,0.0066387225,-0.13581303,-0.06225888,0.015991407,0.12472174
-0.046419583,-1.269676,-0.1989827,0.52624273,0.11802934,0.20165536,-1.1730082,0.2280957,-0.10576448,0.33468717,-0.3421265,0.086289346,0.4338507,-0.30595297,0.0022201263,1.1941599,-0.23956738,0.13329305,0.05255817,-0.017698333,0.07487191,0.19366428,0.029410437,-0.26139,-0.029449325,-0.006972489,0.06841713,0.0175324,-0.13291724,0.034089293,-0.19198279,-0.04262685,0.071044475,-0.08281995,0.07038566,-0.11882798,-0.05044561,0.14958672,-0.071234845,-0.018607862,-0.24884899,-0.17185637,0.13442041,-0.16252407,0.22511666,-0.1226575,0.10146645,0.04577324,-0.18059972,-0.6554022,-0.6069709,0.23132136,-0.34280142,0.8064171,-0.04342013,-1.8356212,0.44618088,0.33172756,0.7421281,-0.0018248137,-0.05310051,-0.24414743,0.34055698,0.13903381,0.19005248,-0.07337279,-0.03313619,0.007221777,-0.12866792,-0.058270026,0.01596784,0.12820445
-0.053857535,-1.3113194,-0.18991192,0.46571684,0.11110969,0.17995535,-1.0355883,0.20901361,-0.049246542,0.3170383,-0.31553972,0.09115991,0.69058174,-0.2667689,-0.024012579,0.9227701,-0.22478198,0.1038422,0.057090137,-0.025756426,0.07589309,0.18876301,0.02715898,-0.25098416,0.0034619933,-0.028408684,0.061709642,0.023562573,-0.12577347,0.037515122,-0.1765799,-0.033658605,0.07378114,-0.07671546,0.07705876,-0.12019227,-0.029583476,0.13133633,-0.0703775,0.003438174,-0.22279896,-0.19665748,0.13494597,-0.1578063,0.24124923,-0.10168015,0.10627262,0.037223436,-0.13907157,-0.6138641,-0.6577904,0.2243592,-0.30554342,0.84246397,-0.005886815,-1.8132272,0.4050395,0.30456573,0.7847169,-0.019750115,-0.052184854,-0.24725471,0.33450446,0.12163726,0.18348667,-0.08904302,-0.03804987,0.007963147,-0.12680747,-0.06000241,0.014156216,0.13482757
-0.06825273,-1.364536,-0.18322916,0.33211926,0.09018378,0.1425714,-0.89618576,0.18799989,0.0070432024,0.31407002,-0.27253917,0.09624413,1.022981,-0.22170088,-0.05332258,0.77060384,-0.19669457,0.08903202,0.05582728,-0.027968911,0.073338814,0.17678541,0.031015947,-0.2290766,-0.012383622,-0.050391708,0.027558547,0.03190331,-0.11073781,0.03928018,-0.16958606,-0.03054555,0.07629737,-0.06588514,0.074376546,-0.11519448,-0.02058656,0.10857446,-0.06266012,0.027280698,-0.1860139,-0.23848918,0.12557654,-0.13780302,0.27146673,-0.07477486,0.1061077,0.022136059,-0.07499892,-0.5310457,-0.7223721,0.20154911,-0.24291319,0.8674563,0.054042805,-1.7286485,0.33892563,0.25457284,0.8092466,-0.04408316,-0.02945446,-0.23633279,0.3258686,0.11021541,0.17172234,-0.12559631,-0.04634113,0.00836682,-0.12860096,-0.06352941,0.010483188,0.14092723
-0.088638455,-1.4305937,-0.17729825,0.15685317,0.05689699,0.100919686,-0.7623935,0.16615812,0.05437302,0.31540972,-0.21851602,0.09610506,1.3737904,-0.18165065,-0.082586996,0.729512,-0.15678142,0.08693206,0.04958496,-0.023983272,0.06521341,0.15908436,0.0400119,-0.2016827,-0.076929286,-0.07597599,-0.029975403,0.040327895,-0.089541055,0.038227454,-0.16714332,-0.031863563,0.076701194,-0.055752244,0.06444188,-0.101729386,-0.025488343,0.083517306,-0.049528997,0.049992315,-0.13867065,-0.28856054,0.105921775,-0.10391423,0.30713183,-0.047034863,0.10036417,0.0041101375,0.0023378206,-0.41330227,-0.7898584,0.16361734,-0.15197733,0.87189865,0.12269703,-1.5515989,0.25276744,0.19692874,0.8241895,-0.06964352,0.017915921,-0.20903768,0.31360066,0.10263508,0.15572289,-0.17139055,-0.056406356,0.009046372,-0.13378045,-0.06786317,0.004965253,0.14757995
-0.11352536,-1.5084254,-0.17046878,-0.044384524,0.014466885,0.06827223,-0.61997604,0.14012744,0.08851821,0.31919506,-0.15367796,0.0860162,1.6929601,-0.14871015,-0.11231718,0.739426,-0.10061123,0.09076608,0.040854443,-0.01787855,0.053207062,0.13818812,0.048300467,-0.17876583,-0.16840598,-0.101049304,-0.09112955,0.04715234,-0.06361903,0.035613313,-0.16816369,-0.033101104,0.077075526,-0.05366121,0.048347443,-0.082624875,-0.044329204,0.05987242,-0.031715535,0.06694318,-0.08948381,-0.33585587,0.07819781,-0.057134274,0.3407806,-0.024925169,0.08818108,-0.013021976,0.07847735,-0.27916464,-0.85079455,0.117460236,-0.03820772,0.85957557,0.18511643,-1.3081181,0.1600853,0.14808452,0.85810083,-0.09793117,0.07898133,-0.17346089,0.2954129,0.095000096,0.13969797,-0.2158096,-0.063910276,0.00916319,-0.13834038,-0.069544345,-0.0012059597,0.15253429
-0.14084956,-1.5913957,-0.16074939,-0.23840034,-0.029091394,0.051727347,-0.46826625,0.11077114,0.10451911,0.3218748,-0.084306695,0.06423301,1.9431618,-0.12487766,-0.14621204,0.7367338,-0.031154277,0.09342916,0.033066362,-0.012748062,0.03904169,0.11477228,0.051166076,-0.16707882,-0.25001237,-0.11989084,-0.13308689,0.0519338,-0.037688177,0.032791913,-0.1708221,-0.032069664,0.080675274,-0.06280933,0.030750915,-0.064553455,-0.06637668,0.041462213,-0.011611001,0.077078104,-0.044848885,-0.36557344,0.048211966,-0.0070246113,0.36124182,-0.013126216,0.07129582,-0.024768397,0.13616309,-0.15022723,-0.891595,0.07251499,0.0786466,0.83729273,0.22773552,-1.0322627,0.074662305,0.11847788,0.91785246,-0.12541568,0.14138749,-0.13747282,0.2696416,0.08667363,0.12763396,-0.2451762,-0.068728514,0.008597459,-0.14154154,-0.06914106,-0.006230867,0.15611222
-0.16838363,-1.672223,-0.14727136,-0.42594263,-0.07429335,0.052192584,-0.3102741,0.07823643,0.097142756,0.33038244,-0.011305464,0.040323377,2.1373672,-0.104803056,-0.19009057,0.6910101,0.04798962,0.091539554,0.027992176,-0.009214734,0.023328492,0.08030931,0.044270102,-0.16304873,-0.2940057,-0.12626661,-0.13988145,0.054332573,-0.011042537,0.02994954,-0.17274764,-0.0335983,0.093421735,-0.08369931,0.016056376,-0.054096498,-0.08548679,0.020187132,0.0074310377,0.08272395,-0.0056464057,-0.37214994,0.017304244,0.045915324,0.35963112,-0.016296068,0.04912013,-0.03033393,0.16963223,-0.032676812,-0.9074001,0.024046665,0.1934237,0.80071956,0.24670303,-0.77936107,0.014364301,0.093182445,1.017225,-0.16121536,0.18891744,-0.11112563,0.24032697,0.07507917,0.12232064,-0.26040965,-0.0705002,0.007356138,-0.14203827,-0.06688788,-0.009198232,0.15879288
-0.1937007,-1.74077,-0.12917148,-0.6067149,-0.11712887,0.07076932,-0.14964822,0.043312587,0.06254141,0.34676862,0.062448476,0.02241856,2.2718678,-0.08269659,-0.24554838,0.6023732,0.12681884,0.08369602,0.02834906,-0.0051723085,0.0065322192,0.03374329,0.026328688,-0.1609714,-0.2794684,-0.11761925,-0.10535411,0.053193565,0.017278971,0.02651974,-0.17146836,-0.041051667,0.11302767,-0.11879192,0.008936469,-0.049845554,-0.09967659,-0.0071637374,0.02086811,0.090788856,0.031091766,-0.3604199,-0.009675599,0.0997409,0.33732647,-0.034712527,0.026935278,-0.032582648,0.18880136,0.077258244,-0.9012795,-0.02570635,0.30392563,0.7552442,0.25967255,-0.588028,-0.02170914,0.06839934,1.1571187,-0.20910504,0.21723643,-0.10074153,0.20730871,0.06019488,0.12605539,-0.2643062,-0.07001456,0.005439282,-0.13991691,-0.06365227,-0.009802455,0.16039558
-0.21532793,-1.7966365,-0.10798763,-0.8097807,-0.16167063,0.09514872,0.006947899,0.008314805,0.011069655,0.37235478,0.13770786,0.010068313,2.3450584,-0.04254071,-0.29966658,0.508439,0.19763005,0.06989085,0.031173592,-0.0013539066,-0.0069099017,-0.0119700935,0.006452932,-0.1546315,-0.2260978,-0.10178537,-0.047171984,0.049155865,0.047426235,0.023227796,-0.16532926,-0.054033086,0.13369843,-0.15785578,0.007696955,-0.051075097,-0.10747729,-0.03650282,0.03048217,0.10191289,0.06766764,-0.33502358,-0.032355927,0.15101588,0.30561385,-0.063234225,0.0055890772,-0.037370525,0.20344448,0.18413396,-0.872476,-0.078628786,0.40938702,0.7081513,0.27674732,-0.4770226,-0.03799211,0.02998254,1.3045439,-0.26768374,0.22857071,-0.105822645,0.17118508,0.041242268,0.13612404,-0.26855478,-0.06552464,0.002799946,-0.13424991,-0.05789965,-0.008637479,0.15913107
-0.23156863,-1.8360106,-0.08487082,-1.0054232,-0.20109962,0.123145655,0.15549602,-0.024775842,-0.04717769,0.39334488,0.2084797,-0.0031094584,2.3426523,0.015722059,-0.33236605,0.41233915,0.2536833,0.04919795,0.03494085,0.0022264924,-0.016820632,-0.045833934,-0.010451901,-0.1444042,-0.13833395,-0.086362414,0.023321256,0.04297297,0.076656476,0.018828599,-0.15061012,-0.06884344,0.14634259,-0.19416158,0.013493653,-0.05534385,-0.10718294,-0.06560929,0.037691515,0.11814173,0.10550129,-0.29890043,-0.04711466,0.19222048,0.2693435,-0.09663854,-0.016917862,-0.04363987,0.21952543,0.28211358,-0.82390594,-0.1300748,0.5032472,0.6647246,0.3077578,-0.43945068,-0.04755053,-0.014893116,1.4355227,-0.325273,0.23040248,-0.12292025,0.13116656,0.019155467,0.14925314,-0.2733507,-0.061187863,0.001063078,-0.12914696,-0.05238876,-0.007964911,0.15786168
-0.23768775,-1.8567613,-0.061507307,-1.168246,-0.22955927,0.14434204,0.29051062,-0.054819323,-0.10186667,0.4004252,0.27066222,-0.020416053,2.2609854,0.08092214,-0.32754913,0.3250572,0.29224962,0.024677748,0.038601678,0.0060146796,-0.020153014,-0.05972377,-0.021801928,-0.13485171,-0.03254583,-0.07116426,0.09581333,0.03552326,0.10287396,0.014886917,-0.13321227,-0.08143107,0.14866182,-0.22028948,0.020459514,-0.062312227,-0.09728188,-0.086237505,0.046306398,0.1364348,0.14014937,-0.25754228,-0.052561343,0.22176826,0.24084385,-0.123748735,-0.04175022,-0.052247245,0.23577216,0.36087897,-0.7660576,-0.16807741,0.5841918,0.641539,0.34670335,-0.47201464,-0.053677037,-0.05450724,1.5478287,-0.37501708,0.22373217,-0.14715733,0.09049238,-0.006199957,0.16461429,-0.281553,-0.057174295,0.00038796847,-0.12551466,-0.046109587,-0.008618816,0.1550704
-0.2306472,-1.8600702,-0.040569015,-1.2513751,-0.23968573,0.14676487,0.39565432,-0.07551856,-0.14359741,0.38235122,0.31409243,-0.041955926,2.08563,0.13418016,-0.28573942,0.26889548,0.31074113,0.0032049592,0.044051852,0.01101701,-0.017396307,-0.050690725,-0.022350578,-0.12917477,0.07134187,-0.057347454,0.15872888,0.02909144,0.12105024,0.012002017,-0.11885088,-0.09213153,0.14292227,-0.23241064,0.024831872,-0.06938965,-0.071479574,-0.091074936,0.0565063,0.15635276,0.17030498,-0.21606462,-0.04563462,0.23100048,0.22607219,-0.13616961,-0.06654301,-0.061549217,0.25264597,0.41103488,-0.7131038,-0.17876686,0.6364201,0.64852256,0.38530603,-0.55663836,-0.061268162,-0.07281382,1.6304346,-0.40091348,0.21042179,-0.17147155,0.05401812,-0.031022443,0.18058415,-0.28739345,-0.05567297,0.0015758836,-0.12588479,-0.041521907,-0.010709886,0.15171394
-0.21261838,-1.852652,-0.025742687,-1.2422557,-0.2321473,0.12613535,0.45958304,-0.085644305,-0.16997208,0.34653458,0.33586693,-0.057934884,1.8154359,0.16662528,-0.22225782,0.27364832,0.30927885,-0.005751578,0.052667875,0.019999553,-0.011533352,-0.02647445,-0.010417186,-0.12680046,0.15349866,-0.045596115,0.20619088,0.025076564,0.13166414,0.010240054,-0.11083312,-0.10478871,0.13468182,-0.22928318,0.02265243,-0.07605877,-0.036564566,-0.081404254,0.066542976,0.17453392,0.19446269,-0.18297566,-0.030221198,0.22562471,0.22534959,-0.13706891,-0.08731753,-0.071063854,0.26982462,0.4358272,-0.68016547,-0.16507742,0.66102606,0.6769715,0.4136357,-0.66484606,-0.0693765,-0.06922631,1.6865879,-0.3989808,0.19147614,-0.19117777,0.028807186,-0.052767523,0.19663572,-0.29101142,-0.056002274,0.004033884,-0.13023344,-0.039346516,-0.013912032,0.14758313
-0.19122043,-1.8349023,-0.020078557,-1.1497166,-0.20705497,0.092365414,0.4714728,-0.085969776,-0.18331061,0.30555514,0.33378726,-0.063502796,1.482533,0.17706813,-0.16124569,0.3786321,0.28849816,-0.0013338049,0.063856184,0.031778604,-0.005229626,0.0017796603,0.008795929,-0.124947466,0.2046925,-0.036813725,0.23333474,0.02440813,0.13401161,0.008870457,-0.106378935,-0.119043335,0.12790488,-0.21479157,0.014425218,-0.07932151,-0.003245468,-0.060434412,0.07267439,0.18943174,0.2080734,-0.16778567,-0.0077095483,0.20772645,0.23739418,-0.13072328,-0.098047785,-0.07691143,0.28339237,0.4362964,-0.6758474,-0.12906356,0.6518096,0.71961653,0.42565194,-0.7624788,-0.0758684,-0.039531954,1.7155833,-0.36958042,0.17329428,-0.2014523,0.020445362,-0.06571617,0.2102066,-0.29143527,-0.058609523,0.0068308464,-0.13728876,-0.04131874,-0.016938949,0.14314057
-0.17373554,-1.8028756,-0.025833976,-1.0069394,-0.17169702,0.055824794,0.43589407,-0.07930662,-0.1854718,0.27381882,0.31219864,-0.060872193,1.1328673,0.17253797,-0.11503966,0.59082186,0.25644973,0.011594545,0.07446459,0.04141688,0.0009047148,0.030677615,0.030992473,-0.12076481,0.21653421,-0.03148588,0.2343894,0.02961252,0.1288805,0.008157158,-0.101705976,-0.13240203,0.123372465,-0.1926081,0.0028843055,-0.07743626,0.02213195,-0.03447039,0.07346412,0.19980326,0.20976576,-0.17062798,0.01914261,0.17753148,0.25879717,-0.12044465,-0.10179895,-0.07629617,0.29060215,0.41431084,-0.69613755,-0.079329774,0.60416436,0.7679997,0.42207503,-0.8525359,-0.07699909,0.010360896,1.7063212,-0.3172191,0.15502815,-0.20472872,0.03108466,-0.06552679,0.21724598,-0.2900602,-0.06426408,0.009259443,-0.14557438,-0.049666215,-0.018157912,0.14082995
-0.16383147,-1.7571185,-0.04213653,-0.8549225,-0.13804655,0.023026437,0.3548177,-0.067239925,-0.1745946,0.26229006,0.27496243,-0.055407643,0.83367014,0.15713257,-0.085344225,0.90063363,0.22587031,0.03220873,0.08030762,0.043684285,0.005138506,0.047929347,0.051863912,-0.1068017,0.19487946,-0.030145988,0.21240225,0.039832987,0.116099685,0.007419386,-0.09593702,-0.1396688,0.119365044,-0.16941836,-0.0072132736,-0.07231173,0.032763213,-0.014009901,0.068742014,0.20221798,0.19531655,-0.19073689,0.044119675,0.13952461,0.28353038,-0.10760871,-0.10212101,-0.06486067,0.2880577,0.37023744,-0.7311317,-0.025967523,0.5198053,0.8099967,0.4059077,-0.9359076,-0.070474185,0.068946496,1.6491047,-0.2520462,0.13430516,-0.20222643,0.058554437,-0.046728823,0.21383394,-0.2871384,-0.07232739,0.010949195,-0.1535921,-0.063217305,-0.017297972,0.14213985
-0.16063578,-1.6933192,-0.065815635,-0.7109539,-0.111963674,-0.007036455,0.22876486,-0.045867782,-0.15120286,0.2657796,0.22554111,-0.050947998,0.6290813,0.12868072,-0.068687014,1.2656654,0.20539202,0.0583408,0.0789722,0.03959188,0.007403985,0.039160118,0.068527386,-0.07699305,0.15895027,-0.030802876,0.18081945,0.05048576,0.09780435,0.005911396,-0.09062744,-0.13509333,0.11060774,-0.154762,-0.011930258,-0.06709173,0.03143508,-0.0037366266,0.058589958,0.19090138,0.161739,-0.22396876,0.06348671,0.09948359,0.31107926,-0.084575444,-0.1026603,-0.043184847,0.26892138,0.29192835,-0.7665174,0.025712393,0.40884855,0.8478014,0.37685007,-1.0150071,-0.04803029,0.12364512,1.4988502,-0.18139693,0.10878838,-0.19364665,0.098986015,-0.0015777927,0.1937111,-0.27904078,-0.079030745,0.012285543,-0.15889575,-0.076841004,-0.013700963,0.14474855
-0.1608854,-1.616209,-0.095197566,-0.5844355,-0.0960363,-0.030932033,0.07380259,-0.015889347,-0.12027081,0.27995712,0.16760622,-0.048735827,0.5400204,0.083707206,-0.06408734,1.6050843,0.19542278,0.084782906,0.07386032,0.03073867,0.0057209297,-0.0075328094,0.08342445,-0.03536514,0.12067892,-0.035400342,0.1494514,0.060203478,0.07470029,0.0019776688,-0.08909361,-0.11991613,0.09702344,-0.14995833,-0.009504545,-0.066770144,0.022175355,-0.007763542,0.046772357,0.16606757,0.120747946,-0.26352325,0.07938152,0.052673947,0.33724344,-0.057009853,-0.10673405,-0.010501462,0.23105301,0.18732862,-0.78821295,0.07571312,0.27554572,0.88433075,0.3314057,-1.1086402,-0.0029099945,0.17284149,1.2846106,-0.11278151,0.0807843,-0.18196182,0.14776409,0.058939237,0.16243108,-0.26306418,-0.082792245,0.014391096,-0.16088209,-0.08737963,-0.009471416,0.14709881
-0.16160922,-1.5233836,-0.12942746,-0.46954075,-0.08736401,-0.04868685,-0.09986034,0.023584193,-0.0879047,0.2983928,0.10502906,-0.04378792,0.53448516,0.026563847,-0.06782366,1.8791497,0.19076125,0.113829054,0.06665182,0.022849774,0.00065698614,-0.082956344,0.097609535,0.01074444,0.08883237,-0.04167485,0.12657312,0.06606179,0.050625574,-0.004545804,-0.09262786,-0.09786219,0.08099203,-0.1527699,-0.001635845,-0.07297629,0.005486124,-0.019561652,0.035008557,0.13021463,0.07591486,-0.30241174,0.09051073,0.0069669373,0.3574561,-0.03238579,-0.10967562,0.024208928,0.18008868,0.064133495,-0.7971909,0.118621804,0.14117038,0.91686547,0.2758443,-1.2140192,0.06263558,0.21060897,1.041531,-0.054781582,0.055828154,-0.16896562,0.1931426,0.12152032,0.12881522,-0.23947228,-0.08073152,0.016423585,-0.15931654,-0.09120576,-0.005519573,0.14658232
-0.1604177,-1.430854,-0.16607267,-0.35913467,-0.078014605,-0.05884616,-0.29296118,0.068821885,-0.06614923,0.32445166,0.03775594,-0.03237435,0.57368416,-0.034952875,-0.07384854,2.0823312,0.17534983,0.14545774,0.05584902,0.016171373,-0.0030330687,-0.167028,0.10706299,0.048149772,0.058065627,-0.044578016,0.11277087,0.06909841,0.02547582,-0.010792675,-0.0984053,-0.0763925,0.06733973,-0.15680096,0.010045987,-0.08428285,-0.024360927,-0.028034886,0.026294585,0.085780196,0.021433951,-0.33264112,0.092901275,-0.026639953,0.36835846,-0.020009253,-0.1047279,0.050997995,0.11893115,-0.069379695,-0.796878,0.1479428,0.031676922,0.9374084,0.20733066,-1.3240781,0.14744632,0.22690117,0.868939,-0.027575407,0.03964549,-0.15668246,0.23246393,0.15879403,0.10644026,-0.22147636,-0.07446575,0.017484726,-0.15519017,-0.08905404,-0.0022534851,0.14291409
-0.15471955,-1.3588986,-0.20138851,-0.23736125,-0.057337277,-0.052474067,-0.49963918,0.11187195,-0.06755556,0.35806105,-0.03376884,-0.016697647,0.5903863,-0.09823984,-0.07455962,2.2046247,0.13811414,0.18131836,0.04404274,0.011004135,0.00053883414,-0.21934576,0.108461924,0.055167872,0.016863355,-0.037897814,0.10337334,0.06973603,-0.0018537433,-0.013048765,-0.110911846,-0.06297534,0.05657607,-0.15582033,0.023192879,-0.09903185,-0.059962988,-0.022495922,0.021682482,0.041583065,-0.04132438,-0.34273872,0.08901705,-0.04875541,0.3678225,-0.024522157,-0.090256706,0.06438713,0.05232879,-0.20045602,-0.78238434,0.16050395,-0.05223456,0.93808055,0.13516203,-1.4228433,0.2348651,0.22670288,0.7698761,-0.024748027,0.036141206,-0.15017383,0.26465157,0.17132336,0.1024145,-0.21102843,-0.06811881,0.015865145,-0.15204333,-0.0852188,0.0014749208,0.13760123
-0.1421358,-1.3142326,-0.23094746,-0.09833919,-0.025126033,-0.02429714,-0.72664064,0.15177232,-0.087957285,0.3965748,-0.109705165,-0.0007043187,0.55925953,-0.16215928,-0.06727433,2.2681315,0.07502256,0.2255859,0.03289078,0.0076408572,0.011163242,-0.21764563,0.10059841,0.025474207,-0.029361993,-0.020577291,0.093106896,0.066543534,-0.032344606,-0.010096164,-0.13374466,-0.059682343,0.05066142,-0.1487724,0.03347646,-0.11282196,-0.09536359,0.0033830297,0.016503744,0.004007534,-0.111887775,-0.32948437,0.083674036,-0.062428012,0.3540356,-0.046813723,-0.06465116,0.06728753,-0.017169345,-0.32278296,-0.7470518,0.16579096,-0.12383549,0.9146772,0.06701938,-1.5109638,0.31261003,0.22769253,0.7247832,-0.029554138,0.038767062,-0.15199016,0.29110104,0.17055108,0.11591886,-0.20143442,-0.06484423,0.012910396,-0.15171011,-0.08317961,0.0048394273,0.13257268
-0.124178864,-1.2883334,-0.2506565,0.057898194,0.015717892,0.025526848,-0.9590335,0.18699254,-0.11865701,0.42919087,-0.18548323,0.015273368,0.4753151,-0.22134188,-0.050805327,2.2756574,-0.010377907,0.26377898,0.024970278,0.0073540886,0.025435317,-0.15510347,0.08484478,-0.034993175,-0.067242816,0.0050859586,0.08271282,0.057938695,-0.06291113,-0.0032406684,-0.1652248,-0.06436087,0.045701325,-0.13792332,0.03784991,-0.1204042,-0.11850911,0.043577306,0.00793014,-0.024781397,-0.1806637,-0.2968302,0.082792,-0.07315446,0.32828015,-0.075365186,-0.03291558,0.06494217,-0.08483044,-0.43624562,-0.69457453,0.1710942,-0.19006813,0.873339,0.012153908,-1.592928,0.37745643,0.24272819,0.6925803,-0.025883423,0.03708409,-0.16156067,0.3130435,0.16986945,0.13793015,-0.18469574,-0.0631106,0.009758857,-0.15334268,-0.08245752,0.008254252,0.1287118
-0.103494786,-1.2721583,-0.25929832,0.21611801,0.056907963,0.08940272,-1.1598607,0.21274695,-0.15331164,0.44509363,-0.2538855,0.031599633,0.37071365,-0.27358064,-0.028537711,2.2099197,-0.10111572,0.2787478,0.024281584,0.008097384,0.037784237,-0.05744482,0.06719552,-0.11019888,-0.09163921,0.028863108,0.071838275,0.046599697,-0.09136496,0.004839955,-0.19615093,-0.07078863,0.04411346,-0.12332646,0.03811342,-0.12170978,-0.12189447,0.08625868,-0.0056532347,-0.04151506,-0.22736278,-0.25524208,0.09243316,-0.09581914,0.29419485,-0.104537055,0.0011390301,0.06476038,-0.14492764,-0.52611226,-0.63464606,0.18340354,-0.26285782,0.8244209,-0.031152694,-1.6756142,0.42864808,0.27407333,0.6702202,-0.009711309,0.025947222,-0.17761654,0.3319862,0.17265846,0.161899,-0.15678385,-0.061052803,0.007800975,-0.15503354,-0.081909165,0.010796927,0.12662697
-0.0832628,-1.2510031,-0.25835,0.35565916,0.088433705,0.14912589,-1.2949071,0.23033462,-0.17721118,0.43607476,-0.30559236,0.049543202,0.27712238,-0.31207454,-0.006251168,2.076262,-0.17466933,0.26467156,0.030235875,0.009010247,0.04602259,0.04554302,0.05190066,-0.1778306,-0.09722738,0.042752966,0.06278263,0.033679176,-0.11200431,0.0117270965,-0.21706675,-0.07215517,0.046769444,-0.10852304,0.037348464,-0.11736072,-0.10582883,0.11977704,-0.024348155,-0.04657511,-0.25040123,-0.21753691,0.109208554,-0.12476159,0.2597269,-0.12380795,0.032887846,0.066225015,-0.18625963,-0.5954839,-0.58859545,0.20098698,-0.32771912,0.78294736,-0.056443706,-1.7548513,0.4648259,0.31177655,0.64508307,0.013528352,0.0044558034,-0.1962453,0.34301832,0.17901236,0.17965588,-0.119652376,-0.05553885,0.0072395527,-0.15330209,-0.07875216,0.012555834,0.1253163
-0.06639111,-1.2370625,-0.25029808,0.45262873,0.10525111,0.18978757,-1.3380886,0.2366886,-0.18029971,0.40967563,-0.33522493,0.06590029,0.23906077,-0.3275614,0.008506077,1.8650049,-0.22083254,0.22684352,0.039410308,0.005322554,0.05120417,0.1274794,0.040372707,-0.2242729,-0.08554158,0.04271391,0.05889087,0.023821205,-0.12382496,0.01768906,-0.22070298,-0.066892885,0.05225338,-0.09750035,0.04112838,-0.11051356,-0.079202086,0.14070727,-0.043840606,-0.045126654,-0.25756687,-0.19156362,0.12456503,-0.14801642,0.23325673,-0.12941818,0.061269045,0.06564474,-0.20634083,-0.64557135,-0.5709136,0.21695139,-0.360041,0.7623101,-0.07264518,-1.8266871,0.49129254,0.33913583,0.6695768,0.022811709,-0.023874214,-0.21500242,0.34778365,0.17134951,0.19162993,-0.087688066,-0.046624385,0.0073849224,-0.1464839,-0.07250122,0.01400784,0.12505572
-0.05656391,-1.2467185,-0.23875403,0.5000411,0.11142847,0.2054001,-1.2860261,0.22981186,-0.15826498,0.3736924,-0.34276426,0.07681851,0.27631143,-0.31803483,0.012326235,1.5768572,-0.23934303,0.17906247,0.050229356,-0.0035295405,0.056871634,0.18094014,0.03340235,-0.24872753,-0.057846643,0.029777275,0.06210965,0.019371323,-0.12839828,0.02376952,-0.2097702,-0.054073285,0.055918433,-0.09053797,0.049889676,-0.1075419,-0.044178925,0.14670159,-0.058793623,-0.037078284,-0.25349307,-0.18021418,0.1356649,-0.16287114,0.2215466,-0.11919646,0.081996776,0.062119853,-0.20312694,-0.6752114,-0.58428466,0.22620936,-0.36169955,0.7720285,-0.07364417,-1.8777664,0.4979139,0.34597895,0.7012398,0.0201805,-0.050122485,-0.23263906,0.3459861,0.15793982,0.19608028,-0.06657608,-0.038519055,0.0072423066,-0.1381203,-0.06603586,0.015359595,0.12620379
-0.055564582,-1.281747,-0.22719045,0.48953822,0.10954873,0.19841398,-1.1697798,0.21467109,-0.112583354,0.34230277,-0.32985136,0.08149664,0.4231081,-0.2881535,0.0034437727,1.2533004,-0.23669766,0.13721356,0.058561265,-0.014214593,0.061652925,0.20318142,0.029491466,-0.25328225,-0.018757263,0.008693572,0.06607522,0.021287331,-0.12630968,0.029601442,-0.19338425,-0.038165823,0.057952017,-0.08603783,0.060341712,-0.10931412,-0.009113316,0.14286222,-0.06851131,-0.022630855,-0.24171619,-0.18386099,0.14201632,-0.16648585,0.22536658,-0.099663936,0.096090086,0.05594136,-0.17917803,-0.67841965,-0.61869633,0.22953953,-0.34086475,0.8059264,-0.0536324,-1.9023298,0.47690034,0.3341392,0.72074425,0.011427769,-0.06632642,-0.24604982,0.34007254,0.14463942,0.1927141,-0.06047175,-0.036184967,0.0079309,-0.1318712,-0.0631725,0.015188967,0.12991524
-0.0633635,-1.3331194,-0.21714008,0.4349468,0.103259966,0.17322804,-1.0198114,0.19543128,-0.051124003,0.31842473,-0.30314472,0.08473131,0.659754,-0.24695288,-0.015766678,0.9617249,-0.22285615,0.10474321,0.064435266,-0.023444474,0.06387555,0.20430665,0.027491279,-0.2411868,0.01412664,-0.015108714,0.059636105,0.027989987,-0.11919049,0.032949973,-0.17765576,-0.026245166,0.058895558,-0.08006367,0.06592063,-0.11074073,0.018812379,0.1304603,-0.071057744,-0.00048003712,-0.21883427,-0.20548451,0.1421142,-0.16052677,0.24067849,-0.07380669,0.10647695,0.04605593,-0.13470808,-0.6400976,-0.66909695,0.22243646,-0.30024686,0.8442917,-0.0066900374,-1.8603069,0.41978747,0.30354196,0.7372157,-0.0039732223,-0.062208995,-0.24937238,0.3290979,0.12997122,0.18366835,-0.07146289,-0.04049681,0.008386806,-0.1302783,-0.064236484,0.014025467,0.1368326
-0.07822996,-1.3928473,-0.2091,0.33304688,0.09005567,0.13812813,-0.869652,0.17474887,0.0081048515,0.30533317,-0.26532093,0.088005096,0.97406083,-0.20530424,-0.043841142,0.7560712,-0.1996861,0.084398545,0.06640925,-0.027386324,0.062094428,0.19132338,0.025361883,-0.22011541,0.023150831,-0.037134875,0.035925787,0.036651127,-0.106675826,0.033598725,-0.16591859,-0.019298108,0.060005408,-0.07230605,0.06677765,-0.107605934,0.032070402,0.11166557,-0.06758858,0.025563441,-0.18467472,-0.24276805,0.13464636,-0.14491846,0.26649836,-0.04590753,0.11266407,0.032063898,-0.07303003,-0.55967414,-0.7265597,0.20374638,-0.24584049,0.8697967,0.060268372,-1.7465283,0.33317327,0.25666007,0.746373,-0.022287391,-0.03537545,-0.24037312,0.31551498,0.11898617,0.17009513,-0.09905564,-0.049430646,0.008319657,-0.13272046,-0.06798762,0.011754571,0.14489058
-0.09781637,-1.4620916,-0.20271993,0.18963641,0.0660996,0.10493855,-0.7319285,0.15371934,0.05610812,0.2987602,-0.21835504,0.08823787,1.3148465,-0.17321886,-0.07492723,0.6654504,-0.16386999,0.07529415,0.06318003,-0.026603127,0.056171067,0.17018157,0.025782475,-0.1961148,-0.016138602,-0.06006881,-0.012521303,0.042407304,-0.09017336,0.03193097,-0.16088992,-0.018959768,0.05994841,-0.06120739,0.05889941,-0.09679696,0.03022895,0.09080627,-0.058652624,0.049422294,-0.14606205,-0.2905036,0.1182597,-0.11788832,0.29938883,-0.014624641,0.112723626,0.016784983,-0.007132932,-0.45121503,-0.7812788,0.17213595,-0.17364462,0.8738883,0.12701195,-1.5179802,0.22943145,0.20213024,0.7338897,-0.039496638,0.022089753,-0.21206196,0.3003888,0.112591356,0.1505569,-0.13728634,-0.059445083,0.007268953,-0.13696033,-0.07194951,0.008347059,0.15162823
-0.1202897,-1.5370054,-0.19680382,0.015915725,0.029636558,0.080570884,-0.59742236,0.13030115,0.0906382,0.2976983,-0.16112897,0.07798096,1.6341487,-0.15154034,-0.10639951,0.65082186,-0.1124984,0.073110886,0.05644793,-0.022831487,0.04443364,0.14736956,0.028438123,-0.17644781,-0.09450413,-0.08294046,-0.073372334,0.043869074,-0.06929427,0.028421978,-0.15899646,-0.020401211,0.058276106,-0.053154174,0.043798953,-0.08041318,0.014449999,0.07104721,-0.044006195,0.064176984,-0.11039464,-0.33745724,0.09375201,-0.07411111,0.3322849,0.014409104,0.10411159,0.003218465,0.049946893,-0.33393472,-0.8249148,0.13088545,-0.07676528,0.8601957,0.17254981,-1.2073113,0.13170373,0.15881896,0.71487296,-0.054444935,0.09833065,-0.1702402,0.28182703,0.11056312,0.12807013,-0.17602865,-0.06703203,0.004906988,-0.14093882,-0.073781,0.004905773,0.15664019
-0.1445897,-1.6154461,-0.18940581,-0.17518495,-0.013673451,0.07047231,-0.45496982,0.10254308,0.10591137,0.30234593,-0.096026875,0.0589596,1.902401,-0.1332582,-0.14086765,0.6510154,-0.0458275,0.07516787,0.048771527,-0.01902682,0.030197088,0.12124516,0.029186346,-0.16446084,-0.18141504,-0.10063925,-0.12168579,0.04322068,-0.04556901,0.025779964,-0.15836465,-0.020827359,0.060429446,-0.054031115,0.026761416,-0.06272821,-0.01154694,0.05218772,-0.02645733,0.071560144,-0.07521101,-0.37419254,0.06499637,-0.022411007,0.3577823,0.03210496,0.08794508,-0.0064957174,0.096294954,-0.21763533,-0.85886675,0.086231016,0.03238867,0.8371478,0.19553825,-0.904296,0.059130028,0.1274576,0.740577,-0.07580634,0.1669531,-0.1288576,0.25964877,0.10783351,0.11116706,-0.20861463,-0.071693845,0.002308832,-0.14378798,-0.07323781,0.0014878704,0.15963715
-0.17042503,-1.6926006,-0.17831051,-0.37553474,-0.061939005,0.0683048,-0.2988469,0.070357576,0.09900118,0.31356773,-0.023801515,0.037420228,2.1142156,-0.112200305,-0.17957376,0.61883897,0.032884587,0.075061806,0.04169247,-0.015929157,0.014959567,0.08457485,0.026143972,-0.15620624,-0.2422884,-0.108693354,-0.13790242,0.043314707,-0.019315325,0.024591705,-0.15774281,-0.022374174,0.069633074,-0.06846554,0.012325666,-0.051003527,-0.038112566,0.03161908,-0.008933451,0.07483928,-0.03814511,-0.38883838,0.034967188,0.03301801,0.36591116,0.033011116,0.0665709,-0.013153974,0.13127406,-0.105480954,-0.8777581,0.0406432,0.14681794,0.8055492,0.20481709,-0.6745139,0.014872361,0.10386019,0.82208,-0.10467659,0.2114225,-0.10041178,0.23580892,0.10215445,0.102978505,-0.23205577,-0.07366236,0.0004156207,-0.14507718,-0.07155099,-0.0014490327,0.1625478
-0.19628204,-1.7610459,-0.16200593,-0.57139295,-0.1073662,0.07688966,-0.13436322,0.036802623,0.06835872,0.32972798,0.050931115,0.02048044,2.2531998,-0.08264577,-0.22907066,0.55121064,0.11450035,0.071245626,0.03873417,-0.011962618,8.767983e-05,0.03750045,0.0152945975,-0.14902289,-0.25237364,-0.106065415,-0.113211885,0.0444564,0.009100343,0.023357779,-0.1557218,-0.029924823,0.08694846,-0.09830874,0.0061879894,-0.047018506,-0.0610244,0.0074428353,0.0039528254,0.081878476,0.002973888,-0.38068318,0.007199226,0.08601399,0.35240877,0.01409136,0.04549317,-0.019564593,0.16103336,0.008063044,-0.8758602,-0.0051281787,0.25638705,0.7641916,0.22105631,-0.5481343,-0.009761375,0.080778465,0.9660831,-0.14518145,0.22767258,-0.09285905,0.2095447,0.08787346,0.10671512,-0.24605332,-0.07294728,-0.0008376736,-0.14438705,-0.068577595,-0.0031849192,0.16446212
-0.22011612,-1.8149718,-0.14128906,-0.7724605,-0.15061219,0.09559552,0.027626036,0.002483018,0.016942166,0.35148874,0.12637998,0.008899737,2.337493,-0.03811551,-0.28616282,0.45440295,0.18792818,0.061510194,0.039803594,-0.005804003,-0.011633839,-0.011509421,-0.0022276617,-0.14142886,-0.2040473,-0.094220094,-0.053372543,0.045661457,0.040272303,0.021908462,-0.15094802,-0.041616186,0.1066008,-0.13964796,0.010807382,-0.050489943,-0.076623194,-0.023389986,0.012935702,0.09521954,0.047506753,-0.35069045,-0.015742058,0.13523932,0.3224513,-0.020698216,0.021705085,-0.027793044,0.1932111,0.12089954,-0.84969014,-0.052566387,0.35624817,0.7165562,0.25811023,-0.5456268,-0.022159815,0.050258923,1.1407934,-0.19282143,0.21699211,-0.109032385,0.18097754,0.06754615,0.11993484,-0.25545752,-0.070132986,-0.0011735337,-0.14127924,-0.064908266,-0.004289799,0.16468893
-0.23903257,-1.8560739,-0.11849682,-0.96938926,-0.18985847,0.12274503,0.17890857,-0.031046389,-0.043573074,0.37108943,0.19861019,-0.002335802,2.3530915,0.01970358,-0.32724717,0.360953,0.24799556,0.045606375,0.04213678,0.0007444391,-0.018016635,-0.048398733,-0.017776923,-0.13211186,-0.12106392,-0.08103603,0.019675313,0.04417905,0.07099721,0.020083888,-0.14297336,-0.057127107,0.119546294,-0.17954281,0.019738143,-0.05785037,-0.07953509,-0.052763935,0.020307885,0.11442062,0.09119624,-0.30543864,-0.032275423,0.17675789,0.28470325,-0.05961097,-0.0040282574,-0.038176823,0.22503285,0.22769906,-0.7975236,-0.10230253,0.44649538,0.668055,0.31304893,-0.60042554,-0.036135614,0.008229726,1.299554,-0.24228275,0.20068888,-0.13742197,0.14802249,0.042254753,0.13626458,-0.26483136,-0.06646641,-0.0008435859,-0.13735639,-0.060770493,-0.005984583,0.16286688
-0.2487667,-1.8805227,-0.09514546,-1.1350975,-0.21986797,0.14818123,0.3095617,-0.05983236,-0.101599805,0.37833512,0.26210323,-0.020121861,2.2934723,0.07961247,-0.33264825,0.2919366,0.29138592,0.026667444,0.044602565,0.007726532,-0.01990705,-0.064536475,-0.026275322,-0.1224531,-0.020505346,-0.06837732,0.09189984,0.03890828,0.09885185,0.01740547,-0.12989248,-0.070914485,0.12163642,-0.20939091,0.028890727,-0.066983804,-0.07023498,-0.07177064,0.0289996,0.13505809,0.1278373,-0.2526775,-0.041174687,0.21057664,0.25010002,-0.09378089,-0.03068743,-0.050336137,0.25281817,0.3166674,-0.7256058,-0.14606993,0.52810454,0.6304556,0.3716485,-0.68156046,-0.055338703,-0.03385434,1.4209702,-0.28617358,0.1877825,-0.16864184,0.10984769,0.01563202,0.15214461,-0.2747904,-0.06290576,0.0002664855,-0.13440111,-0.05536826,-0.0083502075,0.15907158
-0.245054,-1.8889344,-0.07306125,-1.2324895,-0.23364133,0.1588498,0.41310227,-0.08145455,-0.15078191,0.36620337,0.3089507,-0.041568663,2.1376839,0.12889536,-0.29902834,0.24982898,0.31703693,0.009639518,0.048926033,0.014023063,-0.017059635,-0.0604582,-0.02561475,-0.114876166,0.07463097,-0.055338692,0.15465918,0.03191559,0.119329385,0.014870236,-0.11774395,-0.08285757,0.11752055,-0.22387844,0.03489395,-0.07423425,-0.051705074,-0.07436718,0.03850378,0.15623006,0.15934704,-0.20567533,-0.040601626,0.22614309,0.22924827,-0.11689793,-0.053255074,-0.06353432,0.277664,0.38160524,-0.660657,-0.17215045,0.58930033,0.6163576,0.4228981,-0.7771521,-0.07552937,-0.06864733,1.5274704,-0.3244462,0.1743943,-0.19731537,0.07315647,-0.0130664725,0.16989696,-0.28658885,-0.0602053,0.002006513,-0.13324827,-0.0490478,-0.011411956,0.15294997
-0.22882621,-1.8855817,-0.05588764,-1.2447051,-0.23181652,0.14566737,0.48529512,-0.093264714,-0.18438986,0.33656272,0.33612776,-0.060024656,1.8869414,0.16136378,-0.23794556,0.24789599,0.32504353,0.00047032072,0.056177933,0.021303326,-0.012911856,-0.043062434,-0.01380166,-0.109955855,0.14797702,-0.04248558,0.2012941,0.02430083,0.13124146,0.01202861,-0.108828306,-0.09481672,0.11191709,-0.22147138,0.03339003,-0.07883051,-0.027968839,-0.061939646,0.04831428,0.17274715,0.18190089,-0.17278962,-0.03228257,0.22824118,0.2251099,-0.12591934,-0.07013948,-0.07556493,0.29469123,0.41572332,-0.62092555,-0.17587918,0.6305345,0.62671864,0.45264933,-0.8562384,-0.09105941,-0.08698359,1.6030626,-0.3463782,0.16337411,-0.21678156,0.04477973,-0.03660405,0.18698415,-0.29691696,-0.058328427,0.0037268593,-0.13458838,-0.04341847,-0.014434697,0.14603037
-0.20724924,-1.87393,-0.047229007,-1.1773194,-0.2140511,0.11647034,0.517536,-0.09548796,-0.20279421,0.29840228,0.3423078,-0.06910125,1.5704471,0.17704117,-0.17479156,0.32281598,0.31258824,0.003649492,0.06565502,0.031054841,-0.011191725,-0.020805484,0.0051427707,-0.107847355,0.1943319,-0.032337703,0.23087403,0.019667413,0.13533394,0.008074381,-0.103380635,-0.10958308,0.108289026,-0.20740703,0.025263611,-0.08036371,-0.0052454006,-0.04197766,0.05541072,0.18461724,0.19613735,-0.16015102,-0.01614097,0.21747935,0.23355266,-0.12568381,-0.07987364,-0.08256876,0.30467504,0.42320415,-0.6171,-0.15369691,0.6439609,0.6597053,0.46041837,-0.9160684,-0.095717296,-0.07531194,1.6649868,-0.34583962,0.15434931,-0.22628313,0.031030072,-0.055255413,0.20458756,-0.30204728,-0.05811526,0.005543723,-0.13824922,-0.04088075,-0.017100135,0.13953371
-0.1880672,-1.8521696,-0.049249858,-1.0534012,-0.18559876,0.07793423,0.50407296,-0.09092788,-0.2065945,0.26580375,0.32764608,-0.06733873,1.2295647,0.17904861,-0.12597546,0.49858713,0.28357196,0.013806055,0.0743906,0.040028576,-0.012274923,-0.00021910174,0.026302783,-0.10331368,0.20937322,-0.02568785,0.23881763,0.020051671,0.13176996,0.0029903976,-0.09655681,-0.12255277,0.106862396,-0.18690245,0.01215686,-0.07863761,0.009338241,-0.022292325,0.057983954,0.18942802,0.19819444,-0.1717275,0.0055923522,0.19580857,0.25192586,-0.11752431,-0.08343093,-0.0809998,0.30294573,0.40257135,-0.650243,-0.112822644,0.62302667,0.7054665,0.44214407,-0.9431643,-0.0855941,-0.036887515,1.6870785,-0.31961566,0.14746647,-0.2241153,0.03686128,-0.059507936,0.21704018,-0.3018787,-0.06060629,0.0068116724,-0.14300951,-0.044170845,-0.01792943,0.13531283
-0.17615059,-1.8188018,-0.061835475,-0.90706265,-0.15619864,0.037089135,0.4469083,-0.08125651,-0.19624323,0.2468506,0.2957916,-0.06088971,0.9280165,0.16920099,-0.093864694,0.7809428,0.24975275,0.03258827,0.078608915,0.043384906,-0.015029368,0.012083094,0.047085755,-0.08999874,0.19633332,-0.022835057,0.22392133,0.025982777,0.1208334,-0.0020029896,-0.08747577,-0.12917274,0.10470492,-0.16520742,-0.0009963161,-0.07450605,0.012899896,-0.007835389,0.056185346,0.1872847,0.18559563,-0.20160964,0.029459773,0.16619965,0.27552208,-0.10360515,-0.08442441,-0.069164805,0.29036438,0.35846788,-0.7025168,-0.060830776,0.566882,0.7529962,0.40815884,-0.94505036,-0.06690509,0.023874912,1.6535903,-0.26762986,0.14153019,-0.21261781,0.05737266,-0.04437859,0.21937738,-0.29561698,-0.06622629,0.007808745,-0.14920625,-0.054354154,-0.017204667,0.13603678
-0.1722752,-1.7724574,-0.08156762,-0.75910383,-0.129811,0.000835457,0.3499628,-0.06684656,-0.17597742,0.23954536,0.25128585,-0.05587517,0.70906585,0.14561424,-0.07506746,1.1233649,0.21987101,0.05632297,0.07727281,0.04071712,-0.01733974,0.009317468,0.064164,-0.065443456,0.17220029,-0.021975964,0.19690287,0.033622146,0.10460526,-0.005973421,-0.07696996,-0.12592506,0.098140575,-0.14935403,-0.009242162,-0.06854914,0.008544881,0.00013009508,0.048634008,0.1760701,0.1556953,-0.24169482,0.050810188,0.13339598,0.302892,-0.07990503,-0.08449195,-0.04732953,0.2637354,0.28695124,-0.75234395,-0.006264977,0.4798302,0.7971798,0.3617503,-0.93636405,-0.04074107,0.092834346,1.5314006,-0.19739115,0.13325283,-0.19493073,0.089590624,-0.0042368216,0.20521821,-0.28250104,-0.07201483,0.007998834,-0.15452354,-0.06671791,-0.013426671,0.1395819
-0.1734263,-1.7097554,-0.105652995,-0.616445,-0.108874775,-0.03187996,0.2109787,-0.042873416,-0.14598115,0.24121943,0.19660944,-0.054194435,0.5882174,0.10409114,-0.06671269,1.4668765,0.20114829,0.07920075,0.07027423,0.03414695,-0.019782547,-0.028864356,0.07982553,-0.025159573,0.14370924,-0.025193939,0.1663408,0.04096054,0.08384936,-0.009847886,-0.06992268,-0.10973457,0.08582003,-0.14375648,-0.011287447,-0.06438446,-0.0021583703,0.0025806988,0.03478612,0.15408778,0.11290863,-0.28687194,0.069085844,0.091903135,0.33355573,-0.04964738,-0.08311313,-0.016753927,0.22391671,0.18546964,-0.7866423,0.049837265,0.35767934,0.8436756,0.31193927,-0.947103,-0.006382398,0.1594084,1.308408,-0.11855893,0.119192384,-0.17512329,0.13103633,0.059543975,0.17425792,-0.26014382,-0.075416885,0.0088338675,-0.15801367,-0.07726353,-0.008523766,0.14343816
-0.17673971,-1.6302123,-0.13478845,-0.5045558,-0.09763134,-0.055070575,0.041575585,-0.00901297,-0.112097494,0.25784844,0.13897245,-0.05176977,0.5869584,0.054340288,-0.07006455,1.759459,0.19053335,0.10412205,0.05927573,0.026344784,-0.022851283,-0.10489791,0.09574085,0.024496695,0.112400696,-0.03314197,0.1389733,0.04646286,0.06201726,-0.014446713,-0.06857272,-0.088658325,0.07247551,-0.14380786,-0.005604042,-0.06589783,-0.024147548,-0.0035006006,0.020572543,0.121805176,0.06017462,-0.3289932,0.080158286,0.054636154,0.36154556,-0.024628593,-0.082722284,0.016788878,0.17688179,0.06322648,-0.8002164,0.09868793,0.23344427,0.88318956,0.26099256,-0.9966408,0.037847064,0.20457031,1.0665886,-0.055730045,0.10220853,-0.15707359,0.17338668,0.12370215,0.1361159,-0.23802605,-0.07446249,0.010711441,-0.15813687,-0.08249663,-0.0046586352,0.14518678
-0.17902645,-1.5413231,-0.16679159,-0.41710678,-0.090638675,-0.066764235,-0.14954388,0.03366207,-0.07897733,0.29414594,0.079208456,-0.046715066,0.6617853,0.00095075276,-0.08183546,1.9852237,0.17992048,0.12825009,0.045151044,0.019699287,-0.025546346,-0.2035024,0.10966889,0.0702725,0.0745392,-0.04274342,0.117873095,0.050299004,0.039545942,-0.020048881,-0.07208291,-0.068100296,0.060092673,-0.14668985,0.0029448506,-0.074137926,-0.062421177,-0.015661048,0.009814326,0.07995773,-0.0063436287,-0.3616372,0.08050642,0.030592991,0.38161644,-0.014172446,-0.08243586,0.047873046,0.12249459,-0.07766007,-0.798323,0.13346207,0.12461314,0.9147521,0.20489585,-1.0906484,0.100923926,0.22261088,0.850607,-0.021375071,0.087701716,-0.14411157,0.21406119,0.17000414,0.10364697,-0.22017872,-0.06941625,0.012386373,-0.15557227,-0.08164699,-0.0014869982,0.14417417
-0.1762698,-1.464266,-0.19798113,-0.3237476,-0.077881314,-0.06668004,-0.3627861,0.08131758,-0.060689803,0.3387081,0.013264282,-0.03435428,0.7364503,-0.06020408,-0.093538865,2.1516423,0.15526204,0.15998317,0.029967183,0.015958188,-0.022839231,-0.29020876,0.11617408,0.095699176,0.025205377,-0.045403346,0.10063452,0.052878454,0.015187317,-0.022690456,-0.082003124,-0.04975154,0.047640216,-0.1470981,0.01166904,-0.08779262,-0.10708508,-0.021797841,0.002911018,0.03558672,-0.07496985,-0.37846825,0.07445627,0.011732232,0.3925381,-0.021271097,-0.077802025,0.06835055,0.0626226,-0.21700372,-0.7844744,0.15259968,0.027093312,0.93189436,0.13956009,-1.2154945,0.18110868,0.21709831,0.66789,-0.008476257,0.075084135,-0.13838568,0.24968347,0.20272797,0.084003024,-0.207066,-0.062819175,0.012815501,-0.15311708,-0.078293815,0.0013436755,0.14053681
-0.1636371,-1.4103849,-0.22438698,-0.19659513,-0.052783977,-0.046984546,-0.584097,0.12519434,-0.06254294,0.3791336,-0.06051326,-0.018445065,0.7367319,-0.12736984,-0.09345351,2.2496223,0.106433,0.19868056,0.017400661,0.012940083,-0.013340128,-0.3152703,0.11139205,0.07925857,-0.03415,-0.038385734,0.08491111,0.05468658,-0.014059326,-0.021236375,-0.10645627,-0.042947486,0.03756363,-0.14051461,0.021550601,-0.103206195,-0.14806342,-0.009419793,-0.00090915133,-0.0037530751,-0.14057434,-0.36863893,0.068134554,-0.006944895,0.3844396,-0.047012575,-0.063193105,0.07637651,0.00089815934,-0.34085906,-0.7535282,0.16279186,-0.059681408,0.9223222,0.07561063,-1.3454673,0.25853887,0.21084422,0.56387734,-0.0048596933,0.066909485,-0.14146732,0.27607933,0.21377832,0.08608433,-0.19475791,-0.058804687,0.01222588,-0.15301275,-0.07654115,0.0033736476,0.136834
-0.14052378,-1.3808599,-0.24212615,-0.029478345,-0.01355423,-0.0029779815,-0.8081957,0.16171217,-0.0861896,0.4064631,-0.13879153,-0.0026332978,0.6349569,-0.19473621,-0.07712079,2.2749348,0.03067,0.23872979,0.011647382,0.010794387,0.0020391254,-0.2558333,0.09587612,0.018081132,-0.08211237,-0.018005485,0.07428449,0.05188035,-0.04682105,-0.014977119,-0.14381424,-0.047892492,0.0315458,-0.13020512,0.02926007,-0.11414649,-0.17231965,0.02546433,-0.006245872,-0.03375342,-0.19953205,-0.33233774,0.06848168,-0.029095361,0.35791272,-0.08216684,-0.03905388,0.07590015,-0.06337831,-0.44702578,-0.70185226,0.17240185,-0.14351618,0.88594097,0.017845491,-1.462941,0.32442874,0.22336964,0.5220987,0.00039442448,0.059397697,-0.15332325,0.2950939,0.21485649,0.105835974,-0.17487666,-0.056863934,0.010025009,-0.15509088,-0.07613446,0.0063383467,0.13359445
-0.1124072,-1.364696,-0.25037542,0.15994489,0.032198083,0.056778926,-1.0211401,0.19288374,-0.119287245,0.41275167,-0.21603057,0.014574278,0.4712945,-0.25687537,-0.049247578,2.2408261,-0.058584034,0.26418263,0.011809473,0.010044625,0.0182732,-0.1395164,0.07695053,-0.06600228,-0.1111179,0.006989662,0.06586188,0.044327088,-0.079158776,-0.006380306,-0.18358932,-0.056886163,0.030940775,-0.11830531,0.03366934,-0.11719218,-0.17451839,0.07163394,-0.016808346,-0.051087588,-0.23921266,-0.2837955,0.0793227,-0.06428781,0.31895298,-0.11805144,-0.007409679,0.07348131,-0.121395335,-0.52946895,-0.6408522,0.18854205,-0.23505017,0.8355377,-0.023186589,-1.5690726,0.37362447,0.25769916,0.5142105,0.016159989,0.046267282,-0.17069273,0.3095024,0.21538863,0.13352919,-0.14286374,-0.05606993,0.008774993,-0.15840669,-0.076929525,0.008406697,0.13109098
-0.086297795,-1.3456391,-0.25076303,0.32377127,0.069776125,0.12134809,-1.1864325,0.21417029,-0.15080991,0.40330055,-0.27873385,0.03298221,0.3293372,-0.3015287,-0.020362852,2.140746,-0.1421633,0.26469642,0.017386135,0.0078665735,0.030760102,-0.0065180887,0.05958591,-0.15045583,-0.119769365,0.026523827,0.059407327,0.03428906,-0.10570446,0.0017912134,-0.21436824,-0.06813818,0.038701497,-0.10380279,0.038111597,-0.11414619,-0.16043286,0.1128066,-0.031201784,-0.05572133,-0.25828108,-0.23670866,0.09672505,-0.10346169,0.27571768,-0.14757207,0.02588705,0.07167852,-0.16330695,-0.58825296,-0.58803695,0.20781504,-0.31038314,0.78107834,-0.047321774,-1.6630744,0.40645617,0.29818603,0.5675106,0.028663708,0.026177699,-0.19081005,0.3197519,0.20561819,0.16240291,-0.108432025,-0.053508308,0.009156178,-0.15846683,-0.07604664,0.00895829,0.12897354
-0.06611153,-1.3224281,-0.2441519,0.4377746,0.09222163,0.17386936,-1.27035,0.22554144,-0.16321106,0.3843129,-0.3194139,0.048801363,0.25432172,-0.3238136,0.00080423965,1.9649827,-0.19992207,0.23649734,0.026269391,0.0030916245,0.038040727,0.1020383,0.046239186,-0.21455416,-0.11187585,0.03313759,0.05433384,0.023493223,-0.122836694,0.0081088785,-0.22567232,-0.07216952,0.051427264,-0.092140816,0.043076564,-0.10686606,-0.13983266,0.13551313,-0.046708047,-0.0528978,-0.26639795,-0.20645507,0.11266066,-0.13369381,0.24218704,-0.16191314,0.05321756,0.072485045,-0.18765812,-0.63632494,-0.5629535,0.2228724,-0.35494596,0.7446025,-0.06311253,-1.7399865,0.43358204,0.32837677,0.63155955,0.031639453,0.0013791729,-0.20985882,0.32849678,0.18995242,0.18367325,-0.07789276,-0.047405034,0.009670377,-0.15331517,-0.071638726,0.009744022,0.12726459
-0.05403658,-1.3116181,-0.23329067,0.50688547,0.10246644,0.20084968,-1.2675066,0.22843231,-0.152759,0.3521227,-0.34008062,0.061581645,0.25206748,-0.3279461,0.010256514,1.717586,-0.23076607,0.19541447,0.03740828,-0.0040139677,0.043879036,0.16286622,0.037695885,-0.24816087,-0.087168165,0.025635036,0.054367363,0.015258845,-0.13132076,0.014525656,-0.21662854,-0.06191922,0.06094163,-0.08524163,0.05043352,-0.10076234,-0.1121577,0.14018087,-0.060689934,-0.041473873,-0.26146764,-0.19662304,0.12604502,-0.15821667,0.22626446,-0.16056947,0.07388967,0.07158063,-0.18662025,-0.6652297,-0.57142353,0.23290917,-0.37533882,0.7375344,-0.064339735,-1.8036915,0.44560727,0.34174848,0.6687069,0.030150682,-0.026976913,-0.22901173,0.3309492,0.17944747,0.19225034,-0.05437893,-0.038590807,0.010059664,-0.14456397,-0.064836085,0.010797891,0.12593399
-0.049977344,-1.3222167,-0.22179031,0.532709,0.10503662,0.20789193,-1.1871786,0.22023627,-0.11826134,0.31669453,-0.34184143,0.068958335,0.33645976,-0.31261346,0.0068992176,1.4014161,-0.23929273,0.14908215,0.047790706,-0.014270683,0.048556514,0.19108334,0.03075162,-0.26305494,-0.052401613,0.00554186,0.057820227,0.012691831,-0.13427974,0.019714499,-0.19925559,-0.046007957,0.06588296,-0.077700466,0.061213426,-0.10038402,-0.0844049,0.1348678,-0.07160361,-0.024946107,-0.2517729,-0.20102772,0.13607886,-0.17371024,0.22326069,-0.15005152,0.09087094,0.06804405,-0.16505957,-0.6779074,-0.6041651,0.23947015,-0.374271,0.75468373,-0.045101907,-1.8410786,0.42988372,0.34180936,0.69627064,0.026192833,-0.04879964,-0.24612504,0.32683226,0.16700543,0.19283226,-0.041869815,-0.033033576,0.010927104,-0.13547021,-0.05937276,0.010867716,0.12665513
-0.053424686,-1.3544133,-0.21212149,0.5163425,0.10268304,0.20105599,-1.0687523,0.20575498,-0.069303595,0.28814855,-0.32883146,0.07198585,0.5211999,-0.28460354,-0.008415139,1.0872897,-0.2334622,0.11225014,0.055739626,-0.024918402,0.0517857,0.19527197,0.024997719,-0.2616308,-0.017207455,-0.017641477,0.056807026,0.015087362,-0.13293447,0.023565479,-0.1812349,-0.030912358,0.068825394,-0.06953415,0.07034611,-0.10448727,-0.061282232,0.12449685,-0.07690489,-0.004386295,-0.23859753,-0.21755332,0.14309792,-0.1785725,0.2322037,-0.13402668,0.10164599,0.061747976,-0.12857394,-0.66639304,-0.64908385,0.24193342,-0.3577126,0.7859478,-0.004967645,-1.8369548,0.38562316,0.33070314,0.72094584,0.018265676,-0.056014527,-0.2566297,0.31848514,0.15402205,0.1874693,-0.042660635,-0.033159524,0.011601048,-0.12965234,-0.05727546,0.01017252,0.13071758
-0.06447478,-1.4036043,-0.20570235,0.45584187,0.09445011,0.18192203,-0.93849874,0.18815675,-0.01592387,0.27162135,-0.30354327,0.07631946,0.8018903,-0.2520561,-0.033799246,0.836151,-0.21852335,0.087602556,0.059065532,-0.031709198,0.05164473,0.18518187,0.02046793,-0.24647905,0.002653746,-0.039347883,0.04244758,0.02156669,-0.12596735,0.024746187,-0.16617703,-0.022079008,0.07098429,-0.060895167,0.07497661,-0.10661735,-0.04782859,0.10622902,-0.07513843,0.01959377,-0.21476318,-0.2476375,0.1426678,-0.17016827,0.24992912,-0.114456356,0.10759492,0.05144029,-0.0777785,-0.61541194,-0.70319206,0.23461406,-0.31958225,0.81480134,0.05390825,-1.7827708,0.32056615,0.30504724,0.7623162,0.0037618834,-0.04539305,-0.2567954,0.3095216,0.13837188,0.17998227,-0.06211116,-0.03968055,0.01179986,-0.12913725,-0.0594258,0.008249731,0.13773294
-0.081208274,-1.4600486,-0.20148665,0.34518388,0.077687345,0.1556599,-0.81209326,0.16730005,0.02761816,0.26951054,-0.26505867,0.081087485,1.1415197,-0.22220539,-0.06494916,0.67744726,-0.19315386,0.075824805,0.05810903,-0.031027267,0.0475543,0.1695476,0.01892168,-0.2243823,-0.0038812307,-0.05705069,0.012635274,0.029460257,-0.11171128,0.024542581,-0.157892,-0.01886376,0.070755035,-0.053291354,0.07480298,-0.10256764,-0.047471758,0.08388666,-0.06709199,0.04153613,-0.18027323,-0.28561196,0.13289444,-0.14651428,0.27768904,-0.091806754,0.10705156,0.036303077,-0.01880944,-0.5283369,-0.75417817,0.21322165,-0.25903943,0.8318982,0.11756199,-1.6638119,0.24532242,0.26344192,0.77970105,-0.011119014,-0.014212782,-0.24327028,0.30136445,0.12824976,0.16770522,-0.09682028,-0.04861043,0.010558149,-0.13143684,-0.063088596,0.005932716,0.1445274
-0.101250336,-1.5285662,-0.19830056,0.18581344,0.048650257,0.12744212,-0.69033366,0.14659533,0.0631902,0.27551442,-0.2150714,0.07939815,1.4865232,-0.1977502,-0.0950377,0.62339216,-0.15386036,0.073503226,0.05241945,-0.02675144,0.040435832,0.15172845,0.023975577,-0.2005483,-0.05601787,-0.078089885,-0.037788767,0.036446065,-0.09240152,0.02337691,-0.1578613,-0.021951905,0.06988347,-0.047428872,0.06654747,-0.09283842,-0.058983218,0.06338162,-0.05166479,0.058549322,-0.13731217,-0.32820553,0.11157747,-0.111959815,0.3115612,-0.068252616,0.10045835,0.019196454,0.041392423,-0.41296616,-0.8001005,0.17761096,-0.17253304,0.8341774,0.1697687,-1.4746196,0.17157188,0.21345158,0.8141506,-0.03592049,0.03931275,-0.21511765,0.29325092,0.11311503,0.15474007,-0.14338118,-0.057478916,0.009133407,-0.13526252,-0.06629082,0.0019295184,0.14998288
-0.12384758,-1.6116561,-0.19436193,-0.0059768492,0.009761761,0.09711068,-0.573682,0.12693095,0.087842695,0.29248306,-0.15621528,0.06809021,1.7787691,-0.1766907,-0.12167631,0.6366198,-0.10231118,0.078095675,0.043917015,-0.020664422,0.033166893,0.12852757,0.035478834,-0.17812409,-0.1368958,-0.10091488,-0.091443084,0.04342807,-0.06918387,0.023950966,-0.16081876,-0.025266498,0.0709254,-0.048574798,0.05453039,-0.07956409,-0.0776111,0.047903292,-0.0315439,0.068060234,-0.09456021,-0.36243546,0.07927031,-0.0638137,0.34328634,-0.04892751,0.08791383,0.0027869435,0.09776305,-0.28719378,-0.8356742,0.13083608,-0.059531715,0.8234448,0.20682949,-1.2559953,0.10698697,0.16466647,0.8739132,-0.070759825,0.09835106,-0.18198466,0.2819038,0.098537505,0.14300273,-0.1921643,-0.062950656,0.0077045704,-0.13869084,-0.06652126,-0.0025642419,0.15322044
-0.14805697,-1.7064197,-0.18752815,-0.21379551,-0.034455147,0.0747478,-0.44722977,0.104315415,0.0976835,0.3154523,-0.08792699,0.050883144,2.0133681,-0.15299699,-0.1515427,0.65382457,-0.033655263,0.08390186,0.034204587,-0.014774947,0.026496228,0.09986427,0.04514804,-0.16252509,-0.22063988,-0.11814066,-0.12865952,0.049638476,-0.04274325,0.026558297,-0.16585304,-0.027060186,0.07544297,-0.05738768,0.039711397,-0.06733171,-0.100473195,0.03683063,-0.011922406,0.072190605,-0.05420042,-0.37945127,0.042495605,-0.006580404,0.36425385,-0.04024593,0.07139572,-0.011882818,0.14500676,-0.16377804,-0.8598742,0.07962883,0.06699847,0.80354893,0.23371625,-1.0505023,0.05513428,0.12357337,0.960638,-0.11220405,0.14742441,-0.15373349,0.26558176,0.08695998,0.13512525,-0.23255694,-0.0655311,0.0070947716,-0.1412189,-0.06446945,-0.007348425,0.15526581
-0.1729865,-1.8002236,-0.17609818,-0.41866255,-0.07906463,0.06555075,-0.3030089,0.077078424,0.08858089,0.33908823,-0.013338374,0.032446433,2.1849518,-0.12197678,-0.18959291,0.63821965,0.046618197,0.08440578,0.02672068,-0.010262808,0.018707002,0.059319258,0.04553497,-0.15134716,-0.2732038,-0.12404682,-0.13362786,0.05426493,-0.014315641,0.028816354,-0.16997842,-0.030591648,0.08836117,-0.07787801,0.026076034,-0.058424477,-0.12180123,0.023776136,0.0028309783,0.076452546,-0.01698795,-0.37813202,0.008149261,0.051312648,0.36743408,-0.045609374,0.052563213,-0.021914387,0.18055053,-0.049799617,-0.8718906,0.030586464,0.18919449,0.7781599,0.25890258,-0.8920586,0.016800245,0.092318565,1.0787286,-0.158631,0.17817265,-0.13810906,0.24471968,0.07504838,0.13335177,-0.2588111,-0.06615917,0.007022378,-0.1426492,-0.061208207,-0.010947137,0.15749554
-0.19670814,-1.8823442,-0.15928008,-0.61907035,-0.12100056,0.07505015,-0.14142008,0.043414526,0.054675695,0.3609238,0.06535667,0.017954329,2.302724,-0.08179062,-0.2422686,0.5700873,0.12795207,0.0779731,0.02353279,-0.004890868,0.0075270887,0.010201763,0.032724574,-0.14335012,-0.26585692,-0.116843104,-0.09814611,0.056654453,0.017119676,0.028563606,-0.17057902,-0.040509257,0.10731133,-0.11274321,0.02097139,-0.05444795,-0.13582401,0.000622026,0.011293824,0.08564123,0.020620953,-0.35781732,-0.019909078,0.10787694,0.3473544,-0.06600911,0.032313835,-0.02805623,0.20812654,0.059261985,-0.8619208,-0.017327817,0.30193293,0.740842,0.28976625,-0.80715626,-0.009097077,0.06877747,1.2200571,-0.20245095,0.18689503,-0.14052261,0.22040364,0.061962165,0.13956003,-0.27220795,-0.0655779,0.006967184,-0.14244995,-0.05857313,-0.0128270285,0.1602186
-0.21696997,-1.9389894,-0.13828869,-0.8153852,-0.1592594,0.09895686,0.02647056,0.005410858,0.00091643,0.3802218,0.1437571,0.006671487,2.3582425,-0.028127478,-0.29475918,0.4620363,0.19809024,0.06300302,0.025546562,0.0018218822,-0.003309979,-0.03367237,0.012152416,-0.13607858,-0.19288532,-0.100369774,-0.02992955,0.054222953,0.05010984,0.026345553,-0.16551405,-0.05184072,0.12296639,-0.15637542,0.024209186,-0.055047777,-0.14144106,-0.030522967,0.015870105,0.100393124,0.05819056,-0.32350212,-0.03777117,0.1569268,0.3154362,-0.096356764,0.008301289,-0.03321427,0.23154855,0.15819463,-0.82767844,-0.06306,0.39689773,0.70189726,0.32991102,-0.792447,-0.029744323,0.041247796,1.335428,-0.2417088,0.18081221,-0.1587181,0.19114646,0.05139354,0.14744484,-0.27697617,-0.06391974,0.0064299176,-0.1393216,-0.056364894,-0.01301094,0.16102515
-0.23109592,-1.9725486,-0.11611151,-0.9988719,-0.1915912,0.13233632,0.17844976,-0.029238613,-0.05894289,0.38945842,0.21320863,-0.006900501,2.3477352,0.033582665,-0.32528746,0.37182477,0.25098458,0.04376883,0.02927114,0.00639326,-0.010962811,-0.060936246,-0.007416122,-0.12894422,-0.088922426,-0.08424529,0.045983154,0.04629802,0.07949069,0.022077555,-0.15557766,-0.06576259,0.13038315,-0.19479229,0.030148622,-0.06180274,-0.13629758,-0.05613468,0.020011688,0.120272085,0.093680196,-0.28465188,-0.04567163,0.19158614,0.28153107,-0.1281486,-0.014075032,-0.03960139,0.2513696,0.24585837,-0.77507,-0.10408148,0.47524723,0.6683258,0.37327677,-0.8189841,-0.049611792,0.007886674,1.4500339,-0.2831099,0.17444313,-0.1830778,0.156769,0.031142367,0.15848176,-0.280971,-0.06222208,0.00684442,-0.13535045,-0.05417764,-0.014123347,0.15933287
-0.23578177,-1.9964495,-0.08966387,-1.1685612,-0.2191212,0.16306472,0.3215419,-0.061703738,-0.11883294,0.39146385,0.27494046,-0.024693152,2.270088,0.09947416,-0.3192225,0.28619227,0.294132,0.023358658,0.034147684,0.0060899123,-0.013994949,-0.07033913,-0.018198503,-0.12200062,0.0061056395,-0.067467056,0.11528535,0.035875693,0.104349285,0.018007219,-0.13904832,-0.078337535,0.13156867,-0.21687242,0.036302194,-0.06998758,-0.11997839,-0.07221419,0.02586936,0.14074612,0.12507778,-0.24398649,-0.046778195,0.21641421,0.25365362,-0.15198825,-0.036562286,-0.0480473,0.27094448,0.31671438,-0.7111913,-0.14024316,0.54424864,0.6418431,0.41706765,-0.8804742,-0.06906107,-0.028341947,1.5458137,-0.32156137,0.16598985,-0.21065865,0.12051634,0.008147725,0.17097877,-0.2899083,-0.059694037,0.007259367,-0.13154756,-0.050038885,-0.016170667,0.1541691
-0.22795336,-1.9895035,-0.074332856,-1.1992413,-0.22073315,0.15566213,0.37834033,-0.07210243,-0.15867844,0.3702721,0.30188495,-0.04229592,2.0518928,0.12648097,-0.2750457,0.30872884,0.2951661,0.013973906,0.040413365,0.01861758,-0.011781459,-0.062976204,-0.015410226,-0.1130318,0.11541864,-0.05827257,0.17681198,0.028910758,0.119281285,0.014991273,-0.12914623,-0.089328066,0.12282539,-0.23420955,0.04237582,-0.08286137,-0.09373326,-0.068182394,0.036430832,0.16053754,0.151398,-0.20870554,-0.037713114,0.22287618,0.2409135,-0.16190395,-0.05376231,-0.060461625,0.28749904,0.3635077,-0.66840905,-0.15202355,0.5891515,0.6477073,0.44622836,-0.94506663,-0.08386394,-0.05333803,1.6163731,-0.34514415,0.1530572,-0.23032771,0.089036584,-0.014066766,0.185191,-0.2966587,-0.05722209,0.009514317,-0.13162269,-0.044944007,-0.018067772,0.14854628
-0.21300815,-1.9510784,-0.07816277,-1.1165013,-0.20325173,0.11584194,0.36679065,-0.07052163,-0.17184481,0.33531877,0.30069873,-0.052974634,1.732493,0.13163912,-0.2040075,0.40217784,0.263129,0.011317992,0.048318326,0.0348211,-0.0070095533,-0.026419288,0.0023231439,-0.11080609,0.207184,-0.053831585,0.2147164,0.028966492,0.123607,0.011635301,-0.13229412,-0.10108604,0.11294287,-0.23302464,0.039060164,-0.09154036,-0.06165968,-0.04603547,0.04737247,0.17782132,0.17316352,-0.18556167,-0.023960141,0.21544942,0.24463521,-0.16156055,-0.0655432,-0.073435225,0.3036479,0.38953248,-0.6575654,-0.13720803,0.61485183,0.67974156,0.45648986,-0.9873252,-0.09578451,-0.054718405,1.6735946,-0.34698302,0.1422227,-0.24126743,0.06487864,-0.030562965,0.19888514,-0.2971364,-0.05899434,0.012733783,-0.13619113,-0.044418458,-0.021395987,0.14454196
-0.19834876,-1.8941792,-0.098063126,-0.9927965,-0.17648217,0.070871495,0.33086926,-0.06813894,-0.16987337,0.3044697,0.28700516,-0.054020584,1.3878722,0.13050121,-0.13816181,0.5267415,0.22313647,0.017786508,0.057250813,0.04805537,-0.003872655,0.020606719,0.02442408,-0.11741629,0.24123235,-0.049579743,0.22375539,0.03457853,0.121948674,0.009027779,-0.14103134,-0.116778255,0.111042894,-0.21402684,0.027241414,-0.09018267,-0.032398015,-0.020310583,0.05366679,0.18894114,0.18803808,-0.17769897,-0.008672691,0.20050864,0.25719047,-0.15815915,-0.07353184,-0.08055454,0.31610757,0.39645445,-0.67018276,-0.10659989,0.61584663,0.7159566,0.4478147,-1.017936,-0.09694528,-0.030434541,1.7119735,-0.32545277,0.13312754,-0.24502578,0.057446856,-0.03783133,0.21241222,-0.2948706,-0.062659755,0.015174236,-0.14186235,-0.048087366,-0.024213647,0.14122249
-0.18909262,-1.8320819,-0.12660562,-0.867459,-0.14721712,0.03455349,0.2983221,-0.067908585,-0.16368619,0.2831018,0.2680683,-0.04934832,1.0565759,0.13217328,-0.09023435,0.67910624,0.18990597,0.028503519,0.067970835,0.052943558,-0.0011434276,0.06133211,0.043952588,-0.12415169,0.22027305,-0.043808118,0.21086113,0.04133593,0.11550913,0.008173344,-0.13914843,-0.12899669,0.11455876,-0.18568535,0.009603724,-0.0796305,-0.012343957,0.0003571438,0.053945202,0.19502941,0.19643173,-0.18926093,0.012039166,0.171512,0.2796958,-0.15306975,-0.07755913,-0.07842812,0.31932724,0.38468924,-0.7038008,-0.064590804,0.57729477,0.7565633,0.4270603,-1.0406576,-0.08787791,0.009272485,1.7127115,-0.287872,0.1245309,-0.24132195,0.06527353,-0.03541284,0.2207225,-0.29185936,-0.06683188,0.015441477,-0.14657368,-0.0548717,-0.02429587,0.1387387
-0.1849829,-1.7755437,-0.15224898,-0.77369934,-0.12424193,0.015526021,0.28492627,-0.07079693,-0.1583845,0.2729294,0.25003296,-0.044971347,0.7918426,0.13922435,-0.062943056,0.87505955,0.17660533,0.0413725,0.07617024,0.048121583,-0.00065423286,0.083856545,0.058235735,-0.12136982,0.1630953,-0.034882873,0.18453008,0.04648479,0.107190214,0.0077678347,-0.12319735,-0.13312699,0.118293144,-0.15603384,-0.007862613,-0.06677245,-0.0060601267,0.012989581,0.04734135,0.19384462,0.19113904,-0.21562205,0.036208816,0.13580696,0.30468538,-0.1445955,-0.07825627,-0.065040424,0.30833867,0.35004443,-0.7418078,-0.018173896,0.50388616,0.7931648,0.39729714,-1.061163,-0.06870926,0.06249203,1.6557232,-0.23430769,0.116563804,-0.23161258,0.084058255,-0.018837716,0.21994905,-0.28549725,-0.07193057,0.014040586,-0.15098633,-0.06491517,-0.021586215,0.13888119
-0.18301485,-1.7376916,-0.16135862,-0.7319993,-0.11528507,0.012616713,0.29098937,-0.07375352,-0.15514371,0.27318022,0.23585533,-0.04371904,0.6339467,0.1476244,-0.053954296,1.1008272,0.19807926,0.056901455,0.079177484,0.033029374,-0.0017799953,0.06947471,0.06639376,-0.09854813,0.08939909,-0.02110884,0.15807013,0.046297166,0.09859096,0.0073146685,-0.096288696,-0.12507492,0.11645325,-0.13384202,-0.019856889,-0.056898043,-0.0132874735,0.012905326,0.035046156,0.18040085,0.16727595,-0.25312644,0.059499465,0.09779363,0.33165267,-0.12583393,-0.07951195,-0.04015121,0.27879944,0.28062603,-0.7678623,0.024529802,0.3998231,0.8215405,0.3604077,-1.0989147,-0.03451637,0.11461073,1.4933164,-0.17075056,0.10332758,-0.2185784,0.113528445,0.022265906,0.20248938,-0.27622712,-0.07450853,0.011353599,-0.15281558,-0.07331915,-0.01549923,0.13939977
-0.17969583,-1.6959887,-0.16752517,-0.6369931,-0.10490271,-0.007307319,0.20507355,-0.04894802,-0.13605262,0.27445787,0.1933668,-0.045824178,0.5359512,0.11376607,-0.056602582,1.4320903,0.20881125,0.08235628,0.07605859,0.023980172,-0.0053128065,0.0052177324,0.07788957,-0.050547373,0.06779349,-0.020608038,0.14445597,0.048816018,0.08168172,0.0035037624,-0.077202104,-0.10810732,0.10379902,-0.13973805,-0.017777367,-0.05965629,-0.031248044,0.0038419499,0.02623826,0.1560425,0.13044256,-0.2950351,0.08222481,0.046695802,0.3543026,-0.10464439,-0.08066755,-0.0046663466,0.23478544,0.18361501,-0.7868336,0.08079607,0.26196584,0.8617609,0.31263798,-1.164001,0.013262915,0.17234349,1.3149849,-0.10427689,0.08271006,-0.20096031,0.1518762,0.066328645,0.17831825,-0.25998923,-0.07418898,0.01244253,-0.15394704,-0.07863162,-0.009537498,0.14121722
-0.17747435,-1.6316323,-0.17986508,-0.5408794,-0.10109701,-0.03234548,0.03997603,-0.0068041077,-0.10063349,0.29185253,0.13553105,-0.044236265,0.55916196,0.06228631,-0.06749604,1.7672944,0.2081863,0.10693532,0.06464193,0.01627244,-0.010771473,-0.09193277,0.09786902,0.00931706,0.06799561,-0.033077504,0.13060229,0.054181512,0.06069454,-0.004735067,-0.072562926,-0.087930724,0.087528355,-0.15257168,-0.007682714,-0.06979052,-0.058409136,-0.0101665165,0.020073919,0.12096957,0.08088172,-0.33292863,0.094587,0.004432522,0.3702854,-0.08653612,-0.08370118,0.031892776,0.18413673,0.064964175,-0.79417837,0.12979117,0.13356082,0.89781904,0.25810465,-1.2373735,0.070906036,0.21447234,1.1222576,-0.053284977,0.06613879,-0.1838625,0.1903386,0.110984914,0.14618516,-0.23910643,-0.07184538,0.015435395,-0.15365355,-0.08062616,-0.006557417,0.14207576
-0.17632416,-1.5566462,-0.19908068,-0.45798028,-0.09984666,-0.05229701,-0.17204255,0.04513501,-0.067743026,0.3294284,0.07008489,-0.034043804,0.6610817,0.0019659898,-0.084315404,2.043816,0.20168197,0.1397332,0.047628038,0.010050253,-0.01309751,-0.20486535,0.116663955,0.06389947,0.05145186,-0.043969307,0.114752024,0.059374724,0.037964705,-0.0122650415,-0.078349315,-0.06786854,0.07179794,-0.16401273,0.0041126856,-0.08178854,-0.094049215,-0.024453998,0.0156248715,0.07577905,0.018884493,-0.36253592,0.091968246,-0.021309534,0.38262334,-0.07547974,-0.085178465,0.059563983,0.12572941,-0.06961895,-0.7887921,0.1579845,0.028967395,0.9223404,0.19480935,-1.340163,0.15400445,0.22771466,0.9092951,-0.02430879,0.05291882,-0.17139131,0.22943515,0.15382357,0.114331394,-0.22097348,-0.06481317,0.017621132,-0.15082227,-0.07720588,-0.003962612,0.1393447
-0.17112653,-1.4878472,-0.22317104,-0.35430402,-0.087324664,-0.05766289,-0.40069512,0.09903428,-0.052329797,0.36958036,-0.002636778,-0.017930811,0.73969895,-0.06725005,-0.095951505,2.2125862,0.17527771,0.17284797,0.031583842,0.006048935,-0.010097902,-0.2905779,0.12529784,0.08828954,0.010952162,-0.050212365,0.09738502,0.06361344,0.011632692,-0.016454138,-0.09284205,-0.052129503,0.056934956,-0.16605797,0.016715756,-0.09474647,-0.12906827,-0.029471956,0.011483969,0.0303988,-0.04596002,-0.37312564,0.08330845,-0.040485404,0.38418162,-0.078011386,-0.07812942,0.074637376,0.061509933,-0.20401277,-0.7712431,0.16846925,-0.059612084,0.92737234,0.12788711,-1.4448141,0.24349004,0.22051413,0.7167885,-0.0104048615,0.046096273,-0.16422138,0.26091886,0.18396789,0.09497394,-0.20381932,-0.057597186,0.017926853,-0.14899983,-0.0728445,-0.0015338387,0.13530156
-0.15658726,-1.4376476,-0.24613826,-0.21101792,-0.0582189,-0.040735047,-0.62839943,0.14415252,-0.05988993,0.40466985,-0.07967901,-0.0010218839,0.71920276,-0.13806899,-0.09050853,2.2820766,0.11838575,0.20738311,0.018358128,0.0047798553,-0.0012725542,-0.30195603,0.12125707,0.06638151,-0.041918118,-0.043250125,0.08158776,0.0650057,-0.018544305,-0.015909957,-0.118974976,-0.047318004,0.045167245,-0.15717219,0.028056297,-0.10842446,-0.15931368,-0.0116885435,0.005372941,-0.010206024,-0.11622288,-0.35562998,0.07539518,-0.05247474,0.36845762,-0.096610986,-0.059497323,0.077523306,-0.0074113356,-0.33304018,-0.7332505,0.17156626,-0.13460408,0.9058366,0.06415865,-1.5316186,0.3213638,0.21826862,0.57490057,0.00082434266,0.04681892,-0.16507496,0.2828621,0.20114614,0.09585329,-0.18257909,-0.053846672,0.015916493,-0.15158619,-0.07121364,0.0014939718,0.133057
-0.13325623,-1.4081745,-0.2619228,-0.0315693,-0.014705641,-0.00026132085,-0.84989595,0.17972474,-0.08743936,0.42401174,-0.15798306,0.01688924,0.5980619,-0.20332654,-0.06858239,2.282581,0.034489814,0.24014048,0.010821121,0.005646424,0.015073466,-0.22666088,0.1050073,0.0026469792,-0.08657701,-0.020709176,0.07058084,0.059383564,-0.05035452,-0.008576557,-0.15469675,-0.05083988,0.03774741,-0.1413094,0.03429909,-0.11711896,-0.17375487,0.029652089,-0.0046682092,-0.04147002,-0.1808072,-0.31483996,0.07358161,-0.06612092,0.3408522,-0.12209444,-0.03118857,0.07176414,-0.07745919,-0.44682002,-0.67656446,0.17388777,-0.20416318,0.86174464,0.009808789,-1.604354,0.3817587,0.22511685,0.48675925,0.011536275,0.0454646,-0.17314467,0.2989074,0.2127459,0.11203907,-0.15742274,-0.05314604,0.013041967,-0.15679999,-0.07197173,0.0054123127,0.13240185
-0.1065148,-1.3970808,-0.26938435,0.16500711,0.034063093,0.05567214,-1.051791,0.2076014,-0.12002151,0.42288798,-0.2337853,0.033108026,0.42359713,-0.2609094,-0.036258597,2.2250085,-0.062760904,0.257888,0.01114243,0.0039846194,0.032435596,-0.09662813,0.08606772,-0.08519643,-0.11319705,0.0042099655,0.061108977,0.05060729,-0.0833807,0.0010076974,-0.19232485,-0.0603731,0.039189145,-0.122796394,0.035693984,-0.118220285,-0.17304568,0.08066377,-0.017000878,-0.058241896,-0.22186504,-0.26332402,0.08161165,-0.09490986,0.30218798,-0.15467389,0.0033330626,0.06577781,-0.13625476,-0.5231802,-0.6110844,0.18880063,-0.27591106,0.80740297,-0.030474333,-1.6664169,0.41588464,0.25241852,0.5191989,0.020065771,0.03962459,-0.18756407,0.3115523,0.20547287,0.1432422,-0.13060842,-0.05298836,0.011958127,-0.16098619,-0.07338298,0.0072246897,0.1321868
-0.082737856,-1.380582,-0.26853558,0.3278687,0.074287154,0.11656589,-1.1988827,0.22571161,-0.14321682,0.4066887,-0.29257882,0.047179345,0.29298958,-0.29993162,-0.008252207,2.0951574,-0.14856492,0.2494256,0.015568748,-0.00020914219,0.04576631,0.035064436,0.06996693,-0.16883722,-0.12218844,0.020355437,0.052085623,0.039113283,-0.1098536,0.009990006,-0.21776587,-0.07054603,0.05078382,-0.10461401,0.03668302,-0.112462156,-0.16093826,0.1247998,-0.03333965,-0.06387672,-0.24470887,-0.21394113,0.09488136,-0.12619007,0.26084968,-0.18112527,0.037327677,0.0627359,-0.18141048,-0.5787666,-0.5507237,0.20549211,-0.33349642,0.75191694,-0.058562335,-1.7115607,0.4330835,0.2810024,0.5994719,0.020598035,0.02789103,-0.20444651,0.32267493,0.18929209,0.17306842,-0.10428534,-0.049468055,0.011942949,-0.16050054,-0.07110874,0.007864698,0.13131526
-0.06542264,-1.366934,-0.26002833,0.44434494,0.09979652,0.16220719,-1.2652459,0.2357213,-0.14968146,0.37629583,-0.33071846,0.059657525,0.2247624,-0.31946737,0.0112169515,1.899512,-0.2048774,0.22290348,0.023751447,-0.007041562,0.055911284,0.13320239,0.05838682,-0.22735734,-0.11195389,0.026711566,0.047890205,0.026531039,-0.12735063,0.018546568,-0.22354878,-0.07108432,0.06425239,-0.09271109,0.03825332,-0.103466004,-0.14106977,0.15297708,-0.050535638,-0.061913826,-0.2534551,-0.18180433,0.10704686,-0.15268077,0.23294665,-0.19071646,0.06694034,0.05977936,-0.20921351,-0.6207602,-0.5147886,0.21951674,-0.36507973,0.7181174,-0.08063636,-1.755509,0.45063108,0.30040866,0.66763055,0.016332703,0.0077690873,-0.22157888,0.3325218,0.17395863,0.19164544,-0.08226811,-0.040802848,0.01199789,-0.15361412,-0.06462282,0.009069469,0.12954897
-0.054938443,-1.3667696,-0.24741726,0.5157289,0.11227877,0.18523505,-1.2403423,0.23653206,-0.13040231,0.33383784,-0.34830517,0.068915986,0.23019674,-0.32058528,0.018346654,1.6247681,-0.23243658,0.18147255,0.034812056,-0.016595948,0.06182781,0.19020854,0.05032918,-0.26052636,-0.08655152,0.015873246,0.047129624,0.017906312,-0.13676211,0.024951043,-0.2143132,-0.060574614,0.0740369,-0.08407234,0.044470627,-0.09727576,-0.113123424,0.1616599,-0.06566507,-0.051909503,-0.24924874,-0.16951089,0.11811034,-0.17478894,0.21712619,-0.18607014,0.091116525,0.05791853,-0.21393232,-0.6474356,-0.51354414,0.23048574,-0.37644565,0.7103152,-0.09255983,-1.7929214,0.4572386,0.31107518,0.7229683,0.00994328,-0.01614333,-0.23821138,0.33713856,0.1584141,0.19964786,-0.06490931,-0.031967305,0.012725917,-0.14346959,-0.05787577,0.009573721,0.12860475
-0.051949162,-1.3900536,-0.23417601,0.5376113,0.116132915,0.1877106,-1.1548299,0.22879532,-0.09079037,0.2972383,-0.34853253,0.07498194,0.32956055,-0.30230504,0.011950917,1.3100002,-0.23849522,0.14116126,0.044226263,-0.028217206,0.06602993,0.21422687,0.043868013,-0.27300406,-0.052208237,-0.0040758555,0.048893042,0.015420479,-0.14055163,0.02985196,-0.19783075,-0.045495644,0.07878479,-0.07733714,0.05458915,-0.09820798,-0.08412505,0.15737852,-0.07650526,-0.036899474,-0.24347228,-0.17406014,0.12702551,-0.18707135,0.21414751,-0.17210558,0.10908272,0.055454157,-0.19704178,-0.66268545,-0.54139125,0.23857248,-0.37306845,0.72726864,-0.0828107,-1.8224126,0.44404152,0.31232944,0.75647134,0.0036582577,-0.035019867,-0.25348634,0.33562258,0.14487423,0.19980258,-0.05473768,-0.02637233,0.013475194,-0.13424203,-0.052707646,0.009636373,0.12910043
-0.056253433,-1.4331928,-0.22369772,0.51713,0.11528059,0.17267606,-1.038094,0.21655482,-0.038045842,0.27159443,-0.33509654,0.08013805,0.5205876,-0.27009773,-0.006432088,1.0151635,-0.23365556,0.10887093,0.051367614,-0.03812605,0.06862683,0.2178157,0.038346697,-0.26819,-0.01921033,-0.02588715,0.044800125,0.018526329,-0.13897799,0.033106133,-0.18220049,-0.030895445,0.08021934,-0.07002934,0.062174264,-0.10215132,-0.057071462,0.14631647,-0.08176246,-0.016504854,-0.23241872,-0.19390315,0.13240284,-0.1893936,0.2240916,-0.15015386,0.12125917,0.049893472,-0.15868032,-0.6526499,-0.5926695,0.24087186,-0.3541391,0.7624954,-0.043420967,-1.8247961,0.40493307,0.3004167,0.7779152,-0.004833448,-0.041548762,-0.26264864,0.3278548,0.13160771,0.19425745,-0.055951487,-0.027520359,0.014454238,-0.12953831,-0.051684175,0.008774074,0.13262917
-0.06799427,-1.4941149,-0.21762064,0.44301993,0.10625041,0.14302266,-0.91693115,0.2013425,0.016524626,0.26320896,-0.3077458,0.08730234,0.80304164,-0.22991401,-0.034795117,0.8105763,-0.21995886,0.09053944,0.05435829,-0.043176793,0.06784102,0.20706196,0.03523864,-0.24921015,-0.011172258,-0.046146404,0.023628952,0.025836203,-0.13021381,0.03376789,-0.17064975,-0.024407133,0.081344575,-0.061631933,0.06497538,-0.103665,-0.040094066,0.12920934,-0.079840556,0.008852495,-0.20941022,-0.23050898,0.13027714,-0.17649281,0.24667598,-0.12416265,0.1288722,0.03791782,-0.100044735,-0.59751576,-0.661376,0.2307766,-0.30873534,0.7996982,0.020831285,-1.7692689,0.3404732,0.2726309,0.80790716,-0.019902611,-0.028223969,-0.2600595,0.3166203,0.11646638,0.18615735,-0.076066315,-0.03445855,0.014912133,-0.13004129,-0.05422619,0.0068299375,0.13874237
-0.08609735,-1.5654519,-0.213885,0.32043386,0.08842861,0.10951834,-0.8008764,0.18208641,0.061464116,0.26669642,-0.2673954,0.09481279,1.1402667,-0.19239758,-0.069698974,0.70192814,-0.19477078,0.084820606,0.051928982,-0.040590618,0.063249454,0.18890272,0.03349684,-0.22342005,-0.03622973,-0.064581335,-0.015757335,0.03400028,-0.11371894,0.0323463,-0.1634976,-0.023985337,0.07917992,-0.054412898,0.06271641,-0.0972978,-0.038178872,0.10661013,-0.07080746,0.032971926,-0.17688787,-0.27714908,0.11686234,-0.14521971,0.27868512,-0.09373852,0.13014367,0.020574253,-0.02870047,-0.50585026,-0.7315883,0.20370841,-0.23186125,0.82162,0.09717581,-1.6286145,0.25686663,0.22973809,0.82378757,-0.036719542,0.009455356,-0.24173428,0.3034791,0.10574361,0.17459603,-0.11244545,-0.044303793,0.014478394,-0.1337164,-0.05839473,0.0039831125,0.1458629
-0.10912524,-1.6537865,-0.20961885,0.15587515,0.059164483,0.08245186,-0.6847338,0.15961796,0.09528409,0.27621037,-0.21580036,0.09497508,1.4746711,-0.16171056,-0.10142869,0.6763467,-0.15396723,0.086236864,0.04559143,-0.034808367,0.05623754,0.16622709,0.03614513,-0.19767629,-0.10139973,-0.08605312,-0.07033488,0.039800167,-0.09234993,0.030899016,-0.16174778,-0.027728185,0.07578571,-0.04964922,0.052980162,-0.08418625,-0.05007676,0.08812751,-0.055606563,0.050935697,-0.139426,-0.32711518,0.092785805,-0.101672165,0.3158871,-0.06295023,0.12681666,0.00081407354,0.040717416,-0.39219156,-0.79244334,0.16379377,-0.12747754,0.82680357,0.16329032,-1.3981876,0.16766502,0.18298544,0.8501542,-0.0598517,0.072589114,-0.208127,0.28974873,0.094001174,0.16072018,-0.15818581,-0.05383839,0.013306419,-0.13818924,-0.061908573,0.00021023197,0.152439
-0.13507202,-1.7566392,-0.20408009,-0.04157773,0.018208712,0.06503989,-0.56133425,0.13271464,0.1160709,0.29422775,-0.15232535,0.08250026,1.7671664,-0.13767052,-0.1301897,0.6868961,-0.097424164,0.09007966,0.03686091,-0.026983382,0.04608536,0.13830258,0.041799445,-0.17759034,-0.18681873,-0.107091926,-0.12222892,0.043929238,-0.06655092,0.02975564,-0.16253607,-0.029780686,0.07405928,-0.050187357,0.03872776,-0.06904708,-0.072670266,0.070964195,-0.03544247,0.06023896,-0.10221645,-0.36822563,0.06023195,-0.043033842,0.34881297,-0.039643697,0.11395059,-0.015395289,0.10040456,-0.27277723,-0.8374999,0.11593077,-0.0010556713,0.81653184,0.20684607,-1.1454847,0.09226443,0.1440668,0.8953867,-0.086954124,0.13790101,-0.17104727,0.27630726,0.08692086,0.14671002,-0.20310485,-0.060722236,0.011872055,-0.1420447,-0.06330335,-0.0044041746,0.15722954
-0.16155916,-1.859362,-0.19644599,-0.25812516,-0.030002728,0.060057264,-0.42583868,0.10213793,0.11929544,0.3217049,-0.07838205,0.059182685,2.0146234,-0.11393763,-0.16406067,0.6837022,-0.024823561,0.0899843,0.028446553,-0.019686593,0.03361937,0.10051662,0.041834928,-0.16398431,-0.26048318,-0.11944122,-0.15100217,0.046188287,-0.038259786,0.02950367,-0.1647734,-0.028279291,0.07814009,-0.059844974,0.023336168,-0.055757225,-0.10043941,0.05374904,-0.01714276,0.061438188,-0.07100772,-0.39131638,0.024834488,0.023106443,0.37086213,-0.028625114,0.09223917,-0.023211127,0.14086445,-0.16775033,-0.864371,0.06486375,0.12681632,0.79853016,0.22666897,-0.934959,0.044677503,0.1078041,0.9584759,-0.122850165,0.18663022,-0.14160731,0.26374224,0.085587405,0.13452467,-0.23923971,-0.064179085,0.00979294,-0.14437093,-0.061871666,-0.0078903055,0.15992698
-0.18585046,-1.9387852,-0.18675302,-0.47199506,-0.07685915,0.06701042,-0.26915503,0.066748194,0.102168575,0.3515301,0.0024345857,0.033343446,2.1817646,-0.08205875,-0.20248231,0.6425266,0.057235334,0.083359696,0.023630688,-0.014380605,0.020012533,0.04649636,0.036422912,-0.1515921,-0.29377732,-0.119568534,-0.14104924,0.048046585,-0.008018876,0.028449083,-0.16523935,-0.030213498,0.09145616,-0.081667535,0.010096166,-0.047181856,-0.12635294,0.035710365,-0.0062822555,0.06306405,-0.039338432,-0.39136013,-0.005179483,0.08180572,0.37373134,-0.037163462,0.06768413,-0.025097657,0.16367717,-0.07130288,-0.86800575,0.021114593,0.2365007,0.7781322,0.23664743,-0.8016153,0.019763885,0.08188934,1.0606227,-0.16430014,0.21128856,-0.13008113,0.24867882,0.08333967,0.13016647,-0.2615145,-0.06578576,0.008286459,-0.14463669,-0.060110915,-0.0102775935,0.16188303
-0.20528786,-1.9889444,-0.17364655,-0.6861498,-0.12342368,0.08003089,-0.0960395,0.02741742,0.061169647,0.3762111,0.08676031,0.0116383685,2.2836509,-0.035953876,-0.24904284,0.5605194,0.13665587,0.07210532,0.022559518,-0.010162777,0.0062654875,-0.014005651,0.024288794,-0.13849394,-0.26550496,-0.10858501,-0.0914682,0.049144108,0.024881613,0.026531832,-0.16195983,-0.03952415,0.111081116,-0.11760019,0.006160057,-0.044165976,-0.14176336,0.008808315,0.0003790983,0.07341823,0.0015752371,-0.36817837,-0.027647017,0.13184154,0.35521394,-0.06418308,0.03971555,-0.026047893,0.18404055,0.035079457,-0.8461648,-0.019088874,0.3342547,0.75079376,0.25768375,-0.7617766,0.0072043426,0.06286146,1.2118584,-0.20931707,0.21030718,-0.14037283,0.2266377,0.07358488,0.13760784,-0.27420428,-0.06603309,0.0075005754,-0.14336203,-0.058943823,-0.011852586,0.16382723
-0.21949312,-2.0115745,-0.15572748,-0.88631135,-0.16293043,0.10300053,0.07939439,-0.013067874,-0.0010293345,0.38713998,0.16683426,-0.0026509354,2.3179595,0.022084536,-0.29204106,0.4458543,0.2039891,0.056186248,0.025600895,-0.004757455,-0.0037033877,-0.0595622,0.0070127877,-0.12729944,-0.17345831,-0.09061665,-0.012405835,0.04694633,0.058725446,0.024313362,-0.15334675,-0.05198865,0.12472811,-0.16224833,0.012430938,-0.04597854,-0.14117886,-0.023643766,0.0060666874,0.09501279,0.051422887,-0.3277083,-0.04004954,0.17024592,0.32263014,-0.09896559,0.011410597,-0.03154734,0.21271794,0.14867795,-0.8022285,-0.05918594,0.4206489,0.7157075,0.30402252,-0.79126906,-0.012158963,0.040660203,1.3601388,-0.24923901,0.1952986,-0.16679268,0.19439743,0.059746604,0.15110315,-0.27978027,-0.0654637,0.0073154187,-0.13991034,-0.058158047,-0.013185929,0.1642497
-0.22746423,-2.0258245,-0.13291095,-1.061958,-0.19471273,0.13335653,0.2401859,-0.04886219,-0.06809725,0.38180608,0.23521523,-0.01649116,2.283717,0.08442137,-0.31058833,0.3322799,0.2562848,0.03442093,0.030766787,-0.0013369507,-0.008199213,-0.07968243,-0.0073103346,-0.119228005,-0.052709777,-0.07465331,0.071819626,0.041565314,0.08772332,0.022122461,-0.1418758,-0.06689518,0.1290354,-0.20127118,0.022626411,-0.053325385,-0.12085917,-0.048463713,0.013163601,0.123309724,0.10224704,-0.2780615,-0.043020677,0.19166686,0.28483942,-0.13010706,-0.013100224,-0.041694306,0.24497794,0.2536936,-0.7402683,-0.096014395,0.49245906,0.68044555,0.3624873,-0.8523651,-0.04175993,0.014144641,1.4961675,-0.28393763,0.18000223,-0.19838059,0.15517235,0.036163937,0.16673656,-0.28304076,-0.0646459,0.008370028,-0.13598536,-0.056831926,-0.015561762,0.16260399
-0.22706893,-2.0343106,-0.10880943,-1.1773816,-0.21355939,0.1519109,0.36335972,-0.0743876,-0.12656824,0.36161584,0.28517142,-0.03334709,2.1565797,0.13207626,-0.29300478,0.25315034,0.28570017,0.013649884,0.037225258,0.0046029547,-0.007912186,-0.072747886,-0.013861615,-0.11514227,0.07069963,-0.061049636,0.14758535,0.035427447,0.109616145,0.019858183,-0.13162552,-0.08103792,0.12442629,-0.22680494,0.03294933,-0.064826176,-0.08727289,-0.061695244,0.02526729,0.15164904,0.14490761,-0.22828245,-0.039061476,0.20477828,0.25442117,-0.14938293,-0.037707694,-0.054659195,0.27877375,0.3345665,-0.6783285,-0.12390848,0.5553192,0.65800357,0.418831,-0.9355631,-0.073440276,-0.012588443,1.5984838,-0.30907863,0.16192035,-0.22888309,0.11516873,0.010407019,0.1820931,-0.2875976,-0.063127086,0.010287143,-0.13411756,-0.05313596,-0.018830813,0.15799758
-0.2182519,-2.0319839,-0.08934521,-1.2106271,-0.21627134,0.1525726,0.43940228,-0.08718336,-0.16713433,0.33003098,0.31412977,-0.050142754,1.9397768,0.16031347,-0.24752265,0.23324706,0.2943585,6.783641e-05,0.046897795,0.0141902305,-0.005453633,-0.0461958,-0.011636106,-0.11458205,0.17127907,-0.048901882,0.20355496,0.028499916,0.12301467,0.016898986,-0.123811305,-0.09247102,0.1145163,-0.23332366,0.03668666,-0.07408353,-0.046962503,-0.058447063,0.037861176,0.17386305,0.17455567,-0.19175588,-0.027854154,0.207367,0.24284348,-0.15137298,-0.0587329,-0.06600101,0.3046563,0.37777317,-0.6367773,-0.13364926,0.5958409,0.6598783,0.4534503,-1.0182191,-0.095232114,-0.034708466,1.6577687,-0.32322088,0.1444052,-0.250579,0.08367781,-0.011015869,0.19461103,-0.29282925,-0.061206847,0.011917502,-0.13497224,-0.047849607,-0.021331836,0.1511443
-0.20573272,-2.0112586,-0.08106841,-1.1630347,-0.20396872,0.13195801,0.47284532,-0.091594554,-0.18857525,0.29559022,0.323364,-0.059935354,1.6360433,0.17510408,-0.1885148,0.2945957,0.28443697,-0.0011077607,0.058728494,0.025081286,-0.0030299183,-0.016816204,0.0037375216,-0.11328458,0.22970389,-0.039182916,0.23623618,0.024359902,0.12859063,0.012956972,-0.117792964,-0.10581183,0.107365355,-0.22123253,0.029816618,-0.07783455,-0.010097193,-0.04414334,0.04704282,0.18833351,0.19236207,-0.17402516,-0.0108970255,0.19804193,0.24705265,-0.14449501,-0.0741373,-0.07309264,0.31811628,0.39045927,-0.62358314,-0.11985521,0.60629845,0.6821851,0.46232426,-1.077396,-0.1039169,-0.034935385,1.6904188,-0.31813264,0.13200253,-0.2617844,0.06568439,-0.025329133,0.20729434,-0.29655582,-0.06002051,0.013239225,-0.1379302,-0.044193894,-0.023239909,0.1437835
-0.19481146,-1.97327,-0.08560289,-1.0523834,-0.18154271,0.0943138,0.46584278,-0.08947679,-0.19512966,0.26268,0.3138183,-0.0622261,1.2889414,0.17600185,-0.13513751,0.45261335,0.25823876,0.0077258027,0.070506714,0.03508531,-0.0019774255,0.009720986,0.025329707,-0.109979875,0.2477184,-0.03246092,0.24496245,0.024634715,0.12698488,0.009135891,-0.11017735,-0.11749597,0.104557976,-0.19843984,0.015890615,-0.076473825,0.017939622,-0.02785124,0.05362406,0.19650517,0.20054117,-0.17526937,0.010131074,0.17838733,0.2633902,-0.13280667,-0.08559646,-0.07334998,0.32140303,0.3842689,-0.6375007,-0.08762537,0.58665425,0.7175139,0.45132467,-1.1052718,-0.09913016,-0.009799685,1.6934501,-0.29111403,0.12489142,-0.26199928,0.062059514,-0.02904848,0.21875353,-0.29680306,-0.060827833,0.013837406,-0.14312239,-0.045623384,-0.023874706,0.13877842
-0.1894551,-1.9221698,-0.10180376,-0.9160578,-0.15368937,0.056520846,0.41790178,-0.083507374,-0.19192734,0.24421331,0.28839642,-0.058881093,0.959331,0.16732612,-0.09606887,0.7229618,0.22886997,0.027535154,0.07811847,0.039855815,-0.002138341,0.031972315,0.046359215,-0.10410411,0.22741868,-0.025855608,0.22918887,0.0297487,0.11847172,0.0061492855,-0.100693986,-0.1263565,0.10418109,-0.17219275,-0.0007443121,-0.07093096,0.030064743,-0.012313532,0.056323275,0.19950725,0.1976111,-0.19446287,0.03378952,0.14968841,0.28631756,-0.122340254,-0.09272421,-0.0655803,0.3165644,0.36289307,-0.67209524,-0.043834172,0.5346655,0.7554899,0.43049416,-1.1103929,-0.08788536,0.038701523,1.6695493,-0.24433307,0.122340254,-0.25231344,0.072046824,-0.020769166,0.22456868,-0.29242656,-0.06493831,0.014245867,-0.14907321,-0.05412631,-0.023578126,0.1372353
-0.18960588,-1.8635944,-0.124851316,-0.78987366,-0.13038388,0.026405677,0.34100103,-0.075789034,-0.17894119,0.244021,0.25445852,-0.057677105,0.71190065,0.15044358,-0.072435915,1.0585552,0.2087571,0.054499894,0.07930527,0.037809514,-0.005749962,0.037522916,0.06357532,-0.089353085,0.18090262,-0.020053927,0.19634916,0.037424434,0.105533026,0.0030605115,-0.08965087,-0.12852408,0.10223909,-0.14996153,-0.0138542885,-0.06413022,0.025828065,-0.003403078,0.05307719,0.19258994,0.17709666,-0.22530942,0.05534611,0.12074476,0.31036028,-0.10937811,-0.09909038,-0.046979114,0.29855204,0.315797,-0.70903575,0.0034177033,0.45478138,0.7899068,0.39796785,-1.099976,-0.06772247,0.10206678,1.5668086,-0.17826454,0.11876525,-0.23464204,0.0941219,0.008705129,0.21582815,-0.28147724,-0.069409415,0.013440718,-0.1536435,-0.06565236,-0.020267965,0.13849366
-0.193071,-1.7957537,-0.15036744,-0.6691498,-0.11311981,-0.0005841207,0.22700901,-0.058675535,-0.15315302,0.25398728,0.21031001,-0.058517303,0.554482,0.11760877,-0.05876609,1.4114932,0.19833103,0.082581416,0.0751007,0.0326165,-0.010406506,0.019696884,0.076104045,-0.06335503,0.13250077,-0.017018903,0.161915,0.04500317,0.08907085,-0.00040715074,-0.08268517,-0.12163447,0.09528669,-0.1404003,-0.019000629,-0.060711823,0.008793067,-0.0013913182,0.04581028,0.17459534,0.14226654,-0.26535437,0.07324687,0.08891015,0.33680734,-0.09175133,-0.104025535,-0.019746322,0.26866728,0.24028116,-0.7439881,0.05182178,0.35210198,0.8288165,0.3577416,-1.1070659,-0.03486774,0.1650659,1.3866874,-0.10773546,0.10753308,-0.21383235,0.12609562,0.057050493,0.19280604,-0.2631484,-0.07271987,0.013089895,-0.1567717,-0.07621818,-0.014979787,0.14097191
-0.19611086,-1.7173083,-0.17796671,-0.561972,-0.10254276,-0.019556377,0.077218294,-0.030403523,-0.1203619,0.2739303,0.15872824,-0.059347514,0.5099836,0.071353294,-0.055810317,1.723652,0.19057606,0.10861848,0.06770448,0.026630832,-0.016442014,-0.03289286,0.08792314,-0.027492175,0.08949044,-0.020960394,0.13159445,0.05180345,0.06990386,-0.0057080025,-0.08163808,-0.10859134,0.08510938,-0.14089392,-0.014941525,-0.061797753,-0.01862578,-0.0054585547,0.037941102,0.14572334,0.09983968,-0.30688122,0.08534776,0.05500637,0.36111,-0.07520581,-0.10646168,0.012421473,0.22890395,0.14036535,-0.768144,0.09886666,0.24132478,0.8677685,0.3083648,-1.1551735,0.012158373,0.21781966,1.2036635,-0.05200766,0.090373255,-0.19400878,0.16465229,0.10661312,0.16319914,-0.24320793,-0.073389605,0.01447856,-0.157585,-0.08304592,-0.010326777,0.14313921
-0.1975642,-1.6341094,-0.20815575,-0.46602333,-0.09731954,-0.036412645,-0.10072066,0.010636058,-0.087071165,0.30191618,0.101443,-0.054308385,0.5439115,0.018092984,-0.062012058,1.9684956,0.18425703,0.13606739,0.057156287,0.021669319,-0.02015277,-0.11488415,0.102841474,0.017010948,0.056379937,-0.028623372,0.11137835,0.056217264,0.049635272,-0.011401835,-0.08498402,-0.09019328,0.07312778,-0.14782749,-0.005243384,-0.0683936,-0.052657627,-0.014030693,0.030056205,0.105126806,0.04845481,-0.34226096,0.08835088,0.025673635,0.3808316,-0.06210876,-0.10511151,0.041852422,0.17611668,0.01869056,-0.77425176,0.13521793,0.13494162,0.899712,0.24759121,-1.2353647,0.07917896,0.24274966,0.9898517,-0.014978867,0.07286888,-0.1769402,0.20383035,0.15556048,0.13100679,-0.22263867,-0.06861284,0.015749633,-0.15547757,-0.08241631,-0.0058047273,0.14226629
-0.19556662,-1.5548383,-0.24015926,-0.36783367,-0.08849349,-0.046523016,-0.30531323,0.061183285,-0.06458859,0.33796215,0.035983905,-0.04151631,0.6141988,-0.044126984,-0.072839916,2.1434233,0.1675469,0.1641206,0.04452689,0.01901355,-0.019114334,-0.20613042,0.115252025,0.054286964,0.02212033,-0.035602976,0.0979831,0.05887767,0.026628463,-0.016050143,-0.09147901,-0.069257714,0.060015302,-0.1543786,0.0074554696,-0.0815398,-0.088426374,-0.02098972,0.0232582,0.059107892,-0.010490429,-0.36514798,0.08435746,0.0008728915,0.3932245,-0.05790059,-0.09649514,0.06351857,0.111283444,-0.113822915,-0.76417726,0.15688145,0.03585833,0.91747457,0.1745129,-1.3416314,0.16588025,0.24062401,0.7719695,0.005104285,0.0595486,-0.16551025,0.2409685,0.19685921,0.104730226,-0.20493966,-0.061596643,0.016571745,-0.1528679,-0.07812682,-0.0021511894,0.13928597
-0.18633081,-1.4889976,-0.27028552,-0.2487121,-0.068038456,-0.04028405,-0.5260771,0.112654135,-0.059840806,0.377517,-0.036968786,-0.023637254,0.64440215,-0.112128794,-0.07768982,2.2560327,0.13140392,0.198465,0.030803105,0.017095603,-0.01297437,-0.2593987,0.11897852,0.06086546,-0.022037959,-0.035137568,0.084820464,0.061796907,-0.00051176705,-0.018079752,-0.108591154,-0.055361863,0.04692252,-0.15270333,0.019745683,-0.09661312,-0.12287416,-0.015425646,0.01651425,0.015174765,-0.07417861,-0.36577126,0.07847903,-0.022610983,0.38863203,-0.07154489,-0.08070622,0.07507837,0.042629737,-0.24485636,-0.73812747,0.1696903,-0.058918286,0.9110143,0.103198454,-1.4617486,0.25431868,0.23458101,0.61676437,0.014860931,0.052890424,-0.16287771,0.26924846,0.21976735,0.09646417,-0.18710673,-0.056893557,0.016909285,-0.15297523,-0.07530385,-0.0002229554,0.13604665
-0.16774724,-1.4427205,-0.2934133,-0.10415737,-0.035067927,-0.013541821,-0.74760157,0.15544754,-0.07375424,0.41136637,-0.11261101,-0.0049375216,0.59935945,-0.17751537,-0.07009882,2.301357,0.06831642,0.23741354,0.01940617,0.015611427,-0.0020058367,-0.24513876,0.11260774,0.029251358,-0.067808464,-0.022504697,0.07246586,0.06157334,-0.030389616,-0.01566442,-0.13567585,-0.05203226,0.036148462,-0.14289694,0.028668325,-0.10844662,-0.14893904,0.0072152326,0.007653726,-0.021657355,-0.13845506,-0.34217337,0.075306475,-0.042062905,0.3668746,-0.09653183,-0.05898673,0.07784046,-0.028198276,-0.36345857,-0.69352484,0.17842631,-0.14537288,0.8798808,0.03913637,-1.5583196,0.32974645,0.23852375,0.51548505,0.025988806,0.050677087,-0.16766268,0.28883523,0.22896476,0.10521006,-0.16638108,-0.054104824,0.015103449,-0.155506,-0.073701866,0.0026199147,0.13345365
-0.14361323,-1.4126353,-0.30683717,0.06467234,0.006833857,0.03060641,-0.9579327,0.18963116,-0.09799849,0.42741382,-0.18758602,0.013621798,0.4848111,-0.23465784,-0.05025033,2.2822251,-0.017078793,0.26429397,0.014151992,0.014234064,0.012874591,-0.16267574,0.09724741,-0.03450056,-0.10139817,-0.0014158551,0.062459994,0.055629052,-0.06114092,-0.009034842,-0.16817066,-0.05572839,0.03030089,-0.12839812,0.03221769,-0.11364333,-0.15909891,0.04505869,-0.0046070768,-0.045384705,-0.19211027,-0.30363604,0.07894484,-0.065477856,0.335007,-0.12440727,-0.029723536,0.07522412,-0.0912839,-0.4602967,-0.64216316,0.18888286,-0.22282197,0.83601135,-0.0070581483,-1.6371019,0.38326022,0.25580096,0.48749435,0.03543403,0.046036605,-0.17919649,0.30281746,0.22739747,0.12773338,-0.141781,-0.05345432,0.013181536,-0.15946713,-0.07387116,0.005135146,0.13236646
-0.118391655,-1.3897648,-0.30975297,0.23345762,0.048197128,0.085501395,-1.1286504,0.21195069,-0.12421571,0.42194822,-0.25305745,0.031393353,0.35452592,-0.2791853,-0.02488161,2.1921172,-0.11058835,0.26685616,0.016122414,0.011434468,0.027013183,-0.04679841,0.07904776,-0.11276445,-0.12042911,0.018042006,0.052932743,0.046738528,-0.089256994,-0.00061923696,-0.19739236,-0.065042876,0.033701457,-0.11041504,0.033292864,-0.11104552,-0.15414096,0.08670225,-0.018292803,-0.054199807,-0.22345532,-0.26023978,0.08895702,-0.09545149,0.2963626,-0.15059309,0.003849036,0.07134152,-0.13817915,-0.5273308,-0.5946683,0.20224088,-0.28187945,0.7857925,-0.035696074,-1.7020899,0.41356862,0.28359786,0.5691162,0.035135586,0.03495468,-0.19527566,0.31413502,0.20861767,0.15923838,-0.118554525,-0.052640084,0.012695586,-0.16154632,-0.07411331,0.0060196104,0.13249125
-0.0970616,-1.3720345,-0.30303738,0.3743956,0.07973551,0.1340944,-1.2300322,0.22538295,-0.13769802,0.39517125,-0.30129084,0.047518577,0.2549366,-0.3055807,-0.0021481386,2.0322409,-0.18431315,0.24532095,0.023186749,0.0060129906,0.03943562,0.06312721,0.06417106,-0.1796365,-0.11843156,0.029366622,0.046898425,0.03489153,-0.110344686,0.008349997,-0.21160355,-0.06994034,0.043010008,-0.095492646,0.034650747,-0.1038235,-0.13583551,0.121772796,-0.034534942,-0.052537538,-0.23773615,-0.22567447,0.10219292,-0.12590352,0.2645816,-0.16280304,0.03802815,0.066585906,-0.16820282,-0.57713556,-0.5616725,0.21599624,-0.320051,0.74846935,-0.0534517,-1.7513944,0.43197018,0.3067744,0.659061,0.029731227,0.017590249,-0.21181825,0.3229473,0.18801321,0.18495233,-0.09566609,-0.04734234,0.012670492,-0.15830158,-0.070603594,0.00697487,0.1320378
-0.08295284,-1.3662006,-0.29109997,0.46808124,0.097694285,0.16597906,-1.2495157,0.2301652,-0.1316378,0.35652038,-0.32955527,0.059728492,0.2332285,-0.3141271,0.009376997,1.8042806,-0.22949047,0.2079288,0.033621967,-0.002082457,0.04880581,0.13700417,0.05333152,-0.22366722,-0.10289299,0.027512452,0.042943966,0.023189249,-0.12362627,0.016619893,-0.20842768,-0.06470355,0.053051166,-0.08529761,0.039236315,-0.09708267,-0.10692795,0.14121494,-0.05002584,-0.043678604,-0.2408874,-0.20831521,0.11438092,-0.14957961,0.24745995,-0.15788311,0.06775276,0.062730454,-0.17932144,-0.6146176,-0.55479866,0.22604339,-0.33504784,0.7351577,-0.06594299,-1.7974478,0.4451123,0.31915078,0.72031933,0.02255722,-0.00516364,-0.22894251,0.32964405,0.17161393,0.19809207,-0.07662237,-0.03864842,0.013039862,-0.1497064,-0.06430077,0.007999116,0.13107397
-0.07632858,-1.3777894,-0.27710664,0.519146,0.10556802,0.18017153,-1.1963382,0.22688143,-0.104958124,0.3163323,-0.33949795,0.067498714,0.2858426,-0.3071279,0.008499435,1.5182897,-0.24714133,0.16641918,0.044828393,-0.012107332,0.055319425,0.17660156,0.04474155,-0.24818833,-0.076879635,0.011219918,0.04200529,0.016933909,-0.12986462,0.022898553,-0.19580677,-0.05115228,0.059129667,-0.07798971,0.048566572,-0.09403701,-0.07551191,0.14449158,-0.0626587,-0.03056547,-0.23733422,-0.20479436,0.12403891,-0.16667664,0.24014147,-0.14529487,0.08932842,0.059474938,-0.1699556,-0.64167476,-0.572126,0.2334588,-0.33695146,0.74256295,-0.06125129,-1.8427151,0.44189647,0.32305983,0.75327134,0.015914695,-0.026561892,-0.24649827,0.32953975,0.15904696,0.20130824,-0.061497696,-0.03081841,0.0139242215,-0.13992009,-0.058028463,0.008432511,0.13064608
-0.077095166,-1.4113142,-0.26429138,0.52657604,0.10711901,0.18019606,-1.0953361,0.21520402,-0.06337938,0.28338975,-0.334187,0.07398135,0.43118483,-0.28551504,-0.0043615,1.208489,-0.24735878,0.13090108,0.053443152,-0.023031227,0.06092752,0.19214782,0.03673831,-0.2563243,-0.045113068,-0.010916207,0.04075181,0.01701459,-0.13101539,0.027898587,-0.18016882,-0.03597191,0.06201909,-0.07017421,0.058713164,-0.094913505,-0.046638772,0.13687313,-0.06985417,-0.013375938,-0.2288787,-0.21393332,0.1299935,-0.17442201,0.24261154,-0.12686032,0.10340496,0.054921586,-0.1424756,-0.64656436,-0.6070357,0.23616786,-0.32527572,0.76518404,-0.033154227,-1.8587749,0.41033655,0.31327805,0.76553625,0.00852072,-0.038361423,-0.2605685,0.3233285,0.14800884,0.19731954,-0.05625919,-0.027187249,0.01468364,-0.13219246,-0.053688884,0.008469738,0.1322098
-0.086287834,-1.4635093,-0.25498024,0.49186286,0.10331581,0.1684262,-0.9727948,0.19849107,-0.017570224,0.25908893,-0.31483382,0.08071541,0.67386895,-0.25524354,-0.027989117,0.9405457,-0.23529056,0.105692886,0.059250243,-0.03126989,0.06384626,0.19242536,0.03045402,-0.24949324,-0.02241483,-0.03400495,0.029148404,0.020786662,-0.12660721,0.030980706,-0.16644973,-0.024126017,0.0643389,-0.06083689,0.06488706,-0.095385894,-0.022518499,0.1226636,-0.07064313,0.010625906,-0.20868032,-0.23796965,0.13148624,-0.17138655,0.25733626,-0.10329954,0.11164817,0.045429043,-0.09592895,-0.6099471,-0.655102,0.22832642,-0.29609388,0.7913082,0.021087985,-1.8124332,0.34635308,0.2840221,0.7695355,-0.00326368,-0.029941548,-0.26434788,0.3122781,0.13943313,0.18691267,-0.06660884,-0.030365545,0.014694323,-0.12966244,-0.05367171,0.007582048,0.13706383
-0.10285167,-1.5293608,-0.24893825,0.4125062,0.09322762,0.14292832,-0.84838,0.17909269,0.024778143,0.24814999,-0.28229022,0.089538485,0.97926253,-0.22113033,-0.05635748,0.7566029,-0.21247761,0.091672316,0.060306087,-0.03286039,0.06332052,0.18408044,0.028340356,-0.2307812,-0.022982392,-0.055438645,0.0018196783,0.027942343,-0.11480697,0.03210324,-0.15725279,-0.018817293,0.06544568,-0.050962638,0.06600258,-0.0910482,-0.011924891,0.10311392,-0.06441909,0.03678844,-0.17654085,-0.27258036,0.124113455,-0.15204166,0.280932,-0.07929506,0.11571391,0.028981911,-0.032378998,-0.52829796,-0.70894086,0.20629236,-0.23944946,0.8079326,0.09585921,-1.6958203,0.25824556,0.24067132,0.7737594,-0.017910283,0.000631278,-0.25534117,0.29738384,0.13304766,0.17381987,-0.094152786,-0.038633317,0.014021059,-0.13217562,-0.057021786,0.005502177,0.1439716
-0.12464585,-1.6110626,-0.24368043,0.27357593,0.071558885,0.11597701,-0.7247941,0.15689816,0.06260738,0.25142315,-0.23611182,0.09436821,1.3242944,-0.18932815,-0.08780344,0.66433823,-0.1763663,0.08422515,0.054984808,-0.029274736,0.05862661,0.17229213,0.028160231,-0.20885012,-0.060868066,-0.07596458,-0.04423752,0.0339482,-0.096390165,0.031321265,-0.15585348,-0.018570136,0.063866,-0.04338093,0.058404874,-0.08117079,-0.019653048,0.082460046,-0.05315176,0.057371434,-0.14270318,-0.31628335,0.10526009,-0.1135529,0.3122326,-0.052826025,0.11521349,0.010197917,0.035253376,-0.4223598,-0.76424766,0.16898072,-0.15404615,0.81122,0.16856009,-1.482341,0.16341045,0.19044374,0.76555806,-0.03412964,0.056532767,-0.22826616,0.28173757,0.1281279,0.1572759,-0.13318674,-0.04773861,0.012245323,-0.13666023,-0.060368195,0.0026975537,0.15057711
-0.15005195,-1.7142025,-0.23730938,0.09198222,0.039169036,0.09250273,-0.5982252,0.13323735,0.09129313,0.26312387,-0.17884886,0.08770539,1.6482471,-0.16276854,-0.117199846,0.6378738,-0.12598307,0.083006024,0.047025874,-0.024467023,0.051197506,0.15667091,0.032573048,-0.18860592,-0.12592861,-0.09630526,-0.0951669,0.039896466,-0.07435711,0.03062689,-0.15891662,-0.020942925,0.061833087,-0.04344689,0.045179754,-0.06852829,-0.036428202,0.0659641,-0.03578236,0.071329616,-0.10531988,-0.3563684,0.07917183,-0.06688162,0.34333238,-0.030729577,0.10893356,-0.008173116,0.098431416,-0.30173993,-0.8131403,0.12856472,-0.050896272,0.80563986,0.22652847,-1.2302694,0.07787582,0.15342797,0.8037434,-0.055964783,0.12385405,-0.1920114,0.26235577,0.117147386,0.14385167,-0.17272584,-0.05660793,0.010673364,-0.14182582,-0.06344207,-0.0017799927,0.15701593
-0.17677562,-1.8281971,-0.22928427,-0.117092,-0.0020692986,0.07531948,-0.46904957,0.10805448,0.104076,0.2876742,-0.11223487,0.07185249,1.9146359,-0.13963526,-0.14597186,0.6323602,-0.059646487,0.083862536,0.037684206,-0.019053493,0.04166244,0.12986028,0.037479557,-0.17252058,-0.1958382,-0.1118217,-0.13161501,0.045272913,-0.048996974,0.030542469,-0.1640235,-0.022129785,0.064498864,-0.05339492,0.030298581,-0.05692269,-0.061107576,0.052068498,-0.017025847,0.07568294,-0.0736037,-0.3812267,0.046236496,-0.007658455,0.3636049,-0.020290477,0.096994795,-0.022640452,0.1472182,-0.18891467,-0.84769183,0.0856832,0.06771459,0.78978884,0.26250994,-0.99032134,0.015435401,0.1292514,0.87342054,-0.082774535,0.18365607,-0.15730166,0.2409961,0.10692751,0.13445021,-0.20626564,-0.06200899,0.00916479,-0.14579025,-0.06326733,-0.006385412,0.16130498
-0.20289877,-1.9331253,-0.2192119,-0.332274,-0.04672709,0.07067916,-0.3344789,0.08123632,0.099798866,0.32188934,-0.039938286,0.052253466,2.1166074,-0.11351798,-0.17937507,0.6098718,0.017556932,0.08045433,0.030093016,-0.014114481,0.030451424,0.088909954,0.03589317,-0.16109891,-0.24457848,-0.11742852,-0.13950971,0.050193246,-0.022006175,0.030211197,-0.16895185,-0.024869204,0.074169785,-0.07348801,0.016533643,-0.04889302,-0.08729098,0.03918162,-0.0027226273,0.07471753,-0.04978683,-0.38698435,0.012841511,0.05498195,0.36634156,-0.023857297,0.082255535,-0.030136395,0.17868032,-0.0959437,-0.86707705,0.045720793,0.18460363,0.7688281,0.2826845,-0.8197838,-0.021223487,0.11479458,0.981825,-0.11647212,0.21933149,-0.13491094,0.22105947,0.09558121,0.13053666,-0.22944434,-0.064645156,0.008373645,-0.14766558,-0.060848158,-0.010267127,0.1637387
-0.22562765,-2.0107272,-0.20759913,-0.5380806,-0.09111877,0.08028442,-0.19004537,0.051308323,0.07480029,0.35322368,0.035403863,0.03248566,2.252735,-0.08002012,-0.22143523,0.5635791,0.095457055,0.07374797,0.02771954,-0.009700391,0.015122382,0.035311557,0.026346568,-0.14960097,-0.2519489,-0.11167728,-0.11443455,0.05093055,0.0060762623,0.027463846,-0.1691123,-0.03179573,0.09148297,-0.10231702,0.00791688,-0.04454731,-0.107024685,0.024027966,0.002830646,0.076322645,-0.023591174,-0.37956566,-0.012891173,0.11023453,0.35547438,-0.03938805,0.06602261,-0.031804677,0.19045182,-0.012746885,-0.86686254,0.010195091,0.2882871,0.74799716,0.28352168,-0.71134096,-0.03101813,0.102248356,1.1158224,-0.15700659,0.23357299,-0.12712419,0.20447771,0.083027475,0.13242917,-0.24287768,-0.0648576,0.007202702,-0.14692217,-0.05759883,-0.011688679,0.1645724
-0.24266519,-2.0557737,-0.19363433,-0.73358357,-0.13216484,0.097168535,-0.0363316,0.0177653,0.028830824,0.3763758,0.11063044,0.016790235,2.3174744,-0.032665115,-0.26626202,0.48559582,0.16380112,0.06348129,0.029435705,-0.005066233,0.000118615586,-0.018210532,0.011413665,-0.13582993,-0.20652409,-0.09758071,-0.05847307,0.048824996,0.03582571,0.024014084,-0.16229394,-0.043345988,0.1090113,-0.13845289,0.008906504,-0.043778278,-0.11787104,0.0011753498,0.0041155694,0.085698515,0.011001749,-0.3575808,-0.02971509,0.15535289,0.33307892,-0.06601548,0.04549636,-0.033056315,0.19931217,0.07317411,-0.8445337,-0.025217423,0.38096058,0.72597414,0.2909104,-0.67584544,-0.029857514,0.084959224,1.2584565,-0.19935356,0.2285083,-0.13762537,0.18432085,0.06827493,0.14157028,-0.25117224,-0.06350744,0.0062815696,-0.14324382,-0.054881904,-0.011739737,0.16384882
-0.25350985,-2.0760071,-0.17604555,-0.9248485,-0.1670212,0.12826024,0.1212573,-0.017881226,-0.030124163,0.38658616,0.18209411,0.0011746744,2.3312047,0.027423002,-0.30152383,0.39232546,0.21884693,0.046944823,0.032531455,-0.0026114497,-0.011029353,-0.056578454,-0.007614847,-0.124181375,-0.123323195,-0.08050937,0.0124224415,0.04226797,0.064067185,0.020036295,-0.1510566,-0.05719377,0.11761773,-0.17339434,0.014863462,-0.04635022,-0.11854025,-0.02375488,0.0033910547,0.10200662,0.05028621,-0.32818744,-0.036612503,0.18478824,0.30815184,-0.09354956,0.021771146,-0.035105743,0.20937243,0.1550599,-0.8041594,-0.05972177,0.45493644,0.70562756,0.31186718,-0.6815443,-0.031601295,0.059203476,1.3821896,-0.23903662,0.21854958,-0.15758015,0.16069752,0.048798293,0.15333873,-0.2575934,-0.06129245,0.0059410688,-0.1374176,-0.052603316,-0.0117024835,0.1613182
-0.25727877,-2.084794,-0.15456879,-1.08324,-0.19120547,0.16120741,0.2692926,-0.050505858,-0.093414776,0.37720358,0.24206418,-0.01722728,2.26991,0.08867966,-0.30673152,0.30240294,0.25949535,0.027811972,0.03772828,-0.0028920216,-0.016400492,-0.073076375,-0.02111056,-0.11438059,-0.016762227,-0.06536401,0.0887254,0.035800777,0.08715846,0.01665881,-0.13512142,-0.07120932,0.1153668,-0.20162661,0.024806026,-0.052985635,-0.10030887,-0.042366154,0.0060776663,0.12572502,0.09676616,-0.29160932,-0.03123785,0.19131945,0.2827777,-0.1173567,-0.0020133597,-0.04060343,0.2263541,0.23508006,-0.75243676,-0.082431614,0.5052819,0.69226676,0.349164,-0.7373539,-0.04365526,0.039955482,1.512556,-0.2697945,0.20575602,-0.1838518,0.13036825,0.022143863,0.16962212,-0.26119998,-0.060496893,0.00745946,-0.13297224,-0.051666517,-0.013763004,0.15863
-0.25283158,-2.0891793,-0.13279268,-1.1830609,-0.20430666,0.17555583,0.38930938,-0.075305626,-0.15004356,0.35103777,0.28680727,-0.03449597,2.118749,0.13881141,-0.2772066,0.23983659,0.28601283,0.0096700415,0.04438093,-0.001466617,-0.015563415,-0.06936633,-0.02376982,-0.10613501,0.088579975,-0.05179618,0.15790361,0.03018973,0.10514639,0.014542412,-0.11940599,-0.0818821,0.10658436,-0.21741928,0.032565355,-0.06220403,-0.06435391,-0.049275476,0.013498775,0.15054691,0.13958032,-0.2527627,-0.019857917,0.19000663,0.26316518,-0.1278527,-0.02280656,-0.051494204,0.2515103,0.30157718,-0.703748,-0.09447249,0.54582626,0.6876817,0.39378676,-0.8176791,-0.06469338,0.025381073,1.6107333,-0.285152,0.18973057,-0.20985638,0.097524844,-0.0018190538,0.18614867,-0.26508656,-0.05929032,0.009690815,-0.13147213,-0.04901169,-0.01693698,0.15464315
-0.24188505,-2.0885477,-0.11551287,-1.1965473,-0.20272365,0.16514473,0.47024888,-0.08903675,-0.19052601,0.31088364,0.31308314,-0.047799964,1.866081,0.17147455,-0.223642,0.22486754,0.29783928,-0.003092409,0.054720696,0.0053082146,-0.010223728,-0.048110075,-0.013961597,-0.102611974,0.17029376,-0.03948827,0.20988241,0.026884178,0.11728415,0.013289503,-0.10841087,-0.09097064,0.09541904,-0.21760991,0.033752616,-0.06889908,-0.01662375,-0.041932393,0.023801157,0.17204612,0.17332998,-0.2172594,-0.004478278,0.1831537,0.25386047,-0.12489145,-0.039046798,-0.064599805,0.27872932,0.3451781,-0.6679893,-0.091274716,0.57262903,0.6954074,0.43327284,-0.9131632,-0.08743159,0.021830667,1.673074,-0.28128716,0.17092416,-0.23091085,0.06967217,-0.019716395,0.20139955,-0.2684165,-0.058637824,0.0125742275,-0.13381034,-0.046106946,-0.020733641,0.1497322
-0.22888674,-2.0806518,-0.10850267,-1.1344342,-0.18937728,0.13673365,0.5190465,-0.09438283,-0.21361592,0.2613403,0.32350388,-0.05561367,1.5477649,0.18814145,-0.1656404,0.2619591,0.29697314,-0.006867359,0.069254525,0.01514448,-0.005337938,-0.019840872,0.0051516,-0.10242892,0.21536143,-0.028336745,0.24013077,0.024937937,0.1237278,0.011256676,-0.10010334,-0.10054413,0.0888357,-0.20136464,0.026179815,-0.06936856,0.033914123,-0.025352784,0.0309166,0.18727142,0.19789338,-0.19445506,0.013600359,0.16885172,0.25743032,-0.11108135,-0.04950342,-0.07399697,0.29486302,0.3650222,-0.648869,-0.07262231,0.57897514,0.715718,0.4462314,-0.9840417,-0.099100344,0.030165259,1.6995718,-0.2611851,0.15514901,-0.24233659,0.054844506,-0.02942099,0.21487443,-0.27118507,-0.058079466,0.014605151,-0.13773353,-0.04382832,-0.023396792,0.14389968
-0.2197118,-2.0606496,-0.113710195,-1.0193769,-0.16730447,0.09740319,0.5372598,-0.09357398,-0.22370885,0.21258007,0.3196359,-0.056460552,1.191911,0.19279878,-0.11744232,0.3687739,0.2834819,-0.0015528767,0.08446511,0.025502903,-0.001087721,0.011414912,0.028468948,-0.10303157,0.22771302,-0.019162303,0.25181937,0.025474053,0.12571433,0.009578184,-0.089633,-0.11045486,0.08838808,-0.17801628,0.012644782,-0.06484567,0.07786175,-0.006548637,0.036429115,0.19727014,0.21485661,-0.18612187,0.032524474,0.14772105,0.2699499,-0.09309226,-0.05648367,-0.07854527,0.3025776,0.37184718,-0.64768535,-0.04612718,0.5642201,0.7407015,0.440908,-1.0180669,-0.10081496,0.048428807,1.7003508,-0.23076333,0.14722216,-0.24407513,0.050360687,-0.031517323,0.22577794,-0.27337235,-0.05944309,0.01548157,-0.14219077,-0.0454544,-0.024516845,0.13951409
-0.21769877,-2.0256686,-0.12963931,-0.8850856,-0.1407858,0.06085805,0.52785087,-0.08924219,-0.22705968,0.17563044,0.3054906,-0.053812373,0.8524625,0.19090013,-0.08213675,0.5641274,0.26525402,0.012201413,0.09591674,0.033057593,0.0022848384,0.042753235,0.04886976,-0.10273217,0.21226543,-0.009652276,0.24644704,0.028460016,0.12377924,0.008476327,-0.07636647,-0.11826747,0.09044787,-0.15413783,-0.0027889472,-0.057893053,0.10585593,0.011578256,0.039938793,0.20389414,0.22436358,-0.19096456,0.051497914,0.121224,0.28806227,-0.07733389,-0.06094352,-0.07827512,0.3042198,0.37033257,-0.66311294,-0.016073147,0.5304491,0.76688683,0.42847008,-1.0321625,-0.09654863,0.07705158,1.6923614,-0.1973063,0.14567986,-0.23855825,0.054824036,-0.02860931,0.23271732,-0.2742454,-0.06409988,0.016280673,-0.14681293,-0.05366919,-0.024850948,0.138198
-0.22173539,-1.9752002,-0.1518203,-0.76477355,-0.11908172,0.033600792,0.50429827,-0.08404341,-0.22952299,0.15465565,0.28635678,-0.05313218,0.58688486,0.18276557,-0.057762716,0.82767457,0.25247446,0.03578731,0.10184769,0.03586009,0.0024227134,0.06212043,0.06489974,-0.09506345,0.17981996,-0.00041368912,0.23005466,0.032380644,0.11915039,0.0070335073,-0.061231103,-0.12163117,0.09120793,-0.13611698,-0.015207687,-0.051399693,0.11395187,0.023951603,0.040017612,0.20585403,0.22389996,-0.2070175,0.07001339,0.09360145,0.306376,-0.065971166,-0.06506609,-0.06994517,0.2975668,0.35752335,-0.68687934,0.014701603,0.47915915,0.78942734,0.4074988,-1.0318378,-0.08391702,0.117049746,1.6545937,-0.15797177,0.14668994,-0.22691506,0.06498907,-0.0144171715,0.23195782,-0.2703993,-0.06951216,0.01607327,-0.14998776,-0.06454081,-0.022807244,0.13895361
-0.22793047,-1.9160758,-0.17513573,-0.6723468,-0.10769381,0.012526717,0.47069854,-0.07940602,-0.22847235,0.14643395,0.26501304,-0.054508153,0.4202327,0.1683152,-0.042744275,1.1160532,0.24718048,0.06541002,0.10215353,0.035021093,0.00016829775,0.06404894,0.07731716,-0.07732103,0.14319551,0.0064869993,0.20904711,0.036180254,0.11307455,0.0054127015,-0.04816242,-0.12007668,0.0874699,-0.1271599,-0.021977223,-0.04980609,0.105596066,0.029891402,0.037883043,0.20277229,0.21545622,-0.22963767,0.08718116,0.06724401,0.32348436,-0.057396498,-0.06916117,-0.056184534,0.286288,0.3337282,-0.71208066,0.04428987,0.41494635,0.80759484,0.38321316,-1.0401351,-0.06511001,0.16062158,1.5753467,-0.11603277,0.14362039,-0.21352659,0.07757172,0.013403572,0.22230086,-0.26038197,-0.07319508,0.015100163,-0.15153809,-0.07428533,-0.018642353,0.14082722
-0.2336419,-1.855882,-0.19638075,-0.6021348,-0.10506943,-0.004919689,0.42157933,-0.07172935,-0.2230023,0.14662485,0.2409872,-0.056458358,0.35068354,0.1471165,-0.036029868,1.3918148,0.24851236,0.09820931,0.09875329,0.032311454,-0.0029747155,0.04332279,0.08798261,-0.04864906,0.11197891,0.009156841,0.18861082,0.03756471,0.105409056,0.0031435047,-0.04148109,-0.11378896,0.07713709,-0.12719473,-0.023641398,-0.05114374,0.082118034,0.029431839,0.03446947,0.19366822,0.1954568,-0.25769967,0.100993566,0.047626495,0.34166178,-0.049071237,-0.07271997,-0.03814882,0.271393,0.29181528,-0.7345742,0.07336138,0.34736905,0.8244685,0.35992688,-1.06102,-0.04121935,0.20211437,1.4504504,-0.07483918,0.13645063,-0.1999839,0.09171507,0.054861,0.20337068,-0.2451509,-0.07332318,0.013645319,-0.15190415,-0.07998982,-0.013224829,0.14214082
-0.23887739,-1.8036482,-0.21609057,-0.56280637,-0.11210428,-0.020306319,0.3583233,-0.060997184,-0.212321,0.15520193,0.21742691,-0.056924697,0.39848435,0.1225352,-0.038606383,1.6163635,0.2526375,0.12776107,0.09314294,0.028322423,-0.008129912,-0.011232679,0.09971256,-0.00774506,0.087785736,0.0041506733,0.17013165,0.036866397,0.09742223,-0.0004439221,-0.04034138,-0.10425885,0.0649778,-0.1326454,-0.022103216,-0.05274949,0.04798907,0.02126285,0.028041868,0.17830592,0.16727032,-0.29090807,0.10931944,0.036367446,0.36161917,-0.03949555,-0.073606096,-0.017709633,0.25230688,0.23486829,-0.7543807,0.10159195,0.2859285,0.8438112,0.33718917,-1.0846943,-0.013022839,0.23690765,1.297673,-0.039895292,0.12589201,-0.18658765,0.10713769,0.10320227,0.17711759,-0.22734602,-0.069256246,0.012077932,-0.15054555,-0.07976935,-0.008327774,0.14176756
-0.24486734,-1.758407,-0.23589908,-0.53924507,-0.12274924,-0.037988003,0.2732418,-0.044754628,-0.19361335,0.17117314,0.19200253,-0.055575162,0.5227783,0.094087474,-0.049856234,1.7922077,0.25262702,0.1465531,0.084023125,0.02464693,-0.015794788,-0.09706254,0.114037134,0.041288998,0.07366898,-0.008618562,0.15527397,0.034676604,0.08912871,-0.006008606,-0.04019142,-0.09104456,0.0545479,-0.14242317,-0.01933378,-0.05506059,0.0058325175,0.0071643894,0.021284493,0.15776442,0.1323294,-0.32908157,0.112954065,0.030269237,0.38276282,-0.031109348,-0.07227838,0.0043614986,0.2283888,0.16525403,-0.7730545,0.12727427,0.23087475,0.8681376,0.31125602,-1.0952817,0.01826979,0.2614525,1.1309987,-0.015403573,0.11814759,-0.17235988,0.122697756,0.14863504,0.14648162,-0.20834218,-0.061850075,0.010481392,-0.14819239,-0.0739392,-0.0046145436,0.13969812
-0.24919134,-1.724163,-0.2562561,-0.5062803,-0.12889645,-0.062350668,0.15131825,-0.020641865,-0.16235404,0.19487663,0.15694247,-0.049233094,0.672642,0.05932132,-0.063454986,1.9352864,0.23917252,0.15017965,0.068767875,0.02057879,-0.02221203,-0.1996097,0.13104303,0.08862387,0.059735592,-0.028739925,0.13841349,0.037452493,0.077380374,-0.011366917,-0.03988014,-0.07648956,0.048531067,-0.15238705,-0.0145705445,-0.059797697,-0.039739326,-0.006013025,0.016359435,0.13244513,0.089814894,-0.36251011,0.10787807,0.028206708,0.39655998,-0.030144623,-0.06729059,0.023608427,0.20364946,0.09053983,-0.7868193,0.14841485,0.18600462,0.88799226,0.28690314,-1.1088214,0.04557971,0.2752847,1.0307487,-0.008102065,0.11419294,-0.1614268,0.13962086,0.17239556,0.123090684,-0.1928575,-0.055066403,0.010664616,-0.14762394,-0.06754623,-0.0036406878,0.139351
-0.24851373,-1.6962215,-0.27756962,-0.44657272,-0.12241265,-0.083219,-0.010030887,0.012392125,-0.12941757,0.22658506,0.11000201,-0.04192375,0.8010753,0.014273743,-0.07848911,2.054406,0.21171764,0.14931335,0.049211804,0.017628983,-0.026605181,-0.2998413,0.14480698,0.121363476,0.03812347,-0.049266145,0.1197708,0.043332666,0.060188193,-0.016156433,-0.043045327,-0.06296939,0.044734046,-0.15873015,-0.0067032035,-0.0678189,-0.083764,-0.012182614,0.01289356,0.10008878,0.037130073,-0.38453192,0.09645657,0.026046496,0.40213716,-0.03614211,-0.060668834,0.040207528,0.16690491,0.0031990253,-0.7840246,0.16472243,0.14038621,0.899629,0.24903549,-1.1213837,0.07831888,0.27701378,0.9750136,-0.014310486,0.11627418,-0.151688,0.16197293,0.17761678,0.10865506,-0.18440446,-0.050050233,0.01096901,-0.14843567,-0.062090285,-0.0031433585,0.14024247
-0.23871814,-1.6695812,-0.29867133,-0.34415817,-0.10118118,-0.094108,-0.2040587,0.052350838,-0.10032056,0.25923106,0.05062161,-0.0296679,0.85561126,-0.042779855,-0.08714481,2.1547973,0.16852047,0.15822238,0.030083844,0.017533729,-0.025373714,-0.36207217,0.14973004,0.12602079,0.0059590302,-0.061236765,0.101125576,0.051026832,0.038139768,-0.018070305,-0.056870528,-0.054216824,0.04339272,-0.15936661,0.002965269,-0.07854948,-0.11809738,-0.005301738,0.0107644275,0.06704075,-0.015572433,-0.3892631,0.08379868,0.018025907,0.39683774,-0.048576627,-0.05171169,0.04927061,0.124573916,-0.08306891,-0.76849514,0.17535283,0.08877516,0.9002961,0.20626177,-1.1541188,0.11332861,0.27266014,0.96071535,-0.025879338,0.11629742,-0.14655507,0.18536268,0.17220452,0.10598843,-0.1809852,-0.04866077,0.011607734,-0.15185212,-0.06105745,-0.002939081,0.14238654
-0.21821702,-1.6391158,-0.31600854,-0.18779203,-0.064456925,-0.08972812,-0.40865204,0.094883166,-0.0796153,0.28151998,-0.019019192,-0.012309723,0.7937286,-0.1058029,-0.081469834,2.2201638,0.10885131,0.17480305,0.015716884,0.020348584,-0.015890295,-0.35397783,0.1432868,0.09594769,-0.03173249,-0.06318464,0.087368056,0.057585157,0.012562434,-0.016718468,-0.08355885,-0.051681094,0.042137057,-0.15440516,0.013963736,-0.09018905,-0.1402682,0.01761857,0.008374922,0.039079543,-0.062398404,-0.37695763,0.07422692,0.0016867649,0.38061774,-0.066635534,-0.035088267,0.04863222,0.086035,-0.16384332,-0.750093,0.18185768,0.032676663,0.88875717,0.17172793,-1.2148093,0.1449296,0.2653455,0.98328775,-0.03657776,0.11360057,-0.14890073,0.20438835,0.1608999,0.1176915,-0.17872691,-0.05145655,0.012372716,-0.15718284,-0.06457637,-0.002452413,0.14517707
-0.18976916,-1.604379,-0.32719168,-0.0012060773,-0.019286219,-0.063156284,-0.60610986,0.13128546,-0.07587069,0.28921595,-0.091149144,0.008403451,0.6526462,-0.16675983,-0.06489022,2.2307642,0.036043786,0.19676991,0.008284528,0.023769042,-0.00024729967,-0.28131863,0.12533246,0.03588815,-0.06955158,-0.053449545,0.07865845,0.057953946,-0.014205285,-0.011724789,-0.11759144,-0.056011382,0.042206265,-0.14415121,0.024328694,-0.09753777,-0.15070835,0.053818762,0.0029635662,0.022694182,-0.09847689,-0.3538051,0.072415866,-0.022369092,0.35794252,-0.08870391,-0.008740427,0.039636854,0.05690381,-0.23275462,-0.737075,0.18658122,-0.020611137,0.86892295,0.156766,-1.2925423,0.16524702,0.26319763,1.0365822,-0.042094607,0.107797325,-0.15838553,0.2163449,0.14720859,0.14176576,-0.17484725,-0.055787142,0.013313199,-0.16212678,-0.06971348,-0.0022844893,0.14707543
-0.15934803,-1.5682024,-0.3302279,0.1811685,0.024004007,-0.01982077,-0.772163,0.15859498,-0.0836471,0.2808055,-0.15644908,0.027733693,0.48756284,-0.21503823,-0.04277647,2.1765747,-0.03809981,0.21181616,0.0076027066,0.02461213,0.017630173,-0.16798827,0.10144062,-0.038284924,-0.09616228,-0.035404827,0.074717775,0.04982765,-0.039031953,-0.0044389265,-0.14860545,-0.0637206,0.044655144,-0.13081862,0.031512793,-0.09787783,-0.15429044,0.09212805,-0.0054070214,0.02049855,-0.122164555,-0.3311846,0.079563126,-0.05225978,0.33598328,-0.113448024,0.023099227,0.028155942,0.04065739,-0.28743133,-0.73585653,0.19256511,-0.06635378,0.85039634,0.16124797,-1.371791,0.17274302,0.26846716,1.102345,-0.042287216,0.09986166,-0.17304805,0.22046039,0.13248484,0.17088483,-0.16780397,-0.057756554,0.014443112,-0.16377142,-0.07225204,-0.0026312962,0.14613816
-0.1313126,-1.5386206,-0.3237232,0.33827907,0.060517095,0.026953397,-0.8964682,0.17776243,-0.08884589,0.2621872,-0.21239842,0.044704575,0.3420112,-0.24735926,-0.019368535,2.0507557,-0.10750435,0.20772602,0.01081893,0.02019593,0.036089092,-0.052691363,0.07855923,-0.10862216,-0.10914623,-0.02042934,0.07176106,0.038304903,-0.061014302,0.004604973,-0.16649903,-0.07113474,0.050377905,-0.117355205,0.03625563,-0.0930228,-0.15576975,0.123635694,-0.01580307,0.026107157,-0.14164072,-0.31210783,0.08805515,-0.07969783,0.31521687,-0.13831039,0.056454476,0.018045455,0.035355434,-0.33429447,-0.7404412,0.20102437,-0.09687447,0.8321653,0.18017168,-1.4474385,0.16715378,0.27783322,1.1988369,-0.044029936,0.09271478,-0.19148342,0.22070345,0.11047454,0.20164712,-0.16073246,-0.055483826,0.015771003,-0.16172151,-0.070498936,-0.00312859,0.14404435
-0.10943245,-1.5173539,-0.3098807,0.45417333,0.08840784,0.072439276,-0.9762502,0.19199848,-0.08940121,0.24198577,-0.25571778,0.05583303,0.25135735,-0.2671411,-0.0035411352,1.8593602,-0.16084297,0.18725483,0.015997078,0.011729023,0.051888064,0.032581095,0.057164326,-0.16483204,-0.10731669,-0.01402438,0.069205254,0.024869457,-0.07924618,0.013220409,-0.1704661,-0.074412666,0.0560013,-0.106453076,0.04221734,-0.08565102,-0.15751828,0.14183784,-0.02731861,0.03248325,-0.16202687,-0.2991943,0.095523216,-0.10283336,0.30083102,-0.15840083,0.08540073,0.013219178,0.02982418,-0.384403,-0.7391822,0.2125513,-0.11934129,0.81709605,0.19610012,-1.5085462,0.15905723,0.28536054,1.2721429,-0.04721489,0.08674108,-0.20986955,0.22352383,0.08960927,0.2243046,-0.15582594,-0.0486137,0.016684758,-0.15597436,-0.0647228,-0.0031653815,0.14075877
-0.09396087,-1.5069324,-0.2931478,0.53020936,0.10549507,0.107598566,-1.0047457,0.20267037,-0.08051601,0.22064614,-0.28534877,0.063206464,0.21884932,-0.27777785,0.0065206974,1.6156808,-0.19227181,0.1596013,0.023965279,0.00037346545,0.0636774,0.08152376,0.03938605,-0.2045196,-0.092780516,-0.017060822,0.0671042,0.01359547,-0.093121044,0.020831008,-0.16686028,-0.07176818,0.062332474,-0.09814329,0.049352754,-0.07799169,-0.15656154,0.14427486,-0.03830772,0.0378109,-0.17935835,-0.2923019,0.10099209,-0.12190869,0.29143602,-0.17102844,0.10521223,0.013841678,0.024659678,-0.43163767,-0.73394716,0.22537677,-0.13836598,0.8060248,0.2051937,-1.5548098,0.15124944,0.29318273,1.3121573,-0.04852601,0.07824679,-0.22681834,0.22758093,0.07506214,0.23553208,-0.15185972,-0.039486434,0.016993478,-0.14891787,-0.0578495,-0.0028571403,0.13742562
-0.08354471,-1.5065573,-0.2765813,0.5812003,0.11598136,0.1302017,-0.9787473,0.20788275,-0.05987578,0.19689044,-0.30258065,0.06818981,0.22341333,-0.28008893,0.0132270055,1.319522,-0.20665842,0.123458214,0.034381077,-0.010880487,0.07165732,0.10951016,0.025706377,-0.23249732,-0.06414547,-0.03064012,0.06905483,0.007853021,-0.10295755,0.02632672,-0.16029562,-0.06325246,0.06676306,-0.08990842,0.05845921,-0.07544132,-0.14965303,0.13560255,-0.046718586,0.040366467,-0.18966673,-0.28731868,0.10496573,-0.13953377,0.28319892,-0.17788357,0.11726376,0.01722137,0.020069223,-0.47189724,-0.72601795,0.23912454,-0.160294,0.7973596,0.20535342,-1.5978599,0.146439,0.2997527,1.3282337,-0.047131997,0.06674624,-0.2433143,0.23229988,0.064642824,0.23975728,-0.146906,-0.03163932,0.016593961,-0.14162241,-0.051481824,-0.0017299533,0.13491574
-0.07738301,-1.5128472,-0.26287544,0.6166554,0.12390016,0.14521062,-0.913638,0.20493887,-0.03441926,0.16941611,-0.30987507,0.07345175,0.26014623,-0.2770696,0.015181701,0.9917328,-0.21082585,0.08592989,0.04618679,-0.02117879,0.076416455,0.13017437,0.01442647,-0.25581887,-0.025220653,-0.048773378,0.07381062,0.0062714336,-0.110486045,0.029838806,-0.1558476,-0.052791845,0.07033736,-0.07913587,0.0669643,-0.07688296,-0.13442673,0.1220074,-0.05081747,0.043737594,-0.18977459,-0.28341943,0.10978589,-0.15878594,0.2741522,-0.18008919,0.123017766,0.021624265,0.018484024,-0.4959544,-0.7180684,0.25166777,-0.18875858,0.7882844,0.20507391,-1.6317685,0.13882571,0.3036543,1.3340628,-0.044444673,0.05452229,-0.2582096,0.23718783,0.057564564,0.24050786,-0.1423594,-0.02788445,0.01564256,-0.13619833,-0.047389936,-0.00034741368,0.13363323
-0.07531283,-1.5248474,-0.25360078,0.6356648,0.12910688,0.15515469,-0.829477,0.19537213,-0.00773895,0.14048252,-0.30929548,0.07971571,0.34034434,-0.2696478,0.0102795,0.68417215,-0.21066374,0.051873494,0.05767274,-0.029915193,0.07810506,0.15350322,0.0054812394,-0.27569053,0.016682118,-0.066357784,0.07639484,0.0069349115,-0.116445854,0.031630546,-0.1552333,-0.04419194,0.074702196,-0.06453768,0.073244505,-0.07994993,-0.11327496,0.107348986,-0.05018975,0.050183833,-0.17938271,-0.28267255,0.11570338,-0.17698976,0.2658842,-0.17834115,0.12425368,0.024473114,0.02219855,-0.49652505,-0.7144094,0.26164746,-0.21669959,0.78012455,0.20865394,-1.6463456,0.1270405,0.30623916,1.3439405,-0.04180594,0.04656157,-0.2693033,0.23969759,0.05213875,0.2404397,-0.14006191,-0.029419081,0.014657205,-0.13303573,-0.04635035,0.0006477707,0.13381764
-0.0766919,-1.5403838,-0.24850829,0.6367725,0.13334553,0.1604679,-0.75062484,0.18363477,0.017441604,0.11763604,-0.30332333,0.087871775,0.46788546,-0.25986627,-0.002720491,0.45701274,-0.20813376,0.027726853,0.06617706,-0.035962887,0.07727813,0.17276835,-0.0013219372,-0.28744274,0.04550665,-0.080172636,0.0705311,0.008807376,-0.11991471,0.031607434,-0.15710518,-0.039704137,0.08110897,-0.049807772,0.07550476,-0.08302166,-0.09196949,0.0933545,-0.047446296,0.058891203,-0.16432086,-0.28633755,0.120181814,-0.1879317,0.2591447,-0.17162232,0.123269424,0.02480758,0.031095631,-0.4779431,-0.7167364,0.26560593,-0.23465343,0.7712556,0.21906823,-1.633949,0.11188769,0.3052489,1.3574694,-0.041960895,0.04624799,-0.27407902,0.24046335,0.047410887,0.23924737,-0.14259237,-0.034698848,0.013576771,-0.13213463,-0.047587518,0.0012152119,0.13544042
-0.08101808,-1.5570858,-0.24689202,0.62287116,0.13542537,0.16517173,-0.6942362,0.1741962,0.035948623,0.1030423,-0.29449064,0.09666256,0.6421803,-0.25161842,-0.02572474,0.34145916,-0.20353046,0.017940141,0.07114604,-0.039168235,0.074410275,0.18046302,-0.0065386146,-0.28926957,0.052741997,-0.09065521,0.052330233,0.010348659,-0.120430246,0.029918687,-0.1585869,-0.038779113,0.087074876,-0.03844089,0.07589458,-0.08150067,-0.07611866,0.08050289,-0.044931244,0.0711273,-0.14644003,-0.29643404,0.12273715,-0.19025362,0.25717103,-0.16022028,0.1223759,0.02124765,0.046324667,-0.44079995,-0.7235614,0.26361492,-0.23739567,0.7588991,0.23682933,-1.5853645,0.09141183,0.30234984,1.3690779,-0.043484323,0.057106405,-0.27134457,0.23939486,0.04592589,0.23627247,-0.14946696,-0.0404898,0.012023932,-0.13255236,-0.04958031,0.0014872723,0.13851482
-0.08816227,-1.578025,-0.24781477,0.5901592,0.133151,0.16696,-0.6674597,0.17013073,0.04636737,0.09797748,-0.28358945,0.10435776,0.85856533,-0.24267732,-0.05560854,0.3517191,-0.19448283,0.022489745,0.07214794,-0.04096946,0.07101691,0.17544606,-0.0071980786,-0.27956963,0.02835528,-0.099872984,0.0191156,0.010835233,-0.11808219,0.028279664,-0.15729769,-0.040064916,0.09281531,-0.031012239,0.074546486,-0.07335913,-0.06965755,0.06956938,-0.043627776,0.085487545,-0.12824002,-0.31441242,0.1213015,-0.18305273,0.26402652,-0.14404593,0.12044213,0.013567597,0.06798761,-0.3913634,-0.73573595,0.2530074,-0.22022119,0.7438374,0.25795516,-1.4975201,0.068152204,0.29400554,1.3762783,-0.05031059,0.08252078,-0.26015237,0.23624587,0.04908086,0.2303161,-0.16093606,-0.04492172,0.010359443,-0.13377255,-0.051551715,0.0011596299,0.1426015
-0.09823741,-1.6073341,-0.25056538,0.53123885,0.12581295,0.16066277,-0.6674728,0.1731259,0.052806906,0.10905214,-0.26953608,0.10741978,1.0997239,-0.233367,-0.08763018,0.4676911,-0.18022634,0.038703192,0.06761894,-0.04080928,0.06980343,0.1583875,-0.0005938165,-0.25884065,-0.03067785,-0.11135937,-0.027237445,0.011481471,-0.11308645,0.028340884,-0.15296581,-0.04257406,0.09653961,-0.026213832,0.07055665,-0.061476476,-0.0744316,0.06288981,-0.040102903,0.09752318,-0.11485314,-0.33539903,0.11210492,-0.16146736,0.280824,-0.1253811,0.11545941,0.0018769802,0.092181556,-0.3362262,-0.7498079,0.23350407,-0.17772344,0.72893846,0.27729967,-1.3726614,0.044463232,0.28150576,1.385757,-0.06552948,0.12221651,-0.23981598,0.23025925,0.05470097,0.22274001,-0.17551155,-0.04615705,0.008672462,-0.13478167,-0.05145571,0.0005857405,0.1463821
-0.111019686,-1.6427925,-0.25506976,0.4334415,0.108852684,0.14691319,-0.66767186,0.17848136,0.06385568,0.1360046,-0.24783003,0.1037007,1.3798223,-0.22634755,-0.12001526,0.62127453,-0.15942942,0.058984127,0.058022186,-0.038151197,0.06998191,0.14075895,0.011098553,-0.23491487,-0.11417545,-0.12720622,-0.08300394,0.012259939,-0.1053816,0.030699713,-0.15150258,-0.042180043,0.09767299,-0.02291054,0.062400594,-0.04815672,-0.09080785,0.0603963,-0.0332449,0.101960525,-0.109004706,-0.35763124,0.092828035,-0.12202681,0.30747256,-0.10405549,0.10692892,-0.009652318,0.11383157,-0.28224057,-0.76518977,0.20330358,-0.11160539,0.71807736,0.2865972,-1.204912,0.023163235,0.26039582,1.3846235,-0.09028756,0.17341585,-0.20980841,0.22283061,0.062618434,0.211191,-0.1912566,-0.04453719,0.0060372683,-0.13537273,-0.048580334,0.00072085275,0.1495459
-0.12562011,-1.6900501,-0.26085907,0.2506759,0.07734338,0.122306414,-0.6106786,0.1649533,0.08681878,0.17490096,-0.19976261,0.08697904,1.5778393,-0.1864983,-0.12601739,0.76579386,-0.111458026,0.07659364,0.041788783,-0.03942861,0.06969718,0.11472321,0.040467165,-0.20416771,-0.22602025,-0.14574875,-0.13338284,0.01810045,-0.0906648,0.034530435,-0.15328483,-0.047791105,0.09990099,-0.016137986,0.04300305,-0.03636571,-0.114577614,0.06124262,-0.021754615,0.09742985,-0.106566116,-0.37513927,0.06828206,-0.07551634,0.33624277,-0.08807604,0.0907175,-0.01703161,0.13107939,-0.2330176,-0.7825821,0.17384027,-0.034347992,0.725292,0.28948957,-1.0204234,0.0056041027,0.24077435,1.3517337,-0.11235439,0.22264211,-0.17737259,0.2083561,0.070981905,0.19834673,-0.20402382,-0.042498596,0.0036103884,-0.13432857,-0.044127174,-0.0007168489,0.14874
-0.14128134,-1.7405769,-0.2644542,0.030225407,0.03994062,0.09793493,-0.4890754,0.13487284,0.10716082,0.20990841,-0.13626224,0.064030066,1.6567768,-0.122289136,-0.11753647,0.83895266,-0.044619814,0.08399107,0.02550137,-0.042677425,0.06508442,0.07117912,0.074661404,-0.17069142,-0.31216136,-0.15737207,-0.1549049,0.029571012,-0.07015457,0.037124444,-0.14960144,-0.054644298,0.10206461,-0.021608919,0.02589355,-0.029713558,-0.13186446,0.050216448,-0.006125972,0.090034835,-0.09830507,-0.38228515,0.045431025,-0.030840965,0.3512368,-0.08086361,0.06715316,-0.016452614,0.14790517,-0.18833615,-0.8033609,0.14609967,0.04625415,0.74512833,0.29494286,-0.89253163,-0.0047490317,0.22986847,1.3184954,-0.12482328,0.25322992,-0.1528712,0.18951994,0.08020839,0.188486,-0.20933364,-0.045139987,0.003166496,-0.13703501,-0.04333744,-0.004103291,0.14940542
-0.1553672,-1.78839,-0.26220682,-0.17624626,0.0032232702,0.079346694,-0.32676876,0.09406859,0.115325496,0.23116033,-0.06793405,0.04307449,1.6313002,-0.050950773,-0.10202714,0.8244013,0.026043523,0.07757748,0.013104999,-0.044257715,0.055821743,0.022378169,0.103491105,-0.14279011,-0.34352073,-0.15531367,-0.14277828,0.042791672,-0.04574483,0.03584606,-0.14340024,-0.06159726,0.10437754,-0.04067763,0.013895813,-0.027611645,-0.13673174,0.030264065,0.008215455,0.08435259,-0.0825301,-0.37696508,0.027194109,0.009683321,0.34893793,-0.082770854,0.04213017,-0.013087629,0.16385324,-0.14619939,-0.8224926,0.12142992,0.12697293,0.76759183,0.30164102,-0.84339595,-0.009733913,0.22600394,1.2968303,-0.12815543,0.25771523,-0.14303495,0.16996498,0.08943268,0.18321785,-0.20736924,-0.05139969,0.0038386337,-0.14183658,-0.045985628,-0.0077738934,0.15151297
-0.16600892,-1.8279109,-0.25266835,-0.35892227,-0.03137226,0.06952319,-0.1493967,0.05051242,0.10626324,0.23644608,-0.00054586766,0.028441815,1.5900171,0.01764106,-0.09431453,0.73756,0.090233445,0.060350608,0.0059125926,-0.043361623,0.042399447,-0.020326208,0.1177251,-0.12304629,-0.32240954,-0.14105695,-0.10597545,0.05310607,-0.019122407,0.031022144,-0.13360201,-0.06772119,0.10912133,-0.06799388,0.00823282,-0.026965594,-0.12835982,0.0016990291,0.017414607,0.0851267,-0.057045892,-0.3633719,0.015032121,0.044054404,0.3333382,-0.090702385,0.017739793,-0.009368521,0.18088347,-0.10325157,-0.837228,0.09883398,0.20424879,0.78308916,0.3102687,-0.8761878,-0.0102497395,0.22488178,1.3004982,-0.12800314,0.23724292,-0.15017478,0.1548109,0.098058246,0.18182035,-0.20485593,-0.05920993,0.0053519835,-0.14756489,-0.050900526,-0.011216214,0.15543264
-0.17333768,-1.8555182,-0.23771682,-0.50994104,-0.06209556,0.0664117,0.015208236,0.012569736,0.07966138,0.2324252,0.06023672,0.02271295,1.5897229,0.07202135,-0.10310382,0.6122745,0.1377305,0.04083215,0.0036169202,-0.037853524,0.027667254,-0.0504883,0.11491829,-0.11141029,-0.2638224,-0.11931439,-0.05654451,0.056636132,0.00746651,0.02461177,-0.121639736,-0.073097885,0.11377137,-0.09737777,0.009122824,-0.028607799,-0.11433808,-0.027439242,0.021163635,0.09302506,-0.022770345,-0.34553453,0.008204481,0.07625811,0.31419894,-0.10366351,-0.0028420964,-0.010597743,0.19955334,-0.05264324,-0.8451286,0.07820858,0.2813764,0.78766304,0.31882873,-0.9707472,-0.0060997377,0.22390266,1.3466666,-0.13102041,0.20112912,-0.17122644,0.14669652,0.102629796,0.18565924,-0.20532171,-0.06525961,0.007405161,-0.15178928,-0.055682346,-0.014101861,0.1597198
-0.17729943,-1.8699297,-0.22049724,-0.5820475,-0.07839203,0.06400638,0.12572408,-0.008008169,0.043494035,0.22180533,0.09901256,0.023240108,1.6140147,0.09136366,-0.12765743,0.5141302,0.15478924,0.026579998,0.007563961,-0.026406933,0.015767284,-0.061486267,0.10083064,-0.10842364,-0.17026256,-0.09876769,-0.003262853,0.050041802,0.026859468,0.017659387,-0.113465615,-0.07202942,0.113350496,-0.122298494,0.014864647,-0.034272224,-0.103955224,-0.04741333,0.019295245,0.103581116,0.008325349,-0.3314799,0.007196267,0.10003451,0.30464384,-0.11731408,-0.014653809,-0.013649631,0.21051292,-0.009135559,-0.84558374,0.0642451,0.3402663,0.7900224,0.31437886,-1.0728092,0.0044319476,0.21526672,1.4060996,-0.14027259,0.1649276,-0.19519648,0.14614329,0.10233232,0.19075572,-0.20649773,-0.06571013,0.008669811,-0.15218054,-0.055770103,-0.014416017,0.16253658
-0.17747727,-1.8837316,-0.20449439,-0.64819574,-0.09266111,0.05318201,0.2315241,-0.0313582,0.009868855,0.20813887,0.13936232,0.021712665,1.5725998,0.115359865,-0.13600835,0.4406469,0.1698707,0.019200124,0.0129502285,-0.017748304,0.0072295405,-0.05986492,0.092575565,-0.10552028,-0.091706775,-0.081343465,0.04946177,0.040876705,0.044755522,0.011923801,-0.109630525,-0.07593681,0.11223971,-0.1323099,0.013420336,-0.04238844,-0.096646614,-0.054611146,0.016121956,0.11546262,0.041523673,-0.3199413,0.011090785,0.11106989,0.30378738,-0.13104154,-0.02375148,-0.018643292,0.2189064,0.03616129,-0.84186417,0.061280742,0.3825134,0.7979149,0.30730984,-1.1538337,0.014655947,0.20821337,1.451764,-0.14550047,0.13164584,-0.21912374,0.14615224,0.09654812,0.19738919,-0.21005799,-0.061169434,0.009303438,-0.14740205,-0.051415943,-0.015126444,0.15924865
-0.1741952,-1.899852,-0.18971959,-0.6629796,-0.1003443,0.035264798,0.3329619,-0.0546141,-0.027896078,0.17996371,0.171236,0.018430859,1.3963664,0.13398708,-0.1248394,0.366777,0.18036982,0.015799437,0.023080477,-0.01191821,0.001635886,-0.04467203,0.08812978,-0.10644871,-0.009489197,-0.06199948,0.10983958,0.0338861,0.058458053,0.007169698,-0.1072856,-0.08165707,0.110087365,-0.138848,0.013514257,-0.052895177,-0.08167222,-0.0556683,0.016172249,0.13161315,0.08126409,-0.30610847,0.019729752,0.1064092,0.30202755,-0.14142068,-0.032295562,-0.024046969,0.23282333,0.086709425,-0.83830625,0.06382223,0.41237438,0.8061665,0.3110864,-1.2258666,0.016789258,0.20929882,1.4993671,-0.1396825,0.10118108,-0.24089372,0.14352302,0.08669435,0.20818399,-0.2120021,-0.05582402,0.010017947,-0.14306206,-0.046662398,-0.016705126,0.15343562
-0.16751836,-1.9228816,-0.17720568,-0.60972416,-0.10064095,0.0086736195,0.43778837,-0.079383016,-0.07095635,0.13083795,0.19217159,0.011681688,1.0219696,0.14768553,-0.08509876,0.2799411,0.18971838,0.015454182,0.039117116,-0.010745847,-0.0008360245,-0.015671501,0.09006643,-0.11197686,0.07669896,-0.03845457,0.18115033,0.033573225,0.066951536,0.0037585266,-0.10522315,-0.08928905,0.10735622,-0.1464492,0.018039118,-0.06543257,-0.05246322,-0.05324007,0.023309067,0.15342748,0.13083933,-0.28712687,0.032707136,0.08301529,0.2938969,-0.14556319,-0.042606197,-0.028891137,0.25824383,0.14608476,-0.83836895,0.069310345,0.43217406,0.8132392,0.33613855,-1.2860827,0.004128313,0.22427067,1.5518028,-0.11632249,0.07538354,-0.25765225,0.1347732,0.07341601,0.22465286,-0.21017174,-0.052208345,0.011188674,-0.14233351,-0.043856718,-0.019964889,0.14625898
